project_id,mp_name,state,constituency,work_category,implementing_agency,cost_estimate,sanctioned_amount,actual_expenditure,payment_count,start_date,expected_completion,actual_completion,status,has_tender_on_file,has_mp_recommendation,is_anomaly,anomaly_type,cost_deviation_ratio,expenditure_utilization,delay_days,district_cost_zscore
MPLADS-00001,AASHTIKAR PATIL NAGESH BAPURAO,Maharashtra,HINGOLI,Other Public Facilities,Zila Parishad,611000,658000,543900,2,16-10-2024,19-01-2025,17-03-2025,Completed,TRUE,TRUE,FALSE,,1.08,0.83,57,0.2
MPLADS-00002,AASHTIKAR PATIL NAGESH BAPURAO,Maharashtra,HINGOLI,"Railways, Roads, Pathways & Bridges",Gram Panchayat,498000,514000,301400,1,15-04-2023,09-11-2023,,In Progress,TRUE,TRUE,FALSE,,1.03,0.59,570,-0.67
MPLADS-00003,AASHTIKAR PATIL NAGESH BAPURAO,Maharashtra,HINGOLI,Other Public Facilities,District PWD,435000,423000,346200,2,02-02-2023,11-08-2023,27-08-2023,Completed,TRUE,TRUE,FALSE,,0.97,0.82,16,-0.79
MPLADS-00004,AASHTIKAR PATIL NAGESH BAPURAO,Maharashtra,HINGOLI,Other Public Facilities,Zila Parishad,399000,420000,369600,4,28-07-2024,11-12-2024,27-11-2024,Completed,TRUE,TRUE,FALSE,,1.05,0.88,-14,-0.8
MPLADS-00005,AASHTIKAR PATIL NAGESH BAPURAO,Maharashtra,HINGOLI,Others,Zila Parishad,690000,674000,279500,0,04-04-2024,29-07-2024,,In Progress,TRUE,FALSE,FALSE,,0.98,0.41,307,0.46
MPLADS-00006,AASHTIKAR PATIL NAGESH BAPURAO,Maharashtra,HINGOLI,Drinking Water Facility,Municipal Corporation,395000,445000,419500,2,15-12-2024,25-05-2025,27-06-2025,Completed,TRUE,TRUE,FALSE,,1.13,0.94,33,-0.73
MPLADS-00007,ABDUL RASHID SHEIKH,Jammu And Kashmir,BARAMULLAH,"Railways, Roads, Pathways & Bridges",State Rural Dev Agency,1011000,992000,820400,2,15-04-2023,28-10-2023,29-10-2023,Completed,TRUE,TRUE,FALSE,,0.98,0.83,1,-0.75
MPLADS-00008,ABDUL RASHID SHEIKH,Jammu And Kashmir,BARAMULLAH,Sanitation & Public Health,Gram Panchayat,1103000,1214000,0,0,28-09-2023,16-01-2024,,Not Started,TRUE,TRUE,FALSE,,1.1,0,502,0.71
MPLADS-00009,ABDUL RASHID SHEIKH,Jammu And Kashmir,BARAMULLAH,Other Public Facilities,Municipal Corporation,1159000,1045000,737300,2,22-03-2023,30-01-2024,,In Progress,TRUE,TRUE,FALSE,,0.9,0.71,488,-0.61
MPLADS-00010,ABDUL RASHID SHEIKH,Jammu And Kashmir,BARAMULLAH,Other Public Facilities,Municipal Corporation,1713000,1573000,1363100,2,14-08-2024,18-02-2025,08-02-2025,Completed,TRUE,TRUE,FALSE,,0.92,0.87,-10,-0.31
MPLADS-00011,ABDUL RASHID SHEIKH,Jammu And Kashmir,BARAMULLAH,"Railways, Roads, Pathways & Bridges",Gram Panchayat,1268000,1244000,0,0,23-03-2023,07-01-2024,,Not Started,TRUE,TRUE,FALSE,,0.98,0,511,-0.34
MPLADS-00012,ABDUL RASHID SHEIKH,Jammu And Kashmir,BARAMULLAH,Others,Cooperative Society,1424000,1324000,0,0,12-10-2024,25-07-2025,,Not Started,TRUE,TRUE,FALSE,,0.93,0,0,-0.61
MPLADS-00013,ABDUL RASHID SHEIKH,Jammu And Kashmir,BARAMULLAH,Other Public Facilities,Cooperative Society,1713000,6644000,5941900,2,01-10-2023,21-05-2024,,In Progress,TRUE,TRUE,TRUE,cost_overrun,3.88,0.89,376,2.61
MPLADS-00014,ABDUL RASHID SHEIKH,Jammu And Kashmir,BARAMULLAH,"Railways, Roads, Pathways & Bridges",Municipal Corporation,1071000,972000,545000,2,25-06-2023,16-03-2024,,In Progress,TRUE,TRUE,FALSE,,0.91,0.56,442,-0.78
MPLADS-00015,ABDUL RASHID SHEIKH,Jammu And Kashmir,BARAMULLAH,"Railways, Roads, Pathways & Bridges",District PWD,1364000,1485000,369500,0,17-10-2024,18-03-2025,,In Progress,TRUE,TRUE,FALSE,,1.09,0.25,75,0.05
MPLADS-00016,ABHAY KUMAR SINHA,Bihar,AURANGABAD_BR,Other Public Facilities,District PWD,790000,774000,0,0,23-08-2023,21-12-2023,,Not Started,TRUE,TRUE,FALSE,,0.98,0,528,0.52
MPLADS-00017,ABHAY KUMAR SINHA,Bihar,AURANGABAD_BR,Education,Zila Parishad,758000,845000,42200,0,05-08-2023,04-11-2023,,Stalled,TRUE,TRUE,FALSE,,1.11,0.05,575,1.49
MPLADS-00018,ABHAY KUMAR SINHA,Bihar,AURANGABAD_BR,"Railways, Roads, Pathways & Bridges",Zila Parishad,557000,633000,394200,2,02-11-2024,29-04-2025,,In Progress,TRUE,TRUE,FALSE,,1.14,0.62,33,-0.13
MPLADS-00019,ABHAY KUMAR SINHA,Bihar,AURANGABAD_BR,Other Public Facilities,Cooperative Society,568000,649000,489400,2,29-09-2023,17-09-2024,17-09-2024,Completed,TRUE,TRUE,FALSE,,1.14,0.75,0,-0.09
MPLADS-00020,ABHAY KUMAR SINHA,Bihar,AURANGABAD_BR,"Railways, Roads, Pathways & Bridges",Zila Parishad,671000,688000,583900,4,21-08-2024,03-12-2024,05-12-2024,Completed,TRUE,TRUE,FALSE,,1.03,0.85,2,0.05
MPLADS-00021,ABHAY KUMAR SINHA,Bihar,AURANGABAD_BR,"Railways, Roads, Pathways & Bridges",Zila Parishad,477000,488000,334800,2,05-06-2024,01-06-2025,,In Progress,TRUE,TRUE,FALSE,,1.02,0.69,0,-0.61
MPLADS-00022,ABHAY KUMAR SINHA,Bihar,AURANGABAD_BR,"Railways, Roads, Pathways & Bridges",Gram Panchayat,720000,714000,565900,2,04-10-2024,24-06-2025,24-07-2025,Completed,TRUE,TRUE,FALSE,,0.99,0.79,30,0.14
MPLADS-00023,ABHAY KUMAR SINHA,Bihar,AURANGABAD_BR,"Railways, Roads, Pathways & Bridges",State Rural Dev Agency,765000,750000,439500,2,26-01-2024,15-06-2024,,In Progress,TRUE,TRUE,FALSE,,0.98,0.59,351,0.26
MPLADS-00024,ABHAY KUMAR SINHA,Bihar,AURANGABAD_BR,"Railways, Roads, Pathways & Bridges",Municipal Corporation,630000,603000,298800,1,12-01-2023,06-10-2023,,In Progress,TRUE,TRUE,FALSE,,0.96,0.5,604,-0.23
MPLADS-00025,ABHIJIT GANGOPADHYAY,West Bengal,TAMLUK,Others,District PWD,814000,785000,720800,2,18-10-2024,16-07-2025,30-08-2025,Completed,TRUE,TRUE,FALSE,,0.96,0.92,45,0.94
MPLADS-00026,ABHIJIT GANGOPADHYAY,West Bengal,TAMLUK,"Railways, Roads, Pathways & Bridges",District PWD,823000,926000,509300,1,27-09-2023,17-06-2024,,Stalled,TRUE,TRUE,TRUE,duplicate_work,1.13,0.55,349,0.91
MPLADS-00027,ABHIJIT GANGOPADHYAY,West Bengal,TAMLUK,Education,Zila Parishad,748000,841000,686300,2,02-10-2024,31-08-2025,12-10-2025,Completed,TRUE,TRUE,FALSE,,1.12,0.82,42,1.12
MPLADS-00028,ABHIJIT GANGOPADHYAY,West Bengal,TAMLUK,Others,State Rural Dev Agency,697000,629000,0,0,18-01-2024,14-05-2024,,Not Started,TRUE,TRUE,FALSE,,0.9,0,383,-0.23
MPLADS-00029,ABHIJIT GANGOPADHYAY,West Bengal,TAMLUK,"Railways, Roads, Pathways & Bridges",Municipal Corporation,503000,522000,332400,2,01-01-2023,08-10-2023,,In Progress,TRUE,TRUE,FALSE,,1.04,0.64,602,-0.61
MPLADS-00030,Abu Taher Khan,West Bengal,MURSHIDABAD,"Railways, Roads, Pathways & Bridges",District PWD,593000,573000,512200,3,11-11-2023,16-04-2024,12-06-2024,Completed,TRUE,TRUE,FALSE,,0.97,0.89,57,-0.42
MPLADS-00031,Abu Taher Khan,West Bengal,MURSHIDABAD,Other Public Facilities,State Rural Dev Agency,652000,681000,385500,1,29-03-2023,09-11-2023,,In Progress,TRUE,TRUE,FALSE,,1.04,0.57,570,0.08
MPLADS-00032,Abu Taher Khan,West Bengal,MURSHIDABAD,Other Public Facilities,Municipal Corporation,555000,503000,421900,1,09-05-2023,31-01-2024,26-01-2024,Completed,TRUE,TRUE,FALSE,,0.91,0.84,-5,-0.62
MPLADS-00033,Abu Taher Khan,West Bengal,MURSHIDABAD,Others,State Rural Dev Agency,619000,707000,0,0,24-06-2024,13-06-2025,,Not Started,TRUE,TRUE,FALSE,,1.14,0,0,0.36
MPLADS-00034,Abu Taher Khan,West Bengal,MURSHIDABAD,"Railways, Roads, Pathways & Bridges",Cooperative Society,601000,669000,592500,3,07-12-2024,02-06-2025,27-05-2025,Completed,TRUE,TRUE,FALSE,,1.11,0.89,-6,-0.06
MPLADS-00035,Abu Taher Khan,West Bengal,MURSHIDABAD,Others,Zila Parishad,735000,766000,691600,3,18-01-2024,13-05-2024,11-06-2024,Completed,TRUE,TRUE,FALSE,,1.04,0.9,29,0.8
MPLADS-00036,Abu Taher Khan,West Bengal,MURSHIDABAD,Other Public Facilities,Zila Parishad,738000,731000,224100,3,07-03-2023,20-07-2022,07-10-2023,Stalled,TRUE,TRUE,TRUE,delayed_stalled,0.99,0.31,444,0.27
MPLADS-00037,Abu Taher Khan,West Bengal,MURSHIDABAD,Other Public Facilities,District PWD,830000,853000,781800,4,08-01-2023,23-08-2023,05-10-2023,Completed,TRUE,TRUE,FALSE,,1.03,0.92,43,0.75
MPLADS-00038,ADHIKARI SOUMENDU,West Bengal,KANTHI,Drinking Water Facility,Zila Parishad,669000,650000,584600,1,05-12-2023,13-08-2024,27-07-2024,Completed,TRUE,FALSE,TRUE,no_mp_recommendation,0.97,0.9,-17,-0.17
MPLADS-00039,ADHIKARI SOUMENDU,West Bengal,KANTHI,Other Public Facilities,Gram Panchayat,590000,550000,510500,4,06-07-2024,24-02-2025,06-04-2025,Not Started,TRUE,TRUE,TRUE,ghost_project,0.93,0.93,41,-0.43
MPLADS-00040,ADHIKARI SOUMENDU,West Bengal,KANTHI,"Railways, Roads, Pathways & Bridges",District PWD,664000,687000,0,0,06-09-2023,28-05-2024,,Not Started,TRUE,TRUE,FALSE,,1.03,0,369,0.01
MPLADS-00041,ADHIKARI SOUMENDU,West Bengal,KANTHI,Others,Cooperative Society,658000,645000,507300,2,05-11-2024,09-09-2025,10-09-2025,Completed,TRUE,TRUE,FALSE,,0.98,0.79,1,-0.11
MPLADS-00042,ADHIKARI SOUMENDU,West Bengal,KANTHI,"Railways, Roads, Pathways & Bridges",Gram Panchayat,445000,508000,247000,1,25-02-2023,10-01-2024,,In Progress,TRUE,TRUE,FALSE,,1.14,0.49,508,-0.66
MPLADS-00043,ADITYA YADAV,Uttar Pradesh,BADAUN,Other Public Facilities,State Rural Dev Agency,372000,374000,0,0,14-12-2023,20-05-2024,,Not Started,TRUE,TRUE,FALSE,,1.01,0,377,-0.07
MPLADS-00044,ADITYA YADAV,Uttar Pradesh,BADAUN,Other Public Facilities,District PWD,234000,217000,202500,4,04-04-2024,15-07-2024,29-06-2024,Completed,TRUE,TRUE,FALSE,,0.93,0.93,-16,-0.97
MPLADS-00045,ADITYA YADAV,Uttar Pradesh,BADAUN,Other Public Facilities,Cooperative Society,341000,1121000,1086400,0,29-03-2024,09-11-2024,,Not Started,TRUE,TRUE,TRUE,cost_overrun,3.29,0.97,204,4.23
MPLADS-00046,ADITYA YADAV,Uttar Pradesh,BADAUN,"Railways, Roads, Pathways & Bridges",Zila Parishad,331000,331000,0,0,07-07-2024,23-03-2025,,Not Started,TRUE,TRUE,FALSE,,1,0,70,-0.26
MPLADS-00047,ADITYA YADAV,Uttar Pradesh,BADAUN,"Railways, Roads, Pathways & Bridges",District PWD,318000,336000,269100,1,20-06-2023,03-02-2024,22-03-2024,Completed,TRUE,TRUE,FALSE,,1.06,0.8,48,-0.22
MPLADS-00048,ADITYA YADAV,Uttar Pradesh,BADAUN,Other Public Facilities,Gram Panchayat,237000,248000,216500,2,18-06-2023,31-05-2024,26-06-2024,Completed,TRUE,TRUE,FALSE,,1.05,0.87,26,-0.79
MPLADS-00049,ADITYA YADAV,Uttar Pradesh,BADAUN,Other Public Facilities,State Rural Dev Agency,337000,349000,301600,1,20-10-2023,02-10-2024,12-10-2024,Completed,TRUE,TRUE,FALSE,,1.04,0.86,10,-0.21
MPLADS-00050,Adv Adoor Prakash,Kerala,ATTINGAL,"Railways, Roads, Pathways & Bridges",District PWD,812000,858000,481000,2,08-11-2024,05-10-2025,,In Progress,TRUE,TRUE,FALSE,,1.06,0.56,0,0.72
MPLADS-00051,Adv Adoor Prakash,Kerala,ATTINGAL,Other Public Facilities,District PWD,614000,580000,223800,1,16-08-2024,08-06-2025,,In Progress,TRUE,TRUE,FALSE,,0.94,0.39,0,-0.5
MPLADS-00052,Adv Adoor Prakash,Kerala,ATTINGAL,Education,District PWD,924000,1030000,485000,2,21-08-2024,16-03-2025,,In Progress,TRUE,TRUE,FALSE,,1.11,0.47,77,1.37
MPLADS-00053,Adv Adoor Prakash,Kerala,ATTINGAL,Other Public Facilities,Cooperative Society,528000,594000,525200,2,04-06-2024,18-01-2025,05-03-2025,Completed,TRUE,TRUE,FALSE,,1.12,0.88,46,-0.47
MPLADS-00054,Adv Dean Kuriakose,Kerala,IDUKKI,Education,State Rural Dev Agency,933000,1061000,885400,2,29-08-2023,02-05-2024,01-06-2024,Completed,TRUE,TRUE,FALSE,,1.14,0.83,30,1.56
MPLADS-00055,Adv Dean Kuriakose,Kerala,IDUKKI,"Railways, Roads, Pathways & Bridges",State Rural Dev Agency,636000,679000,553400,2,31-08-2024,23-06-2025,05-08-2025,Completed,TRUE,TRUE,FALSE,,1.07,0.82,43,-0.43
MPLADS-00056,ADV GOWAAL KAGADA PADAVI,Maharashtra,NANDURBAR(ST),Other Public Facilities,Municipal Corporation,618000,572000,485900,1,19-06-2024,10-10-2024,15-11-2024,Completed,TRUE,TRUE,FALSE,,0.93,0.85,36,-0.16
MPLADS-00057,ADV GOWAAL KAGADA PADAVI,Maharashtra,NANDURBAR(ST),Other Public Facilities,Gram Panchayat,651000,599000,465800,3,02-09-2023,24-12-2023,20-02-2024,Completed,TRUE,TRUE,FALSE,,0.92,0.78,58,-0.05
MPLADS-00058,ADV GOWAAL KAGADA PADAVI,Maharashtra,NANDURBAR(ST),Others,State Rural Dev Agency,758000,825000,92200,0,20-11-2023,31-05-2024,,Stalled,TRUE,FALSE,FALSE,,1.09,0.11,366,1.3
MPLADS-00059,ADV GOWAAL KAGADA PADAVI,Maharashtra,NANDURBAR(ST),Other Public Facilities,Municipal Corporation,595000,599000,150100,0,30-07-2024,04-07-2025,,Stalled,TRUE,TRUE,FALSE,,1.01,0.25,0,-0.05
MPLADS-00060,ADV K FRANCIS GEORGE,Kerala,KOTTAYAM,Other Public Facilities,Municipal Corporation,836000,3257000,2949400,0,16-05-2023,04-05-2024,,Stalled,TRUE,TRUE,TRUE,cost_overrun,3.9,0.91,393,5.1
MPLADS-00061,ADV K FRANCIS GEORGE,Kerala,KOTTAYAM,"Railways, Roads, Pathways & Bridges",State Rural Dev Agency,894000,855000,729700,4,19-10-2023,07-10-2024,18-09-2024,Completed,TRUE,FALSE,TRUE,no_mp_recommendation,0.96,0.85,-19,0.7
MPLADS-00062,ADV K FRANCIS GEORGE,Kerala,KOTTAYAM,"Railways, Roads, Pathways & Bridges",Cooperative Society,744000,850000,681300,3,31-10-2024,21-06-2025,,In Progress,TRUE,TRUE,FALSE,,1.14,0.8,0,0.67
MPLADS-00063,AFZAL ANSARI,Uttar Pradesh,GHAZIPUR,Others,District PWD,437000,443000,91300,0,17-04-2023,02-01-2024,,Stalled,TRUE,TRUE,FALSE,,1.01,0.21,516,1.08
MPLADS-00064,AFZAL ANSARI,Uttar Pradesh,GHAZIPUR,Education,Municipal Corporation,366000,337000,276400,3,20-07-2024,12-07-2025,08-09-2025,Completed,TRUE,TRUE,FALSE,,0.92,0.82,58,-0.28
MPLADS-00065,AFZAL ANSARI,Uttar Pradesh,GHAZIPUR,Sanitation & Public Health,Municipal Corporation,303000,334000,230900,2,28-07-2023,01-05-2024,,In Progress,TRUE,TRUE,FALSE,,1.1,0.69,396,-0.4
MPLADS-00066,AFZAL ANSARI,Uttar Pradesh,GHAZIPUR,Others,District PWD,431000,393000,363100,4,22-02-2023,30-05-2023,09-06-2023,Completed,TRUE,TRUE,FALSE,,0.91,0.92,10,0.44
MPLADS-00067,AFZAL ANSARI,Uttar Pradesh,GHAZIPUR,Others,Cooperative Society,266000,279000,0,0,08-12-2023,19-06-2024,,Not Started,TRUE,TRUE,FALSE,,1.05,0,347,-1.01
MPLADS-00068,AFZAL ANSARI,Uttar Pradesh,GHAZIPUR,Other Public Facilities,District PWD,425000,432000,243500,2,28-03-2024,18-10-2024,,In Progress,TRUE,FALSE,FALSE,,1.02,0.56,226,0.26
MPLADS-00069,AGA SYED RUHULLAH MEHDI,Jammu And Kashmir,SRINAGAR,"Railways, Roads, Pathways & Bridges",State Rural Dev Agency,1617000,1705000,456800,0,08-12-2024,14-06-2025,,Stalled,TRUE,TRUE,FALSE,,1.05,0.27,0,0.4
MPLADS-00070,AGA SYED RUHULLAH MEHDI,Jammu And Kashmir,SRINAGAR,Other Public Facilities,District PWD,1470000,1607000,1531500,4,19-07-2024,09-03-2025,26-04-2025,Completed,TRUE,TRUE,FALSE,,1.09,0.95,48,-0.29
MPLADS-00071,AGA SYED RUHULLAH MEHDI,Jammu And Kashmir,SRINAGAR,Education,State Rural Dev Agency,1097000,995000,933100,3,02-01-2024,25-10-2024,23-11-2024,Completed,TRUE,FALSE,TRUE,no_mp_recommendation,0.91,0.94,29,-1.1
MPLADS-00072,AGA SYED RUHULLAH MEHDI,Jammu And Kashmir,SRINAGAR,"Railways, Roads, Pathways & Bridges",Zila Parishad,1099000,993000,99700,0,21-02-2024,25-08-2024,,Stalled,TRUE,TRUE,FALSE,,0.9,0.1,280,-0.75
MPLADS-00073,AGA SYED RUHULLAH MEHDI,Jammu And Kashmir,SRINAGAR,Others,District PWD,1304000,1341000,560400,1,16-06-2023,16-04-2024,,Stalled,TRUE,TRUE,FALSE,,1.03,0.42,411,-0.53
MPLADS-00074,AGA SYED RUHULLAH MEHDI,Jammu And Kashmir,SRINAGAR,Other Public Facilities,Cooperative Society,1801000,2048000,1115600,1,03-07-2023,10-11-2023,,In Progress,TRUE,TRUE,FALSE,,1.14,0.54,569,-0.03
MPLADS-00075,AGA SYED RUHULLAH MEHDI,Jammu And Kashmir,SRINAGAR,Drinking Water Facility,District PWD,1915000,1959000,1743200,2,12-09-2023,10-03-2024,09-04-2024,Completed,TRUE,TRUE,FALSE,,1.02,0.89,30,0.77
MPLADS-00076,AGA SYED RUHULLAH MEHDI,Jammu And Kashmir,SRINAGAR,"Railways, Roads, Pathways & Bridges",Municipal Corporation,1092000,1018000,809200,2,26-04-2024,04-09-2024,27-08-2024,Completed,TRUE,TRUE,FALSE,,0.93,0.79,-8,-0.71
MPLADS-00077,AGA SYED RUHULLAH MEHDI,Jammu And Kashmir,SRINAGAR,Others,Municipal Corporation,1425000,1520000,1329100,1,22-08-2023,06-01-2024,02-01-2024,Completed,TRUE,TRUE,FALSE,,1.07,0.87,-4,0.33
MPLADS-00078,AGA SYED RUHULLAH MEHDI,Jammu And Kashmir,SRINAGAR,"Railways, Roads, Pathways & Bridges",Gram Panchayat,1236000,1167000,306700,0,13-03-2023,05-07-2023,,Stalled,TRUE,TRUE,FALSE,,0.94,0.26,697,-0.47
MPLADS-00079,AGA SYED RUHULLAH MEHDI,Jammu And Kashmir,SRINAGAR,Education,District PWD,1454000,1560000,265100,0,26-11-2024,06-03-2025,,Stalled,TRUE,TRUE,FALSE,,1.07,0.17,87,0.85
MPLADS-00080,Ajay Bhatt,Uttarakhand,NAINITAL UDHAM SINGH NAG.,Other Public Facilities,District PWD,325000,307000,297400,3,25-09-2023,19-02-2024,28-02-2024,Completed,TRUE,TRUE,FALSE,,0.94,0.97,9,-0.09
MPLADS-00081,Ajay Bhatt,Uttarakhand,NAINITAL UDHAM SINGH NAG.,Drinking Water Facility,State Rural Dev Agency,325000,295000,246200,3,02-09-2024,08-02-2025,17-03-2025,Completed,TRUE,TRUE,FALSE,,0.91,0.83,37,0.71
MPLADS-00082,Ajay Bhatt,Uttarakhand,NAINITAL UDHAM SINGH NAG.,Drinking Water Facility,District PWD,285000,264000,213700,2,07-06-2024,06-01-2025,28-01-2025,Completed,TRUE,TRUE,FALSE,,0.93,0.81,22,-0.71
MPLADS-00083,Ajay Bhatt,Uttarakhand,NAINITAL UDHAM SINGH NAG.,"Railways, Roads, Pathways & Bridges",Cooperative Society,246000,234000,188300,3,26-12-2024,24-06-2025,14-06-2025,Completed,TRUE,TRUE,FALSE,,0.95,0.8,-10,-1.32
MPLADS-00084,Ajay Bhatt,Uttarakhand,NAINITAL UDHAM SINGH NAG.,Other Public Facilities,Municipal Corporation,312000,342000,331300,4,17-11-2024,02-07-2025,19-06-2025,Completed,TRUE,TRUE,FALSE,,1.1,0.97,-13,0.67
MPLADS-00085,Ajay Kumar Mandal,Bihar,BHAGALPUR,Education,Municipal Corporation,828000,871000,784500,2,30-09-2024,04-03-2025,21-02-2025,Completed,TRUE,TRUE,FALSE,,1.05,0.9,-11,1.69
MPLADS-00086,Ajay Kumar Mandal,Bihar,BHAGALPUR,"Railways, Roads, Pathways & Bridges",Municipal Corporation,484000,458000,332000,3,03-06-2024,18-11-2024,12-11-2024,Completed,TRUE,TRUE,FALSE,,0.95,0.72,-6,-0.71
MPLADS-00087,Ajay Kumar Mandal,Bihar,BHAGALPUR,"Railways, Roads, Pathways & Bridges",Cooperative Society,583000,666000,588900,2,21-07-2024,14-06-2025,29-07-2025,Completed,TRUE,TRUE,FALSE,,1.14,0.88,45,-0.02
MPLADS-00088,Ajay Kumar Mandal,Bihar,BHAGALPUR,"Railways, Roads, Pathways & Bridges",District PWD,695000,787000,252300,1,28-06-2023,26-02-2024,,In Progress,TRUE,TRUE,FALSE,,1.13,0.32,461,0.38
MPLADS-00089,Ajay Kumar Mandal,Bihar,BHAGALPUR,"Railways, Roads, Pathways & Bridges",Cooperative Society,552000,556000,487700,2,08-11-2023,24-06-2024,24-06-2024,Completed,TRUE,TRUE,FALSE,,1.01,0.88,0,-0.38
MPLADS-00090,Ajay Tamta,Uttarakhand,ALMORA(SC),Education,Gram Panchayat,211000,193000,95300,1,26-11-2023,22-11-2024,,In Progress,TRUE,TRUE,FALSE,,0.91,0.49,191,-0.55
MPLADS-00091,Ajay Tamta,Uttarakhand,ALMORA(SC),Other Public Facilities,State Rural Dev Agency,327000,343000,88000,0,23-06-2023,28-01-2024,,In Progress,TRUE,TRUE,FALSE,,1.05,0.26,490,0.69
MPLADS-00092,Ajay Tamta,Uttarakhand,ALMORA(SC),Education,Municipal Corporation,359000,1360000,1287600,2,10-12-2023,29-11-2024,19-11-2024,Completed,TRUE,TRUE,TRUE,cost_overrun,3.79,0.95,-10,1.5
MPLADS-00093,Ajay Tamta,Uttarakhand,ALMORA(SC),"Railways, Roads, Pathways & Bridges",Gram Panchayat,324000,338000,0,0,19-08-2023,05-07-2024,,Not Started,TRUE,TRUE,FALSE,,1.04,0,331,0.44
MPLADS-00094,Ajay Tamta,Uttarakhand,ALMORA(SC),Other Public Facilities,Cooperative Society,223000,210000,0,0,17-09-2024,30-01-2025,,Not Started,TRUE,TRUE,FALSE,,0.94,0,122,-2.19
MPLADS-00095,Ajay Tamta,Uttarakhand,ALMORA(SC),Other Public Facilities,Zila Parishad,283000,280000,239300,3,12-08-2024,09-07-2025,20-07-2025,Completed,TRUE,TRUE,FALSE,,0.99,0.85,11,-0.67
MPLADS-00096,AJENDRA SINGH LODHI,Uttar Pradesh,HAMIRPUR_UP,Others,District PWD,320000,331000,148000,2,01-06-2023,05-05-2024,,In Progress,FALSE,TRUE,FALSE,,1.03,0.45,392,-0.35
MPLADS-00097,AJENDRA SINGH LODHI,Uttar Pradesh,HAMIRPUR_UP,Other Public Facilities,Gram Panchayat,308000,288000,248900,3,11-03-2024,13-01-2025,11-02-2025,Completed,TRUE,TRUE,FALSE,,0.94,0.86,29,-0.56
MPLADS-00098,AJENDRA SINGH LODHI,Uttar Pradesh,HAMIRPUR_UP,Others,Zila Parishad,413000,387000,272700,1,21-02-2023,15-08-2023,,In Progress,TRUE,TRUE,FALSE,,0.94,0.7,656,0.37
MPLADS-00099,AJENDRA SINGH LODHI,Uttar Pradesh,HAMIRPUR_UP,Other Public Facilities,Gram Panchayat,407000,456000,205900,2,20-04-2024,21-10-2024,,In Progress,TRUE,TRUE,FALSE,,1.12,0.45,223,0.4
MPLADS-00100,AJENDRA SINGH LODHI,Uttar Pradesh,HAMIRPUR_UP,"Railways, Roads, Pathways & Bridges",State Rural Dev Agency,427000,398000,0,0,19-09-2024,06-04-2025,,Not Started,TRUE,TRUE,FALSE,,0.93,0,56,0.27
MPLADS-00101,AJENDRA SINGH LODHI,Uttar Pradesh,HAMIRPUR_UP,"Railways, Roads, Pathways & Bridges",Municipal Corporation,284000,307000,0,0,01-04-2024,14-01-2025,,Not Started,TRUE,TRUE,FALSE,,1.08,0,138,-0.45
MPLADS-00102,AKHILESH YADAV,Uttar Pradesh,KANNAUJ,Drinking Water Facility,Gram Panchayat,450000,422000,0,0,11-09-2023,19-05-2024,,Not Started,TRUE,TRUE,FALSE,,0.94,0,378,0.28
MPLADS-00103,AKHILESH YADAV,Uttar Pradesh,KANNAUJ,Other Public Facilities,Zila Parishad,235000,263000,229900,3,03-10-2024,14-09-2025,09-10-2025,Completed,TRUE,TRUE,FALSE,,1.12,0.87,25,-0.71
MPLADS-00104,AKHILESH YADAV,Uttar Pradesh,KANNAUJ,"Railways, Roads, Pathways & Bridges",Zila Parishad,364000,383000,329800,4,06-10-2023,29-04-2024,06-06-2024,Completed,TRUE,TRUE,FALSE,,1.05,0.86,38,0.15
MPLADS-00105,AKHILESH YADAV,Uttar Pradesh,KANNAUJ,Others,Gram Panchayat,335000,311000,265200,3,25-08-2023,19-08-2024,05-10-2024,Completed,TRUE,TRUE,FALSE,,0.93,0.85,47,-0.6
MPLADS-00106,AKHILESH YADAV,Uttar Pradesh,KANNAUJ,Education,Gram Panchayat,244000,240000,217100,2,22-02-2024,28-12-2024,09-12-2024,Completed,TRUE,TRUE,FALSE,,0.98,0.9,-19,-0.76
MPLADS-00107,AKHILESH YADAV,Uttar Pradesh,KANNAUJ,Education,State Rural Dev Agency,355000,401000,167200,1,03-02-2024,06-08-2024,,Stalled,TRUE,TRUE,FALSE,,1.13,0.42,299,0.03
MPLADS-00108,AKHILESH YADAV,Uttar Pradesh,KANNAUJ,"Railways, Roads, Pathways & Bridges",Gram Panchayat,336000,314000,143600,1,25-01-2024,11-06-2024,,In Progress,TRUE,TRUE,FALSE,,0.93,0.46,355,-0.39
MPLADS-00109,AKSHAYA YADAV,Uttar Pradesh,FIROZABAD,Other Public Facilities,Zila Parishad,272000,310000,142600,2,05-03-2024,13-07-2024,,In Progress,TRUE,TRUE,FALSE,,1.14,0.46,323,-0.44
MPLADS-00110,AKSHAYA YADAV,Uttar Pradesh,FIROZABAD,Drinking Water Facility,Municipal Corporation,369000,338000,284500,3,14-05-2024,06-03-2025,03-03-2025,Completed,TRUE,FALSE,FALSE,,0.92,0.84,-3,-0.23
MPLADS-00111,AKSHAYA YADAV,Uttar Pradesh,FIROZABAD,"Railways, Roads, Pathways & Bridges",Gram Panchayat,275000,250000,118300,2,15-11-2024,22-06-2025,,In Progress,TRUE,TRUE,FALSE,,0.91,0.47,0,-0.9
MPLADS-00112,AKSHAYA YADAV,Uttar Pradesh,FIROZABAD,Drinking Water Facility,State Rural Dev Agency,352000,356000,107000,1,11-05-2023,27-11-2023,,Stalled,TRUE,TRUE,FALSE,,1.01,0.3,552,-0.12
MPLADS-00113,AKSHAYA YADAV,Uttar Pradesh,FIROZABAD,"Railways, Roads, Pathways & Bridges",Gram Panchayat,273000,305000,74000,1,31-07-2024,11-06-2024,,Stalled,TRUE,TRUE,TRUE,delayed_stalled,1.12,0.24,355,-0.46
MPLADS-00114,ALFRED KANNGAM S ARTHUR,Manipur,OUTER MANIPUR(ST),Other Public Facilities,Municipal Corporation,1609000,1459000,1183400,3,06-07-2023,04-12-2023,03-12-2023,Completed,TRUE,TRUE,FALSE,,0.91,0.81,-1,0.02
MPLADS-00115,ALFRED KANNGAM S ARTHUR,Manipur,OUTER MANIPUR(ST),"Railways, Roads, Pathways & Bridges",Gram Panchayat,1071000,1178000,0,0,12-12-2023,29-04-2024,,Not Started,TRUE,TRUE,FALSE,,1.1,0,398,-0.81
MPLADS-00116,Alok Kumar Suman,Bihar,GOPALGANJ (SC),Other Public Facilities,District PWD,502000,489000,0,0,16-09-2023,17-08-2024,,Not Started,TRUE,TRUE,FALSE,,0.97,0,288,-0.87
MPLADS-00117,Alok Kumar Suman,Bihar,GOPALGANJ (SC),"Railways, Roads, Pathways & Bridges",District PWD,503000,456000,408700,3,25-12-2023,12-05-2024,07-06-2024,Completed,TRUE,TRUE,FALSE,,0.91,0.9,26,-0.71
MPLADS-00118,Alok Kumar Suman,Bihar,GOPALGANJ (SC),Education,Zila Parishad,525000,522000,139400,0,01-02-2023,11-10-2023,,Stalled,TRUE,FALSE,FALSE,,0.99,0.27,599,-0.92
MPLADS-00119,Alok Kumar Suman,Bihar,GOPALGANJ (SC),Other Public Facilities,Zila Parishad,587000,609000,547200,3,02-09-2023,29-03-2024,01-04-2024,Completed,TRUE,TRUE,FALSE,,1.04,0.9,3,-0.28
MPLADS-00120,Alok Kumar Suman,Bihar,GOPALGANJ (SC),Education,State Rural Dev Agency,426000,412000,233300,2,21-04-2024,15-12-2024,,In Progress,TRUE,TRUE,FALSE,,0.97,0.57,168,-1.75
MPLADS-00121,Alok Kumar Suman,Bihar,GOPALGANJ (SC),"Railways, Roads, Pathways & Bridges",State Rural Dev Agency,475000,527000,0,0,28-04-2023,22-04-2024,,Not Started,TRUE,TRUE,FALSE,,1.11,0,405,-0.48
MPLADS-00122,ALOK SHARMA,Madhya Pradesh,BHOPAL,Others,Gram Panchayat,239000,250000,114500,2,27-01-2023,11-07-2023,,Stalled,TRUE,TRUE,FALSE,,1.05,0.46,691,-0.57
MPLADS-00123,ALOK SHARMA,Madhya Pradesh,BHOPAL,"Railways, Roads, Pathways & Bridges",Cooperative Society,216000,202000,66500,1,11-02-2024,13-01-2025,,Stalled,TRUE,TRUE,FALSE,,0.94,0.33,139,-1.93
MPLADS-00124,AMAR SHARADRAO KALE,Maharashtra,WARDHA,"Railways, Roads, Pathways & Bridges",State Rural Dev Agency,663000,610000,472000,2,06-09-2023,18-05-2024,18-05-2024,Completed,TRUE,TRUE,FALSE,,0.92,0.77,0,0.05
MPLADS-00125,AMAR SHARADRAO KALE,Maharashtra,WARDHA,Other Public Facilities,State Rural Dev Agency,495000,516000,0,0,04-05-2023,10-12-2023,,Not Started,TRUE,TRUE,FALSE,,1.04,0,539,-0.4
MPLADS-00126,AMAR SHARADRAO KALE,Maharashtra,WARDHA,Others,District PWD,661000,630000,168400,1,14-03-2024,17-05-2023,,Stalled,TRUE,TRUE,TRUE,delayed_stalled,0.95,0.27,746,0.21
MPLADS-00127,AMAR SHARADRAO KALE,Maharashtra,WARDHA,Other Public Facilities,Cooperative Society,401000,411000,0,0,06-03-2024,15-11-2024,,Not Started,TRUE,TRUE,TRUE,duplicate_work,1.02,0,198,-0.84
MPLADS-00128,AMAR SHARADRAO KALE,Maharashtra,WARDHA,Other Public Facilities,Cooperative Society,422000,388000,310900,2,15-04-2024,30-01-2025,,In Progress,TRUE,TRUE,FALSE,,0.92,0.8,122,-0.94
MPLADS-00129,AMAR SHARADRAO KALE,Maharashtra,WARDHA,"Railways, Roads, Pathways & Bridges",Gram Panchayat,694000,763000,379900,1,04-10-2023,11-07-2024,,In Progress,TRUE,TRUE,FALSE,,1.1,0.5,325,1.21
MPLADS-00130,AMAR SHARADRAO KALE,Maharashtra,WARDHA,Other Public Facilities,Zila Parishad,519000,479000,0,0,22-03-2024,27-02-2025,,Not Started,TRUE,TRUE,FALSE,,0.92,0,94,-0.55
MPLADS-00131,AMAR SHARADRAO KALE,Maharashtra,WARDHA,Others,State Rural Dev Agency,552000,522000,465000,3,30-03-2023,24-11-2023,12-01-2024,Completed,TRUE,TRUE,FALSE,,0.95,0.89,49,-0.39
MPLADS-00132,AMARSING TISSO,Assam,Diphu (ST),Other Public Facilities,Municipal Corporation,583000,551000,275400,2,16-09-2024,20-05-2025,,In Progress,TRUE,TRUE,FALSE,,0.95,0.5,12,0.63
MPLADS-00133,AMARSING TISSO,Assam,Diphu (ST),"Railways, Roads, Pathways & Bridges",Municipal Corporation,514000,501000,288800,2,06-07-2023,14-06-2024,,In Progress,TRUE,TRUE,TRUE,duplicate_work,0.97,0.58,352,-0.01
MPLADS-00134,AMARSING TISSO,Assam,Diphu (ST),Education,Zila Parishad,554000,504000,199000,1,02-09-2024,13-05-2025,,In Progress,TRUE,FALSE,FALSE,,0.91,0.39,19,-0.22
MPLADS-00135,AMARSING TISSO,Assam,Diphu (ST),"Railways, Roads, Pathways & Bridges",Zila Parishad,326000,350000,294200,3,29-03-2023,28-09-2023,04-11-2023,Completed,TRUE,TRUE,FALSE,,1.07,0.84,37,-0.79
MPLADS-00136,AMARSING TISSO,Assam,Diphu (ST),Other Public Facilities,District PWD,399000,422000,143900,1,08-12-2024,06-11-2025,,In Progress,TRUE,TRUE,FALSE,,1.06,0.34,0,-0.56
MPLADS-00137,AMARSING TISSO,Assam,Diphu (ST),"Railways, Roads, Pathways & Bridges",Cooperative Society,310000,346000,306400,3,06-04-2023,10-07-2023,28-08-2023,Completed,TRUE,TRUE,FALSE,,1.12,0.89,49,-0.81
MPLADS-00138,AMARSING TISSO,Assam,Diphu (ST),Others,Cooperative Society,409000,447000,381000,3,18-08-2024,06-03-2025,24-03-2025,Completed,TRUE,TRUE,FALSE,,1.09,0.85,18,-0.99
MPLADS-00139,AMBICA G LAKSHMINARAYANA VALMIKI,Andhra Pradesh,ANANTAPUR,Education,Municipal Corporation,370000,360000,271200,3,17-07-2024,18-12-2024,02-12-2024,Completed,TRUE,TRUE,FALSE,,0.97,0.75,-16,-0.55
MPLADS-00140,AMBICA G LAKSHMINARAYANA VALMIKI,Andhra Pradesh,ANANTAPUR,"Railways, Roads, Pathways & Bridges",State Rural Dev Agency,561000,615000,485600,3,25-08-2023,17-12-2023,30-12-2023,Completed,TRUE,TRUE,FALSE,,1.1,0.79,13,1.31
MPLADS-00141,AMBICA G LAKSHMINARAYANA VALMIKI,Andhra Pradesh,ANANTAPUR,Others,Cooperative Society,422000,445000,404200,3,07-12-2024,21-04-2025,19-06-2025,Completed,TRUE,TRUE,FALSE,,1.05,0.91,59,-0.17
MPLADS-00142,AMBICA G LAKSHMINARAYANA VALMIKI,Andhra Pradesh,ANANTAPUR,"Railways, Roads, Pathways & Bridges",District PWD,338000,323000,122100,1,26-08-2024,14-01-2025,,Stalled,TRUE,TRUE,FALSE,,0.96,0.38,138,-1.1
MPLADS-00143,AMBICA G LAKSHMINARAYANA VALMIKI,Andhra Pradesh,ANANTAPUR,Education,Cooperative Society,304000,347000,319600,3,18-07-2023,15-06-2024,08-08-2024,Completed,TRUE,TRUE,FALSE,,1.14,0.92,54,-0.61
MPLADS-00144,AMBICA G LAKSHMINARAYANA VALMIKI,Andhra Pradesh,ANANTAPUR,"Railways, Roads, Pathways & Bridges",Municipal Corporation,522000,499000,409900,3,30-06-2024,28-11-2024,20-12-2024,Completed,FALSE,TRUE,FALSE,,0.96,0.82,22,0.35
MPLADS-00145,AMBICA G LAKSHMINARAYANA VALMIKI,Andhra Pradesh,ANANTAPUR,Other Public Facilities,District PWD,314000,351000,94900,0,15-12-2024,27-05-2025,,Stalled,TRUE,TRUE,FALSE,,1.12,0.27,5,-0.94
MPLADS-00146,Amol Ramsing Kolhe,Maharashtra,SHIRUR,"Railways, Roads, Pathways & Bridges",Zila Parishad,466000,499000,333100,3,13-01-2023,03-05-2023,,In Progress,TRUE,TRUE,FALSE,,1.07,0.67,760,-0.79
MPLADS-00147,Amol Ramsing Kolhe,Maharashtra,SHIRUR,Drinking Water Facility,District PWD,565000,592000,523400,2,22-02-2023,04-01-2024,11-01-2024,Completed,TRUE,TRUE,FALSE,,1.05,0.88,7,-0.31
MPLADS-00148,Amol Ramsing Kolhe,Maharashtra,SHIRUR,Others,Zila Parishad,686000,730000,570900,3,15-02-2024,03-01-2025,,In Progress,TRUE,TRUE,FALSE,,1.06,0.78,149,0.77
MPLADS-00149,Amol Ramsing Kolhe,Maharashtra,SHIRUR,Other Public Facilities,Zila Parishad,701000,753000,0,0,02-06-2023,05-03-2024,,Not Started,TRUE,TRUE,FALSE,,1.07,0,453,0.6
MPLADS-00150,Amol Ramsing Kolhe,Maharashtra,SHIRUR,Other Public Facilities,State Rural Dev Agency,442000,495000,222500,1,02-05-2023,26-03-2024,,In Progress,TRUE,TRUE,FALSE,,1.12,0.45,432,-0.48
MPLADS-00151,AMRARAM,Rajasthan,SIKAR,"Railways, Roads, Pathways & Bridges",Municipal Corporation,668000,765000,0,0,20-08-2023,09-05-2024,,Not Started,TRUE,TRUE,FALSE,,1.15,0,388,0.21
MPLADS-00152,AMRARAM,Rajasthan,SIKAR,Other Public Facilities,State Rural Dev Agency,636000,696000,94800,0,25-08-2024,22-12-2024,,Stalled,TRUE,TRUE,FALSE,,1.09,0.14,161,0.55
MPLADS-00153,AMRARAM,Rajasthan,SIKAR,Sanitation & Public Health,Cooperative Society,811000,799000,189400,0,12-04-2023,31-12-2023,,Stalled,TRUE,TRUE,FALSE,,0.99,0.24,518,1.21
MPLADS-00154,AMRARAM,Rajasthan,SIKAR,"Railways, Roads, Pathways & Bridges",District PWD,706000,647000,563200,3,25-03-2023,30-11-2023,07-12-2023,Completed,TRUE,TRUE,FALSE,,0.92,0.87,7,-0.16
MPLADS-00155,AMRINDER SINGH RAJA WARRING,Punjab,LUDHIANA,"Railways, Roads, Pathways & Bridges",Zila Parishad,188000,192000,76000,1,23-02-2024,20-12-2024,,In Progress,TRUE,TRUE,FALSE,,1.02,0.4,163,-0.5
MPLADS-00156,AMRINDER SINGH RAJA WARRING,Punjab,LUDHIANA,Others,Cooperative Society,203000,206000,156800,3,23-10-2023,05-03-2024,,In Progress,TRUE,TRUE,FALSE,,1.01,0.76,453,-0.56
MPLADS-00157,AMRINDER SINGH RAJA WARRING,Punjab,LUDHIANA,Other Public Facilities,Cooperative Society,174000,160000,17800,0,28-08-2023,31-05-2024,,Stalled,TRUE,TRUE,FALSE,,0.92,0.11,366,-1.51
MPLADS-00158,AMRINDER SINGH RAJA WARRING,Punjab,LUDHIANA,"Railways, Roads, Pathways & Bridges",Municipal Corporation,204000,232000,207300,2,22-07-2023,12-02-2024,14-03-2024,Completed,TRUE,TRUE,FALSE,,1.14,0.89,31,0.46
MPLADS-00159,AMRINDER SINGH RAJA WARRING,Punjab,LUDHIANA,"Railways, Roads, Pathways & Bridges",Cooperative Society,282000,283000,222800,3,26-05-2023,25-04-2024,24-04-2024,Completed,TRUE,TRUE,FALSE,,1,0.79,-1,1.68
MPLADS-00160,AMRINDER SINGH RAJA WARRING,Punjab,LUDHIANA,Drinking Water Facility,Municipal Corporation,280000,265000,101700,1,05-08-2024,29-06-2025,,Stalled,TRUE,TRUE,FALSE,,0.95,0.38,0,0.91
MPLADS-00161,AMRINDER SINGH RAJA WARRING,Punjab,LUDHIANA,Other Public Facilities,Gram Panchayat,262000,286000,261000,3,17-12-2024,05-09-2025,27-08-2025,Completed,TRUE,TRUE,FALSE,,1.09,0.91,-9,1.23
MPLADS-00162,ANAND BHADAURIYA,Uttar Pradesh,DHAURAHRA,Drinking Water Facility,State Rural Dev Agency,246000,257000,168000,2,24-03-2023,03-09-2023,,In Progress,TRUE,TRUE,FALSE,,1.04,0.65,637,-0.71
MPLADS-00163,ANAND BHADAURIYA,Uttar Pradesh,DHAURAHRA,Education,State Rural Dev Agency,336000,303000,295000,2,14-09-2023,01-01-2024,12-01-2024,Completed,TRUE,TRUE,FALSE,,0.9,0.97,11,-0.45
MPLADS-00164,ANAND BHADAURIYA,Uttar Pradesh,DHAURAHRA,Other Public Facilities,Municipal Corporation,430000,471000,113200,0,24-08-2024,02-12-2024,,Stalled,TRUE,TRUE,TRUE,duplicate_work,1.1,0.24,181,0.49
MPLADS-00165,ANAND BHADAURIYA,Uttar Pradesh,DHAURAHRA,"Railways, Roads, Pathways & Bridges",Cooperative Society,287000,329000,304400,3,13-08-2024,20-12-2024,08-01-2025,Completed,TRUE,TRUE,FALSE,,1.15,0.93,19,-0.27
MPLADS-00166,ANAND KUMAR,Uttar Pradesh,BAHRAICH(SC),"Railways, Roads, Pathways & Bridges",Cooperative Society,312000,283000,106900,1,28-03-2024,17-07-2024,,Stalled,TRUE,TRUE,FALSE,,0.91,0.38,319,-0.64
MPLADS-00167,ANAND KUMAR,Uttar Pradesh,BAHRAICH(SC),"Railways, Roads, Pathways & Bridges",Municipal Corporation,362000,388000,93400,0,18-05-2024,24-03-2025,,Stalled,TRUE,FALSE,TRUE,no_mp_recommendation,1.07,0.24,69,0.19
MPLADS-00168,ANANTA NAYAK,Odisha,KEONJHAR(ST),Sanitation & Public Health,Gram Panchayat,281000,314000,259900,2,17-11-2024,30-08-2025,13-10-2025,Completed,TRUE,TRUE,FALSE,,1.12,0.83,44,0.26
MPLADS-00169,ANANTA NAYAK,Odisha,KEONJHAR(ST),Other Public Facilities,District PWD,178000,200000,73700,1,23-10-2023,19-06-2024,,In Progress,TRUE,TRUE,FALSE,,1.12,0.37,347,-1.08
MPLADS-00170,ANANTA NAYAK,Odisha,KEONJHAR(ST),Sanitation & Public Health,Gram Panchayat,285000,262000,240000,2,10-04-2024,25-07-2024,25-07-2024,Completed,TRUE,TRUE,FALSE,,0.92,0.92,0,-1.02
MPLADS-00171,ANANTA NAYAK,Odisha,KEONJHAR(ST),Other Public Facilities,Gram Panchayat,201000,230000,0,0,10-06-2024,09-12-2024,,Not Started,FALSE,TRUE,FALSE,,1.14,0,174,-0.45
MPLADS-00172,Andimuthu Raja,Tamil Nadu,NILGIRIS(SC),"Railways, Roads, Pathways & Bridges",Gram Panchayat,624000,602000,539800,2,28-02-2024,02-10-2024,20-11-2024,Completed,TRUE,TRUE,FALSE,,0.96,0.9,49,-1.16
MPLADS-00173,Andimuthu Raja,Tamil Nadu,NILGIRIS(SC),Education,Zila Parishad,830000,952000,850800,3,02-10-2024,11-01-2025,01-03-2025,Completed,TRUE,TRUE,FALSE,,1.15,0.89,49,-0.15
MPLADS-00174,Andimuthu Raja,Tamil Nadu,NILGIRIS(SC),Education,Cooperative Society,1044000,1067000,819800,2,22-10-2023,16-09-2024,07-11-2024,Completed,TRUE,TRUE,FALSE,,1.02,0.77,52,0.11
MPLADS-00175,Andimuthu Raja,Tamil Nadu,NILGIRIS(SC),Others,District PWD,733000,774000,0,0,15-09-2024,05-06-2025,,Not Started,TRUE,TRUE,FALSE,,1.06,0,0,-0.39
MPLADS-00176,Andimuthu Raja,Tamil Nadu,NILGIRIS(SC),"Railways, Roads, Pathways & Bridges",District PWD,1039000,1171000,961800,4,19-07-2024,05-12-2024,05-12-2024,Completed,TRUE,TRUE,FALSE,,1.13,0.82,0,0.52
MPLADS-00177,Andimuthu Raja,Tamil Nadu,NILGIRIS(SC),"Railways, Roads, Pathways & Bridges",Cooperative Society,1123000,1149000,320400,0,17-04-2024,21-09-2024,,Stalled,TRUE,TRUE,TRUE,duplicate_work,1.02,0.28,253,0.46
MPLADS-00178,Andimuthu Raja,Tamil Nadu,NILGIRIS(SC),Education,Gram Panchayat,964000,907000,678800,3,26-10-2023,10-05-2024,,In Progress,TRUE,TRUE,FALSE,,0.94,0.75,387,-0.25
MPLADS-00179,Andimuthu Raja,Tamil Nadu,NILGIRIS(SC),"Railways, Roads, Pathways & Bridges",State Rural Dev Agency,1003000,984000,349900,0,07-09-2023,05-07-2024,,In Progress,TRUE,TRUE,FALSE,,0.98,0.36,331,-0.03
MPLADS-00180,Andimuthu Raja,Tamil Nadu,NILGIRIS(SC),"Railways, Roads, Pathways & Bridges",Gram Panchayat,920000,906000,496600,1,04-06-2024,17-04-2025,,In Progress,TRUE,TRUE,FALSE,,0.98,0.55,45,-0.26
MPLADS-00181,Andimuthu Raja,Tamil Nadu,NILGIRIS(SC),"Railways, Roads, Pathways & Bridges",Municipal Corporation,979000,1054000,399700,1,15-12-2023,28-04-2024,,Stalled,TRUE,TRUE,FALSE,,1.08,0.38,399,0.18
MPLADS-00182,ANDREW J. SYNGKON,Meghalaya,SHILLONG,"Railways, Roads, Pathways & Bridges",Zila Parishad,786000,891000,0,0,02-11-2023,10-02-2024,,Not Started,TRUE,TRUE,FALSE,,1.13,0,477,-0.16
MPLADS-00183,ANDREW J. SYNGKON,Meghalaya,SHILLONG,Education,State Rural Dev Agency,993000,972000,827500,1,02-04-2024,17-11-2024,,In Progress,TRUE,TRUE,FALSE,,0.98,0.85,196,0
MPLADS-00184,ANDREW J. SYNGKON,Meghalaya,SHILLONG,"Railways, Roads, Pathways & Bridges",Cooperative Society,1020000,1164000,1056900,2,22-01-2024,22-04-2024,,Not Started,TRUE,TRUE,TRUE,ghost_project,1.14,0.91,405,1.07
MPLADS-00185,ANDREW J. SYNGKON,Meghalaya,SHILLONG,Drinking Water Facility,District PWD,778000,795000,585000,1,02-09-2023,01-06-2024,,In Progress,TRUE,TRUE,FALSE,,1.02,0.74,365,0
MPLADS-00186,ANDREW J. SYNGKON,Meghalaya,SHILLONG,"Railways, Roads, Pathways & Bridges",Gram Panchayat,671000,722000,512200,2,22-11-2023,15-04-2024,,In Progress,TRUE,TRUE,FALSE,,1.08,0.71,412,-0.91
MPLADS-00187,ANDREW J. SYNGKON,Meghalaya,SHILLONG,Other Public Facilities,District PWD,604000,648000,0,0,10-11-2024,26-09-2025,,Not Started,TRUE,TRUE,FALSE,,1.07,0,0,-0.71
MPLADS-00188,ANGOMCHA BIMOL AKOIJAM,Manipur,INNER MANIPUR,Other Public Facilities,Gram Panchayat,1179000,1255000,535100,1,10-05-2023,24-11-2023,,In Progress,TRUE,TRUE,FALSE,,1.06,0.43,555,-1.01
MPLADS-00189,ANGOMCHA BIMOL AKOIJAM,Manipur,INNER MANIPUR,"Railways, Roads, Pathways & Bridges",Gram Panchayat,1608000,1849000,951100,2,13-04-2023,25-07-2023,,In Progress,TRUE,TRUE,FALSE,,1.15,0.51,677,1.12
MPLADS-00190,ANGOMCHA BIMOL AKOIJAM,Manipur,INNER MANIPUR,Other Public Facilities,Municipal Corporation,1520000,1649000,486300,0,01-11-2024,28-09-2025,,Stalled,TRUE,TRUE,FALSE,,1.08,0.29,0,0.99
MPLADS-00191,ANGOMCHA BIMOL AKOIJAM,Manipur,INNER MANIPUR,Education,Municipal Corporation,1618000,1783000,854700,2,13-12-2023,07-10-2024,,In Progress,TRUE,TRUE,FALSE,,1.1,0.48,237,0.76
MPLADS-00192,ANGOMCHA BIMOL AKOIJAM,Manipur,INNER MANIPUR,"Railways, Roads, Pathways & Bridges",Cooperative Society,1498000,1350000,0,0,21-11-2024,19-05-2025,,Not Started,TRUE,TRUE,FALSE,,0.9,0,13,-0.31
MPLADS-00193,ANGOMCHA BIMOL AKOIJAM,Manipur,INNER MANIPUR,Education,Cooperative Society,1645000,1640000,0,0,14-05-2024,13-12-2024,,Not Started,FALSE,TRUE,FALSE,,1,0,170,0.37
MPLADS-00194,ANGOMCHA BIMOL AKOIJAM,Manipur,INNER MANIPUR,Education,Gram Panchayat,1190000,1093000,436700,1,01-12-2024,13-08-2025,,Stalled,TRUE,TRUE,FALSE,,0.92,0.4,0,-1.13
MPLADS-00195,ANIL BALUNI,Uttarakhand,GARHWAL,Education,Zila Parishad,256000,256000,0,0,11-04-2023,16-12-2023,,Not Started,TRUE,TRUE,FALSE,,1,0,533,-0.44
MPLADS-00196,ANIL BALUNI,Uttarakhand,GARHWAL,Other Public Facilities,District PWD,328000,362000,303100,4,11-12-2024,24-09-2025,19-11-2025,Completed,FALSE,TRUE,FALSE,,1.1,0.84,56,1.11
MPLADS-00197,ANIL BALUNI,Uttarakhand,GARHWAL,"Railways, Roads, Pathways & Bridges",Gram Panchayat,359000,355000,308700,2,28-10-2023,22-02-2024,11-03-2024,Completed,TRUE,TRUE,FALSE,,0.99,0.87,18,0.73
MPLADS-00198,ANIL BALUNI,Uttarakhand,GARHWAL,"Railways, Roads, Pathways & Bridges",State Rural Dev Agency,243000,267000,128400,1,02-08-2024,28-03-2025,,In Progress,TRUE,TRUE,FALSE,,1.1,0.48,65,-0.76
MPLADS-00199,ANIL BALUNI,Uttarakhand,GARHWAL,"Railways, Roads, Pathways & Bridges",Zila Parishad,263000,245000,26300,0,27-01-2024,14-06-2024,,In Progress,TRUE,TRUE,FALSE,,0.93,0.11,352,-1.13
MPLADS-00200,ANIL BALUNI,Uttarakhand,GARHWAL,"Railways, Roads, Pathways & Bridges",District PWD,283000,305000,31700,0,26-08-2023,23-12-2023,,In Progress,TRUE,TRUE,FALSE,,1.08,0.1,526,-0.12
MPLADS-00201,ANIL YESHWANT DESAI,Maharashtra,MUMBAI SOUTH CENTRAL,"Railways, Roads, Pathways & Bridges",Gram Panchayat,463000,487000,466300,4,21-04-2024,10-11-2024,,Not Started,TRUE,TRUE,TRUE,ghost_project,1.05,0.96,203,-0.88
MPLADS-00202,ANIL YESHWANT DESAI,Maharashtra,MUMBAI SOUTH CENTRAL,Others,Cooperative Society,517000,496000,165100,1,20-12-2023,19-10-2024,,Stalled,TRUE,TRUE,FALSE,,0.96,0.33,225,-0.53
MPLADS-00203,ANIL YESHWANT DESAI,Maharashtra,MUMBAI SOUTH CENTRAL,Other Public Facilities,Gram Panchayat,418000,441000,185600,1,14-09-2023,15-04-2024,,In Progress,TRUE,TRUE,FALSE,,1.06,0.42,412,-0.71
MPLADS-00204,ANIL YESHWANT DESAI,Maharashtra,MUMBAI SOUTH CENTRAL,"Railways, Roads, Pathways & Bridges",Cooperative Society,663000,740000,630600,3,20-04-2023,16-09-2023,04-09-2023,Completed,TRUE,TRUE,TRUE,duplicate_work,1.12,0.85,-12,1.04
MPLADS-00205,ANIL YESHWANT DESAI,Maharashtra,MUMBAI SOUTH CENTRAL,Sanitation & Public Health,District PWD,470000,469000,395200,4,30-10-2023,09-07-2024,28-07-2024,Completed,TRUE,TRUE,FALSE,,1,0.84,19,-0.86
MPLADS-00206,ANIL YESHWANT DESAI,Maharashtra,MUMBAI SOUTH CENTRAL,"Railways, Roads, Pathways & Bridges",State Rural Dev Agency,647000,648000,0,0,02-08-2024,25-02-2025,,Not Started,TRUE,FALSE,TRUE,no_mp_recommendation,1,0,96,0.34
MPLADS-00207,ANIL YESHWANT DESAI,Maharashtra,MUMBAI SOUTH CENTRAL,Other Public Facilities,Zila Parishad,760000,708000,0,0,23-05-2024,18-09-2024,,Not Started,TRUE,TRUE,FALSE,,0.93,0,256,0.41
MPLADS-00208,ANIL YESHWANT DESAI,Maharashtra,MUMBAI SOUTH CENTRAL,Other Public Facilities,Municipal Corporation,486000,447000,0,0,13-09-2024,04-01-2025,,Not Started,TRUE,TRUE,FALSE,,0.92,0,148,-0.69
MPLADS-00209,ANITA NAGARSINGH CHOUHAN,Madhya Pradesh,RATLAM(ST),Sanitation & Public Health,Zila Parishad,228000,251000,0,0,25-11-2024,28-04-2025,,Not Started,TRUE,TRUE,FALSE,,1.1,0,34,-1.79
MPLADS-00210,ANITA NAGARSINGH CHOUHAN,Madhya Pradesh,RATLAM(ST),Others,Gram Panchayat,353000,365000,322900,3,05-10-2024,02-04-2025,08-04-2025,Completed,TRUE,TRUE,FALSE,,1.03,0.88,6,0.04
MPLADS-00211,ANITA NAGARSINGH CHOUHAN,Madhya Pradesh,RATLAM(ST),Drinking Water Facility,Municipal Corporation,227000,236000,190400,2,04-02-2023,23-01-2024,,In Progress,TRUE,TRUE,FALSE,,1.04,0.81,495,-1.3
MPLADS-00212,ANITA NAGARSINGH CHOUHAN,Madhya Pradesh,RATLAM(ST),Other Public Facilities,State Rural Dev Agency,257000,266000,200200,2,01-12-2023,26-03-2024,,In Progress,TRUE,TRUE,FALSE,,1.04,0.75,432,-0.62
MPLADS-00213,ANITA SUBHADARSHINI,Odisha,ASKA,Other Public Facilities,Municipal Corporation,179000,195000,68600,1,10-01-2024,14-05-2024,,In Progress,TRUE,TRUE,FALSE,,1.09,0.35,383,-1.18
MPLADS-00214,ANITA SUBHADARSHINI,Odisha,ASKA,Other Public Facilities,District PWD,281000,255000,30700,0,08-05-2024,28-10-2024,,Stalled,TRUE,TRUE,FALSE,,0.91,0.12,216,0.08
MPLADS-00215,ANITA SUBHADARSHINI,Odisha,ASKA,Others,Cooperative Society,256000,250000,16500,0,24-04-2024,09-11-2024,,Stalled,TRUE,TRUE,FALSE,,0.98,0.07,204,-0.41
MPLADS-00216,ANITA SUBHADARSHINI,Odisha,ASKA,Other Public Facilities,Municipal Corporation,250000,282000,58400,0,21-11-2024,05-07-2025,,Stalled,TRUE,TRUE,FALSE,,1.13,0.21,0,0.65
MPLADS-00217,ANITA SUBHADARSHINI,Odisha,ASKA,Others,Gram Panchayat,308000,339000,0,0,03-04-2023,04-02-2024,,Not Started,FALSE,FALSE,TRUE,no_mp_recommendation,1.1,0,483,0.49
MPLADS-00218,ANITA SUBHADARSHINI,Odisha,ASKA,"Railways, Roads, Pathways & Bridges",Cooperative Society,231000,899000,780700,1,13-01-2024,20-10-2024,,In Progress,TRUE,TRUE,TRUE,cost_overrun,3.89,0.87,224,4.91
MPLADS-00219,ANITA SUBHADARSHINI,Odisha,ASKA,Others,State Rural Dev Agency,270000,299000,253800,3,16-01-2024,21-05-2024,08-07-2024,Completed,TRUE,FALSE,FALSE,,1.11,0.85,48,0.08
MPLADS-00220,ANITA SUBHADARSHINI,Odisha,ASKA,Other Public Facilities,Gram Panchayat,193000,198000,55600,0,02-12-2023,18-06-2024,,Stalled,TRUE,TRUE,FALSE,,1.03,0.28,348,-1.12
MPLADS-00221,ANITA SUBHADARSHINI,Odisha,ASKA,Education,District PWD,176000,160000,140100,2,18-12-2024,24-04-2025,20-06-2025,Completed,TRUE,TRUE,FALSE,,0.91,0.88,57,-1.02
MPLADS-00222,ANITA SUBHADARSHINI,Odisha,ASKA,Education,State Rural Dev Agency,248000,730000,618100,0,08-11-2023,06-03-2024,,Stalled,TRUE,TRUE,TRUE,cost_overrun,2.94,0.85,452,4.16
MPLADS-00223,Annpurna Devi,Jharkhand,KODARMA,Other Public Facilities,Cooperative Society,403000,369000,303300,1,19-05-2023,16-05-2024,01-05-2024,Completed,TRUE,TRUE,FALSE,,0.92,0.82,-15,-0.57
MPLADS-00224,Annpurna Devi,Jharkhand,KODARMA,"Railways, Roads, Pathways & Bridges",Gram Panchayat,304000,326000,270400,4,07-07-2024,22-10-2024,11-11-2024,Completed,TRUE,TRUE,FALSE,,1.07,0.83,20,-0.93
MPLADS-00225,Annpurna Devi,Jharkhand,KODARMA,Other Public Facilities,Municipal Corporation,446000,436000,347800,3,01-11-2024,20-07-2025,11-08-2025,Completed,TRUE,TRUE,FALSE,,0.98,0.8,22,-0.36
MPLADS-00226,Annpurna Devi,Jharkhand,KODARMA,Education,Zila Parishad,330000,327000,123200,1,03-02-2023,25-08-2023,,In Progress,TRUE,TRUE,FALSE,,0.99,0.38,646,-0.99
MPLADS-00227,ANOOP PRADHAN BALMIKI,Uttar Pradesh,HATHRAS (SC),"Railways, Roads, Pathways & Bridges",Cooperative Society,291000,317000,253700,2,07-01-2024,13-05-2024,04-06-2024,Completed,TRUE,TRUE,FALSE,,1.09,0.8,22,-0.37
MPLADS-00228,ANOOP PRADHAN BALMIKI,Uttar Pradesh,HATHRAS (SC),Drinking Water Facility,Gram Panchayat,426000,394000,334300,2,03-01-2024,14-08-2024,07-08-2024,Completed,TRUE,TRUE,FALSE,,0.92,0.85,-7,0.11
MPLADS-00229,ANOOP PRADHAN BALMIKI,Uttar Pradesh,HATHRAS (SC),Other Public Facilities,District PWD,341000,1175000,1019100,3,04-04-2023,19-10-2023,,In Progress,TRUE,TRUE,TRUE,cost_overrun,3.45,0.87,591,4.54
MPLADS-00230,ANOOP PRADHAN BALMIKI,Uttar Pradesh,HATHRAS (SC),Others,State Rural Dev Agency,413000,404000,0,0,21-02-2023,27-11-2023,,Not Started,TRUE,TRUE,FALSE,,0.98,0,552,0.58
MPLADS-00231,Anto Antony,Kerala,PATHANAMTHITTA,Other Public Facilities,Zila Parishad,907000,961000,806800,2,30-07-2023,13-04-2024,30-03-2024,Completed,TRUE,TRUE,FALSE,,1.06,0.84,-14,0.3
MPLADS-00232,Anto Antony,Kerala,PATHANAMTHITTA,"Railways, Roads, Pathways & Bridges",District PWD,832000,855000,736900,1,27-08-2023,30-05-2024,14-05-2024,Completed,TRUE,TRUE,FALSE,,1.03,0.86,-16,0.7
MPLADS-00233,Anto Antony,Kerala,PATHANAMTHITTA,"Railways, Roads, Pathways & Bridges",Municipal Corporation,484000,551000,0,0,11-10-2023,29-07-2024,,Not Started,TRUE,TRUE,FALSE,,1.14,0,307,-1.25
MPLADS-00234,Anto Antony,Kerala,PATHANAMTHITTA,"Railways, Roads, Pathways & Bridges",Municipal Corporation,646000,707000,584900,2,28-06-2023,25-03-2024,20-03-2024,Completed,TRUE,TRUE,FALSE,,1.09,0.83,-5,-0.25
MPLADS-00235,Anto Antony,Kerala,PATHANAMTHITTA,"Railways, Roads, Pathways & Bridges",Zila Parishad,795000,867000,646000,2,01-09-2023,10-02-2024,,In Progress,FALSE,TRUE,FALSE,,1.09,0.75,477,0.78
MPLADS-00236,ANUP SANJAY DHOTRE,Maharashtra,AKOLA,Others,Municipal Corporation,686000,980000,468700,2,07-03-2024,01-03-2025,,In Progress,FALSE,TRUE,TRUE,no_tender_high_value,1.43,0.48,92,2.17
MPLADS-00237,ANUP SANJAY DHOTRE,Maharashtra,AKOLA,Other Public Facilities,State Rural Dev Agency,667000,736000,331400,2,09-06-2024,06-03-2025,,In Progress,TRUE,TRUE,FALSE,,1.1,0.45,87,0.53
MPLADS-00238,ANUP SANJAY DHOTRE,Maharashtra,AKOLA,"Railways, Roads, Pathways & Bridges",Municipal Corporation,524000,528000,200200,1,14-02-2023,12-09-2023,,In Progress,TRUE,TRUE,FALSE,,1.01,0.38,628,-0.57
MPLADS-00239,ANUP SANJAY DHOTRE,Maharashtra,AKOLA,Others,Gram Panchayat,474000,441000,243000,1,14-04-2024,05-09-2024,,In Progress,FALSE,TRUE,FALSE,,0.93,0.55,269,-0.84
MPLADS-00240,ANUP SANJAY DHOTRE,Maharashtra,AKOLA,Other Public Facilities,District PWD,710000,789000,495000,1,12-03-2024,17-02-2025,,In Progress,TRUE,TRUE,FALSE,,1.11,0.63,104,0.75
MPLADS-00241,ANUP SANJAY DHOTRE,Maharashtra,AKOLA,Other Public Facilities,State Rural Dev Agency,557000,619000,494000,2,24-03-2023,08-01-2024,19-02-2024,Completed,TRUE,TRUE,FALSE,,1.11,0.8,42,0.04
MPLADS-00242,Anurag Sharma,Uttar Pradesh,JHANSI,Other Public Facilities,State Rural Dev Agency,420000,400000,262200,2,10-10-2024,27-05-2025,,In Progress,TRUE,TRUE,FALSE,,0.95,0.66,5,0.08
MPLADS-00243,Anurag Sharma,Uttar Pradesh,JHANSI,Other Public Facilities,Cooperative Society,356000,373000,350800,4,27-06-2024,11-02-2025,14-02-2025,Completed,TRUE,TRUE,FALSE,,1.05,0.94,3,-0.08
MPLADS-00244,Anurag Sharma,Uttar Pradesh,JHANSI,Other Public Facilities,Cooperative Society,407000,383000,0,0,28-04-2023,30-11-2023,,Not Started,TRUE,TRUE,FALSE,,0.94,0,549,-0.02
MPLADS-00245,Anurag Sharma,Uttar Pradesh,JHANSI,"Railways, Roads, Pathways & Bridges",Gram Panchayat,399000,458000,403600,3,09-08-2023,04-12-2023,16-12-2023,Completed,TRUE,TRUE,FALSE,,1.15,0.88,12,0.75
MPLADS-00246,Anurag Singh Thakur,Himachal Pradesh,HAMIRPUR_HP,"Railways, Roads, Pathways & Bridges",Cooperative Society,493000,448000,378100,2,13-02-2024,04-12-2024,01-12-2024,Completed,TRUE,TRUE,FALSE,,0.91,0.84,-3,0.55
MPLADS-00247,Anurag Singh Thakur,Himachal Pradesh,HAMIRPUR_HP,"Railways, Roads, Pathways & Bridges",District PWD,366000,410000,357100,2,19-09-2023,16-09-2024,25-09-2024,Completed,TRUE,TRUE,FALSE,,1.12,0.87,9,0.02
MPLADS-00248,Anurag Singh Thakur,Himachal Pradesh,HAMIRPUR_HP,Other Public Facilities,Cooperative Society,528000,553000,0,0,04-04-2023,18-10-2023,,Not Started,TRUE,TRUE,FALSE,,1.05,0,592,0.71
MPLADS-00249,Anurag Singh Thakur,Himachal Pradesh,HAMIRPUR_HP,Other Public Facilities,State Rural Dev Agency,281000,296000,0,0,17-01-2024,22-07-2024,,Not Started,TRUE,TRUE,FALSE,,1.05,0,314,-1.63
MPLADS-00250,Anurag Singh Thakur,Himachal Pradesh,HAMIRPUR_HP,"Railways, Roads, Pathways & Bridges",Cooperative Society,445000,454000,420900,3,29-07-2024,21-04-2025,07-04-2025,Completed,TRUE,TRUE,FALSE,,1.02,0.93,-14,0.63
MPLADS-00251,Anurag Singh Thakur,Himachal Pradesh,HAMIRPUR_HP,Other Public Facilities,State Rural Dev Agency,470000,518000,0,0,09-03-2024,20-08-2024,,Not Started,TRUE,TRUE,FALSE,,1.1,0,285,0.39
MPLADS-00252,Anurag Singh Thakur,Himachal Pradesh,HAMIRPUR_HP,Drinking Water Facility,Cooperative Society,302000,276000,262300,3,16-11-2023,15-05-2024,26-06-2024,Completed,TRUE,TRUE,FALSE,,0.91,0.95,42,0
MPLADS-00253,Appalanaidu Kalisetti,Andhra Pradesh,VIZIANAGARAM,"Railways, Roads, Pathways & Bridges",Municipal Corporation,460000,499000,496700,2,08-05-2024,07-05-2025,30-06-2025,Not Started,TRUE,TRUE,TRUE,ghost_project,1.08,1,54,0.35
MPLADS-00254,Appalanaidu Kalisetti,Andhra Pradesh,VIZIANAGARAM,Other Public Facilities,State Rural Dev Agency,322000,323000,0,0,28-04-2023,13-03-2024,,Not Started,TRUE,TRUE,FALSE,,1,0,445,-1.25
MPLADS-00255,Appalanaidu Kalisetti,Andhra Pradesh,VIZIANAGARAM,Other Public Facilities,Cooperative Society,457000,432000,306800,2,28-09-2024,05-04-2025,,In Progress,TRUE,FALSE,FALSE,,0.95,0.71,57,-0.04
MPLADS-00256,Appalanaidu Kalisetti,Andhra Pradesh,VIZIANAGARAM,"Railways, Roads, Pathways & Bridges",Municipal Corporation,295000,327000,283200,2,11-12-2024,25-05-2025,15-06-2025,Completed,TRUE,TRUE,FALSE,,1.11,0.87,21,-1.07
MPLADS-00257,Appalanaidu Kalisetti,Andhra Pradesh,VIZIANAGARAM,Education,Cooperative Society,539000,599000,504700,2,14-12-2023,03-05-2024,16-06-2024,Completed,TRUE,TRUE,FALSE,,1.11,0.84,44,0.6
MPLADS-00258,Appalanaidu Kalisetti,Andhra Pradesh,VIZIANAGARAM,Drinking Water Facility,District PWD,326000,300000,279900,4,15-02-2024,01-12-2024,20-12-2024,Completed,TRUE,TRUE,FALSE,,0.92,0.93,19,-1.67
MPLADS-00259,ARUN BHARTI,Bihar,JAMUI(SC),"Railways, Roads, Pathways & Bridges",Municipal Corporation,534000,516000,426800,2,27-06-2024,01-12-2024,22-01-2025,Completed,TRUE,TRUE,FALSE,,0.97,0.83,52,-0.51
MPLADS-00260,ARUN BHARTI,Bihar,JAMUI(SC),"Railways, Roads, Pathways & Bridges",District PWD,733000,742000,421300,1,16-11-2023,14-09-2024,,In Progress,TRUE,TRUE,FALSE,,1.01,0.57,260,0.23
MPLADS-00261,ARUN BHARTI,Bihar,JAMUI(SC),"Railways, Roads, Pathways & Bridges",District PWD,795000,743000,603800,2,23-02-2023,17-10-2023,29-10-2023,Completed,TRUE,TRUE,FALSE,,0.93,0.81,12,0.24
MPLADS-00262,ARUN BHARTI,Bihar,JAMUI(SC),Others,Gram Panchayat,426000,454000,350400,3,06-10-2023,24-09-2024,18-10-2024,Completed,TRUE,TRUE,FALSE,,1.07,0.77,24,-1.3
MPLADS-00263,ARUN BHARTI,Bihar,JAMUI(SC),Others,District PWD,524000,557000,458700,2,07-10-2023,28-02-2024,24-03-2024,Completed,TRUE,TRUE,FALSE,,1.06,0.82,25,-0.42
MPLADS-00264,ARUN BHARTI,Bihar,JAMUI(SC),Others,Municipal Corporation,670000,662000,335600,1,18-10-2023,16-02-2024,,In Progress,TRUE,TRUE,FALSE,,0.99,0.51,471,0.48
MPLADS-00265,ARUN GOVIL,Uttar Pradesh,MEERUT,Other Public Facilities,Zila Parishad,357000,329000,304900,2,16-02-2023,20-09-2023,08-10-2023,Not Started,TRUE,TRUE,TRUE,ghost_project,0.92,0.93,18,-0.33
MPLADS-00266,ARUN GOVIL,Uttar Pradesh,MEERUT,Others,Municipal Corporation,428000,457000,213400,1,05-11-2023,09-06-2024,,Stalled,TRUE,TRUE,FALSE,,1.07,0.47,357,1.26
MPLADS-00267,ARUN GOVIL,Uttar Pradesh,MEERUT,"Railways, Roads, Pathways & Bridges",Zila Parishad,350000,386000,308100,3,02-12-2023,05-07-2024,20-06-2024,Completed,TRUE,TRUE,FALSE,,1.1,0.8,-15,0.18
MPLADS-00268,ARUN GOVIL,Uttar Pradesh,MEERUT,"Railways, Roads, Pathways & Bridges",Cooperative Society,291000,423000,164000,1,25-01-2024,23-07-2024,,In Progress,FALSE,TRUE,TRUE,no_tender_high_value,1.45,0.39,313,0.47
MPLADS-00269,ARUN GOVIL,Uttar Pradesh,MEERUT,Others,District PWD,434000,485000,451600,4,29-12-2023,01-06-2024,17-06-2024,Completed,TRUE,TRUE,FALSE,,1.12,0.93,16,1.62
MPLADS-00270,ARUN GOVIL,Uttar Pradesh,MEERUT,Other Public Facilities,State Rural Dev Agency,237000,217000,64700,1,15-04-2024,18-11-2024,,Stalled,TRUE,TRUE,FALSE,,0.92,0.3,195,-0.97
MPLADS-00271,ARUN NEHRU,Tamil Nadu,PERAMBALUR,"Railways, Roads, Pathways & Bridges",District PWD,1085000,1133000,817100,3,19-02-2024,09-11-2024,,In Progress,TRUE,TRUE,FALSE,,1.04,0.72,204,0.41
MPLADS-00272,ARUN NEHRU,Tamil Nadu,PERAMBALUR,Education,Cooperative Society,1159000,1198000,1181100,2,29-11-2023,10-04-2024,15-05-2024,Not Started,TRUE,TRUE,TRUE,ghost_project,1.03,0.99,35,0.41
MPLADS-00273,ARUN NEHRU,Tamil Nadu,PERAMBALUR,Others,State Rural Dev Agency,773000,886000,798700,2,06-01-2024,13-05-2024,10-05-2024,Completed,TRUE,TRUE,FALSE,,1.15,0.9,-3,0.33
MPLADS-00274,ARUN NEHRU,Tamil Nadu,PERAMBALUR,Others,Municipal Corporation,1001000,939000,931800,2,15-02-2024,13-09-2024,,Not Started,TRUE,TRUE,TRUE,ghost_project,0.94,0.99,261,0.67
MPLADS-00275,ARUN NEHRU,Tamil Nadu,PERAMBALUR,Other Public Facilities,District PWD,911000,1040000,894600,3,15-08-2023,06-03-2024,03-05-2024,Completed,TRUE,TRUE,FALSE,,1.14,0.86,58,0.05
MPLADS-00276,ARUN NEHRU,Tamil Nadu,PERAMBALUR,Other Public Facilities,Cooperative Society,706000,791000,606800,3,27-06-2024,20-01-2025,,In Progress,TRUE,TRUE,FALSE,,1.12,0.77,132,-0.51
MPLADS-00277,ARUN NEHRU,Tamil Nadu,PERAMBALUR,Others,Zila Parishad,653000,707000,0,0,22-10-2024,12-03-2025,,Not Started,TRUE,TRUE,FALSE,,1.08,0,81,-0.82
MPLADS-00278,ARUNA. D. K,Telangana,MAHABUBNAGAR,"Railways, Roads, Pathways & Bridges",Zila Parishad,379000,419000,377100,2,27-06-2023,22-10-2023,,In Progress,TRUE,TRUE,FALSE,,1.11,0.9,588,0.98
MPLADS-00279,ARUNA. D. K,Telangana,MAHABUBNAGAR,"Railways, Roads, Pathways & Bridges",Gram Panchayat,298000,302000,237800,2,05-10-2024,27-07-2025,,In Progress,TRUE,TRUE,FALSE,,1.01,0.79,0,-0.56
MPLADS-00280,ARUNA. D. K,Telangana,MAHABUBNAGAR,Other Public Facilities,State Rural Dev Agency,325000,372000,169100,1,28-11-2024,19-08-2025,,Stalled,TRUE,TRUE,FALSE,,1.14,0.45,0,0.03
MPLADS-00281,ARUNA. D. K,Telangana,MAHABUBNAGAR,Other Public Facilities,District PWD,293000,314000,94900,0,27-11-2023,09-02-2023,,Stalled,TRUE,TRUE,TRUE,delayed_stalled,1.07,0.3,843,-0.87
MPLADS-00282,ARUNA. D. K,Telangana,MAHABUBNAGAR,Other Public Facilities,District PWD,271000,301000,257800,2,25-04-2024,08-10-2024,08-11-2024,Completed,TRUE,TRUE,FALSE,,1.11,0.86,31,-1.07
MPLADS-00283,ARUNA. D. K,Telangana,MAHABUBNAGAR,"Railways, Roads, Pathways & Bridges",District PWD,229000,224000,200700,4,27-12-2023,21-09-2024,,In Progress,TRUE,TRUE,FALSE,,0.98,0.9,253,-1.58
MPLADS-00284,ARUNA. D. K,Telangana,MAHABUBNAGAR,Other Public Facilities,District PWD,391000,429000,0,0,13-01-2024,11-10-2024,,Not Started,TRUE,TRUE,FALSE,,1.1,0,233,0.92
MPLADS-00285,ARUNA. D. K,Telangana,MAHABUBNAGAR,Others,Cooperative Society,370000,385000,134500,1,21-09-2024,19-01-2025,,In Progress,TRUE,TRUE,FALSE,,1.04,0.35,133,1.12
MPLADS-00286,ARUNA. D. K,Telangana,MAHABUBNAGAR,Sanitation & Public Health,Municipal Corporation,305000,349000,256900,1,12-02-2023,12-06-2023,25-06-2023,Completed,TRUE,TRUE,FALSE,,1.14,0.74,13,1.42
MPLADS-00287,ARUNA. D. K,Telangana,MAHABUBNAGAR,Other Public Facilities,District PWD,424000,411000,280300,2,11-09-2024,03-08-2025,,In Progress,TRUE,TRUE,FALSE,,0.97,0.68,0,0.64
MPLADS-00288,ARUP CHAKRABORTY,West Bengal,BANKURA,Other Public Facilities,District PWD,482000,519000,142700,0,18-12-2023,12-08-2024,,Stalled,TRUE,TRUE,FALSE,,1.08,0.27,293,-0.56
MPLADS-00289,ARUP CHAKRABORTY,West Bengal,BANKURA,"Railways, Roads, Pathways & Bridges",State Rural Dev Agency,439000,447000,435500,4,11-09-2023,01-03-2024,,Not Started,TRUE,TRUE,TRUE,ghost_project,1.02,0.97,457,-0.89
MPLADS-00290,ARUP CHAKRABORTY,West Bengal,BANKURA,Other Public Facilities,Municipal Corporation,455000,512000,455100,3,12-06-2023,01-05-2024,03-06-2024,Completed,TRUE,TRUE,FALSE,,1.13,0.89,33,-0.58
MPLADS-00291,ARUP CHAKRABORTY,West Bengal,BANKURA,Others,District PWD,514000,473000,289700,1,26-11-2024,30-04-2025,,In Progress,TRUE,TRUE,FALSE,,0.92,0.61,32,-1.41
MPLADS-00292,ARUP CHAKRABORTY,West Bengal,BANKURA,Other Public Facilities,Cooperative Society,693000,644000,584800,3,04-12-2023,28-03-2024,19-05-2024,Completed,TRUE,TRUE,FALSE,,0.93,0.91,52,-0.07
MPLADS-00293,ARUP CHAKRABORTY,West Bengal,BANKURA,Other Public Facilities,District PWD,815000,850000,102000,0,03-11-2024,23-06-2025,,Stalled,TRUE,TRUE,FALSE,,1.04,0.12,0,0.74
MPLADS-00294,Arvind Dharmapuri,Telangana,NIZAMABAD,Education,Cooperative Society,329000,350000,175600,1,19-08-2024,05-08-2025,,In Progress,TRUE,TRUE,FALSE,,1.06,0.5,0,0.29
MPLADS-00295,Arvind Dharmapuri,Telangana,NIZAMABAD,Other Public Facilities,District PWD,333000,352000,173800,1,16-12-2024,04-04-2025,,In Progress,TRUE,TRUE,FALSE,,1.06,0.49,58,-0.28
MPLADS-00296,Arvind Dharmapuri,Telangana,NIZAMABAD,"Railways, Roads, Pathways & Bridges",Zila Parishad,252000,244000,99300,1,14-11-2023,05-11-2024,,In Progress,TRUE,TRUE,FALSE,,0.97,0.41,208,-1.32
MPLADS-00297,Arvind Dharmapuri,Telangana,NIZAMABAD,Drinking Water Facility,State Rural Dev Agency,265000,279000,172200,1,17-11-2024,03-05-2025,,In Progress,TRUE,TRUE,FALSE,,1.05,0.62,29,-0.42
MPLADS-00298,Arvind Dharmapuri,Telangana,NIZAMABAD,"Railways, Roads, Pathways & Bridges",Municipal Corporation,270000,245000,94700,1,06-04-2023,03-08-2023,,In Progress,TRUE,TRUE,FALSE,,0.91,0.39,668,-1.31
MPLADS-00299,Arvind Dharmapuri,Telangana,NIZAMABAD,Other Public Facilities,Gram Panchayat,348000,358000,290400,3,13-11-2023,01-05-2024,24-06-2024,Completed,TRUE,TRUE,FALSE,,1.03,0.81,54,-0.19
MPLADS-00300,Arvind Dharmapuri,Telangana,NIZAMABAD,"Railways, Roads, Pathways & Bridges",District PWD,298000,306000,257100,3,16-07-2023,10-06-2024,29-06-2024,Completed,TRUE,TRUE,FALSE,,1.03,0.84,19,-0.5
MPLADS-00301,Arvind Dharmapuri,Telangana,NIZAMABAD,Others,District PWD,250000,242000,0,0,03-06-2024,18-12-2024,,Not Started,TRUE,TRUE,FALSE,,0.97,0,165,-1.07
MPLADS-00302,Arvind Dharmapuri,Telangana,NIZAMABAD,Education,Gram Panchayat,422000,455000,375800,2,08-11-2024,23-07-2025,27-07-2025,Completed,TRUE,TRUE,FALSE,,1.08,0.83,4,1.92
MPLADS-00303,Arvind Dharmapuri,Telangana,NIZAMABAD,"Railways, Roads, Pathways & Bridges",Zila Parishad,355000,380000,325800,2,07-06-2023,06-10-2023,16-10-2023,Completed,TRUE,TRUE,FALSE,,1.07,0.86,10,0.47
MPLADS-00304,Arvind Ganpat Sawant,Maharashtra,MUMBAI SOUTH,"Railways, Roads, Pathways & Bridges",Gram Panchayat,517000,587000,533500,1,24-03-2024,22-12-2024,25-01-2025,Completed,TRUE,TRUE,FALSE,,1.14,0.91,34,-0.12
MPLADS-00305,Arvind Ganpat Sawant,Maharashtra,MUMBAI SOUTH,Other Public Facilities,State Rural Dev Agency,730000,769000,587000,1,17-09-2024,13-08-2025,19-09-2025,Completed,TRUE,TRUE,FALSE,,1.05,0.76,37,0.67
MPLADS-00306,Arvind Ganpat Sawant,Maharashtra,MUMBAI SOUTH,Others,Zila Parishad,407000,421000,322100,2,02-09-2023,09-01-2024,21-12-2023,Completed,TRUE,TRUE,FALSE,,1.03,0.77,-19,-0.95
MPLADS-00307,Arvind Ganpat Sawant,Maharashtra,MUMBAI SOUTH,Other Public Facilities,Municipal Corporation,398000,370000,151000,1,12-01-2024,11-09-2024,,In Progress,TRUE,TRUE,FALSE,,0.93,0.41,263,-1.01
MPLADS-00308,Asaduddin Owaisi,Telangana,HYDERABAD,Other Public Facilities,Zila Parishad,403000,449000,149100,1,27-01-2024,03-01-2025,,In Progress,TRUE,TRUE,FALSE,,1.11,0.33,149,1.23
MPLADS-00309,Asaduddin Owaisi,Telangana,HYDERABAD,Education,Municipal Corporation,354000,381000,310600,2,11-09-2024,17-06-2025,26-06-2025,Completed,TRUE,TRUE,FALSE,,1.08,0.82,9,0.77
MPLADS-00310,Asaduddin Owaisi,Telangana,HYDERABAD,Education,District PWD,253000,284000,123100,1,21-07-2024,22-01-2025,,Stalled,TRUE,TRUE,FALSE,,1.12,0.43,130,-0.74
MPLADS-00311,Asaduddin Owaisi,Telangana,HYDERABAD,"Railways, Roads, Pathways & Bridges",State Rural Dev Agency,312000,305000,280500,2,19-10-2023,21-07-2024,18-08-2024,Completed,TRUE,TRUE,FALSE,,0.98,0.92,28,-0.52
MPLADS-00312,Asaduddin Owaisi,Telangana,HYDERABAD,"Railways, Roads, Pathways & Bridges",Gram Panchayat,440000,446000,0,0,31-05-2023,05-03-2024,,Not Started,TRUE,TRUE,FALSE,,1.01,0,453,1.34
MPLADS-00313,Asaduddin Owaisi,Telangana,HYDERABAD,Drinking Water Facility,Municipal Corporation,227000,233000,60300,0,24-12-2023,13-12-2024,,Stalled,TRUE,TRUE,FALSE,,1.03,0.26,170,-0.97
MPLADS-00314,Asaduddin Owaisi,Telangana,HYDERABAD,Education,Municipal Corporation,257000,233000,196800,2,30-08-2023,22-06-2024,08-07-2024,Completed,TRUE,TRUE,FALSE,,0.91,0.84,16,-1.54
MPLADS-00315,Asaduddin Owaisi,Telangana,HYDERABAD,Others,Zila Parishad,247000,281000,0,0,12-04-2023,05-10-2023,,Not Started,TRUE,TRUE,FALSE,,1.14,0,605,-0.47
MPLADS-00316,Asaduddin Owaisi,Telangana,HYDERABAD,Other Public Facilities,Zila Parishad,404000,463000,357900,2,09-02-2023,28-07-2023,22-09-2023,Completed,TRUE,TRUE,FALSE,,1.15,0.77,56,1.45
MPLADS-00317,ASHISH DUBEY,Madhya Pradesh,JABALPUR,"Railways, Roads, Pathways & Bridges",District PWD,256000,234000,68300,0,23-12-2024,25-06-2025,,In Progress,TRUE,TRUE,FALSE,,0.91,0.29,0,-1.47
MPLADS-00318,ASHISH DUBEY,Madhya Pradesh,JABALPUR,Others,State Rural Dev Agency,333000,329000,313800,3,20-09-2023,26-05-2024,18-05-2024,Completed,TRUE,TRUE,FALSE,,0.99,0.95,-8,-0.15
MPLADS-00319,ASHISH DUBEY,Madhya Pradesh,JABALPUR,Education,District PWD,426000,477000,383500,3,24-06-2024,12-03-2025,06-04-2025,Completed,TRUE,TRUE,FALSE,,1.12,0.8,25,1.85
MPLADS-00320,ASHISH DUBEY,Madhya Pradesh,JABALPUR,"Railways, Roads, Pathways & Bridges",District PWD,298000,271000,233800,3,18-02-2023,26-09-2023,19-10-2023,Completed,TRUE,TRUE,FALSE,,0.91,0.86,23,-0.93
MPLADS-00321,ASHISH DUBEY,Madhya Pradesh,JABALPUR,Other Public Facilities,Cooperative Society,242000,266000,0,0,24-04-2023,26-08-2023,,Not Started,TRUE,TRUE,FALSE,,1.1,0,645,-0.62
MPLADS-00322,ASHISH DUBEY,Madhya Pradesh,JABALPUR,"Railways, Roads, Pathways & Bridges",District PWD,402000,457000,267400,1,11-06-2024,19-10-2024,,In Progress,TRUE,TRUE,FALSE,,1.14,0.59,225,1.78
MPLADS-00323,ASHISH DUBEY,Madhya Pradesh,JABALPUR,Others,Cooperative Society,317000,354000,284900,3,21-09-2024,30-05-2025,09-06-2025,Completed,TRUE,TRUE,FALSE,,1.12,0.8,10,-0.02
MPLADS-00324,Ashok Kumar Rawat,Uttar Pradesh,MISRIKH(SC),"Railways, Roads, Pathways & Bridges",State Rural Dev Agency,428000,432000,208200,2,29-03-2023,14-02-2024,,In Progress,TRUE,TRUE,FALSE,,1.01,0.48,473,0.54
MPLADS-00325,Ashok Kumar Rawat,Uttar Pradesh,MISRIKH(SC),"Railways, Roads, Pathways & Bridges",Gram Panchayat,435000,440000,0,0,03-06-2024,19-01-2025,,Not Started,TRUE,FALSE,FALSE,,1.01,0,133,0.61
MPLADS-00326,Ashok Kumar Rawat,Uttar Pradesh,MISRIKH(SC),Others,District PWD,236000,241000,174200,1,14-02-2023,20-11-2023,,In Progress,TRUE,TRUE,TRUE,duplicate_work,1.02,0.72,559,-1.49
MPLADS-00327,Ashok Kumar Rawat,Uttar Pradesh,MISRIKH(SC),"Railways, Roads, Pathways & Bridges",Cooperative Society,314000,346000,0,0,01-01-2024,15-06-2024,,Not Started,TRUE,TRUE,FALSE,,1.1,0,351,-0.14
MPLADS-00328,Ashok Kumar Rawat,Uttar Pradesh,MISRIKH(SC),Others,District PWD,233000,268000,0,0,17-04-2023,18-01-2024,,Not Started,TRUE,TRUE,FALSE,,1.15,0,500,-1.15
MPLADS-00329,Ashok Kumar Rawat,Uttar Pradesh,MISRIKH(SC),"Railways, Roads, Pathways & Bridges",Cooperative Society,234000,254000,189300,3,27-12-2023,10-11-2024,,In Progress,TRUE,TRUE,FALSE,,1.09,0.75,203,-0.87
MPLADS-00330,Ashok Kumar Rawat,Uttar Pradesh,MISRIKH(SC),"Railways, Roads, Pathways & Bridges",Zila Parishad,405000,442000,154000,1,20-04-2024,16-01-2025,,Stalled,TRUE,TRUE,FALSE,,1.09,0.35,136,0.62
MPLADS-00331,Ashok Kumar Rawat,Uttar Pradesh,MISRIKH(SC),"Railways, Roads, Pathways & Bridges",Zila Parishad,344000,316000,204600,2,06-03-2023,24-09-2023,,In Progress,TRUE,TRUE,FALSE,,0.92,0.65,616,-0.38
MPLADS-00332,Ashok Kumar Rawat,Uttar Pradesh,MISRIKH(SC),"Railways, Roads, Pathways & Bridges",Municipal Corporation,312000,289000,0,0,14-02-2023,23-12-2023,,Not Started,TRUE,TRUE,FALSE,,0.93,0,526,-0.59
MPLADS-00333,Ashok Kumar Rawat,Uttar Pradesh,MISRIKH(SC),"Railways, Roads, Pathways & Bridges",District PWD,452000,466000,430000,3,11-06-2024,30-11-2024,17-11-2024,Completed,TRUE,TRUE,FALSE,,1.03,0.92,-13,0.81
MPLADS-00334,Ashok Kumar Rawat,Uttar Pradesh,MISRIKH(SC),"Railways, Roads, Pathways & Bridges",Cooperative Society,248000,248000,210800,2,24-10-2024,13-04-2025,12-04-2025,Completed,TRUE,TRUE,FALSE,,1,0.85,-1,-0.91
MPLADS-00335,Ashok Kumar Yadav,Bihar,MADHUBANI,Other Public Facilities,Gram Panchayat,468000,525000,493500,2,06-12-2023,21-07-2024,05-08-2024,Completed,TRUE,TRUE,FALSE,,1.12,0.94,15,-0.69
MPLADS-00336,Ashok Kumar Yadav,Bihar,MADHUBANI,Other Public Facilities,Gram Panchayat,518000,559000,0,0,26-03-2024,05-02-2025,,Not Started,TRUE,TRUE,FALSE,,1.08,0,116,-0.53
MPLADS-00337,Ashok Kumar Yadav,Bihar,MADHUBANI,Sanitation & Public Health,District PWD,634000,593000,448800,2,09-12-2024,08-10-2025,,In Progress,TRUE,TRUE,FALSE,,0.94,0.76,0,-0.55
MPLADS-00338,Ashok Kumar Yadav,Bihar,MADHUBANI,Drinking Water Facility,State Rural Dev Agency,535000,499000,403600,1,10-03-2024,28-11-2024,13-11-2024,Completed,TRUE,TRUE,FALSE,,0.93,0.81,-15,-0.54
MPLADS-00339,Ashok Kumar Yadav,Bihar,MADHUBANI,Drinking Water Facility,Municipal Corporation,436000,423000,383300,4,28-10-2023,07-08-2024,24-07-2024,Completed,TRUE,TRUE,FALSE,,0.97,0.91,-14,-0.76
MPLADS-00340,Ashok Kumar Yadav,Bihar,MADHUBANI,"Railways, Roads, Pathways & Bridges",Municipal Corporation,520000,564000,299000,1,01-04-2024,24-09-2024,,In Progress,TRUE,TRUE,FALSE,,1.08,0.53,250,-0.36
MPLADS-00341,Ashok Kumar Yadav,Bihar,MADHUBANI,Other Public Facilities,Gram Panchayat,547000,600000,486700,3,02-04-2024,03-03-2025,17-03-2025,Completed,TRUE,TRUE,FALSE,,1.1,0.81,14,-0.33
MPLADS-00342,Ashok Kumar Yadav,Bihar,MADHUBANI,Education,Cooperative Society,819000,755000,154900,0,09-10-2023,13-07-2024,,In Progress,TRUE,TRUE,FALSE,,0.92,0.21,323,0.82
MPLADS-00343,Ashok Kumar Yadav,Bihar,MADHUBANI,Other Public Facilities,Zila Parishad,419000,395000,333100,4,14-10-2024,27-07-2025,29-08-2025,Completed,TRUE,TRUE,FALSE,,0.94,0.84,33,-1.32
MPLADS-00344,Ashok Kumar Yadav,Bihar,MADHUBANI,Other Public Facilities,District PWD,813000,874000,769800,1,01-02-2023,22-07-2023,11-07-2023,Completed,TRUE,TRUE,FALSE,,1.08,0.88,-11,1.01
MPLADS-00345,Asit Kumar Mal,West Bengal,BOLPUR(SC),"Railways, Roads, Pathways & Bridges",Gram Panchayat,766000,769000,699900,2,10-05-2023,21-03-2024,08-05-2024,Completed,TRUE,TRUE,FALSE,,1,0.91,48,0.32
MPLADS-00346,Asit Kumar Mal,West Bengal,BOLPUR(SC),Other Public Facilities,Municipal Corporation,638000,715000,552200,1,03-08-2024,30-12-2024,02-02-2025,Completed,TRUE,TRUE,FALSE,,1.12,0.77,34,0.21
MPLADS-00347,Asit Kumar Mal,West Bengal,BOLPUR(SC),Other Public Facilities,Municipal Corporation,754000,738000,657500,3,16-01-2024,09-10-2024,20-10-2024,Completed,TRUE,TRUE,TRUE,duplicate_work,0.98,0.89,11,0.3
MPLADS-00348,Asit Kumar Mal,West Bengal,BOLPUR(SC),"Railways, Roads, Pathways & Bridges",District PWD,820000,797000,679100,2,12-02-2024,21-08-2024,06-08-2024,Completed,TRUE,TRUE,FALSE,,0.97,0.85,-15,0.42
MPLADS-00349,Asit Kumar Mal,West Bengal,BOLPUR(SC),Other Public Facilities,Municipal Corporation,440000,438000,197800,0,10-07-2023,08-01-2024,,In Progress,TRUE,TRUE,FALSE,,1,0.45,510,-0.87
MPLADS-00350,Asit Kumar Mal,West Bengal,BOLPUR(SC),"Railways, Roads, Pathways & Bridges",Cooperative Society,613000,627000,564300,1,24-09-2023,12-04-2024,,In Progress,TRUE,TRUE,FALSE,,1.02,0.9,415,-0.22
MPLADS-00351,Asit Kumar Mal,West Bengal,BOLPUR(SC),Drinking Water Facility,Zila Parishad,851000,876000,838200,4,17-05-2024,17-02-2025,21-02-2025,Not Started,TRUE,TRUE,TRUE,ghost_project,1.03,0.96,4,0.61
MPLADS-00352,ATUL GARG,Uttar Pradesh,GHAZIABAD,Other Public Facilities,Municipal Corporation,418000,389000,78600,3,31-12-2024,08-05-2024,25-05-2025,Stalled,TRUE,TRUE,TRUE,delayed_stalled,0.93,0.2,382,0.02
MPLADS-00353,ATUL GARG,Uttar Pradesh,GHAZIABAD,Education,Municipal Corporation,317000,285000,231700,4,14-11-2024,05-05-2025,05-06-2025,Completed,TRUE,TRUE,FALSE,,0.9,0.81,31,-0.54
MPLADS-00354,ATUL GARG,Uttar Pradesh,GHAZIABAD,Other Public Facilities,Municipal Corporation,237000,267000,145900,1,11-06-2023,11-04-2024,,In Progress,TRUE,TRUE,FALSE,,1.13,0.55,416,-0.69
MPLADS-00355,ATUL GARG,Uttar Pradesh,GHAZIABAD,"Railways, Roads, Pathways & Bridges",Zila Parishad,246000,235000,217300,3,04-06-2024,08-11-2024,26-11-2024,Completed,TRUE,TRUE,FALSE,,0.96,0.92,18,-1.02
MPLADS-00356,AVIMANYU SETHI,Odisha,BHADRAK(SC),Education,State Rural Dev Agency,202000,192000,167000,2,20-05-2024,25-09-2024,24-10-2024,Completed,TRUE,TRUE,FALSE,,0.95,0.87,29,-0.73
MPLADS-00357,AVIMANYU SETHI,Odisha,BHADRAK(SC),Other Public Facilities,Cooperative Society,269000,268000,163500,1,13-05-2023,12-02-2024,,In Progress,TRUE,TRUE,FALSE,,1,0.61,475,0.35
MPLADS-00358,AVIMANYU SETHI,Odisha,BHADRAK(SC),Education,District PWD,316000,307000,137400,0,05-05-2024,10-12-2024,,In Progress,TRUE,TRUE,FALSE,,0.97,0.45,173,0.32
MPLADS-00359,AVIMANYU SETHI,Odisha,BHADRAK(SC),"Railways, Roads, Pathways & Bridges",Cooperative Society,166000,176000,45900,0,09-05-2023,08-12-2023,,Stalled,TRUE,TRUE,FALSE,,1.06,0.26,541,-0.77
MPLADS-00360,AVIMANYU SETHI,Odisha,BHADRAK(SC),Others,Cooperative Society,252000,242000,241700,3,13-06-2024,26-01-2025,01-03-2025,Not Started,TRUE,TRUE,TRUE,ghost_project,0.96,1,34,-0.5
MPLADS-00361,AVIMANYU SETHI,Odisha,BHADRAK(SC),Drinking Water Facility,District PWD,255000,257000,213900,2,24-08-2024,04-12-2024,28-11-2024,Completed,TRUE,TRUE,FALSE,,1.01,0.83,-6,0.04
MPLADS-00362,AVIMANYU SETHI,Odisha,BHADRAK(SC),"Railways, Roads, Pathways & Bridges",Cooperative Society,173000,192000,89300,1,08-05-2023,01-05-2024,,In Progress,TRUE,TRUE,FALSE,,1.11,0.47,396,-0.64
MPLADS-00363,AVIMANYU SETHI,Odisha,BHADRAK(SC),Others,District PWD,197000,224000,194600,4,19-08-2023,16-08-2024,21-09-2024,Completed,TRUE,TRUE,FALSE,,1.14,0.87,36,-0.68
MPLADS-00364,AWADHESH PRASAD,Uttar Pradesh,FAIZABAD,Others,Cooperative Society,275000,302000,257100,4,14-09-2023,18-08-2024,12-10-2024,Completed,TRUE,TRUE,FALSE,,1.1,0.85,55,-0.71
MPLADS-00365,AWADHESH PRASAD,Uttar Pradesh,FAIZABAD,Other Public Facilities,State Rural Dev Agency,268000,273000,181800,1,07-11-2023,20-08-2024,,In Progress,TRUE,TRUE,FALSE,,1.02,0.67,285,-0.65
MPLADS-00366,AWADHESH PRASAD,Uttar Pradesh,FAIZABAD,Other Public Facilities,State Rural Dev Agency,385000,362000,302000,1,17-08-2024,19-04-2025,30-05-2025,Completed,TRUE,TRUE,FALSE,,0.94,0.83,41,-0.14
MPLADS-00367,AWADHESH PRASAD,Uttar Pradesh,FAIZABAD,Education,District PWD,445000,426000,0,0,12-12-2023,01-09-2024,,Not Started,TRUE,TRUE,FALSE,,0.96,0,273,0.15
MPLADS-00368,AWADHESH PRASAD,Uttar Pradesh,FAIZABAD,Education,Cooperative Society,427000,462000,392700,1,25-03-2023,19-07-2023,02-08-2023,Completed,TRUE,TRUE,FALSE,,1.08,0.85,14,0.33
MPLADS-00369,AZAD KIRTI JHA,West Bengal,BARDHAMAN-DURGAPUR,Other Public Facilities,Gram Panchayat,595000,594000,0,0,04-08-2023,27-05-2024,,Not Started,TRUE,TRUE,FALSE,,1,0,370,-0.26
MPLADS-00370,AZAD KIRTI JHA,West Bengal,BARDHAMAN-DURGAPUR,Others,Zila Parishad,684000,677000,448800,2,04-10-2024,06-08-2025,,In Progress,TRUE,TRUE,FALSE,,0.99,0.66,0,0.13
MPLADS-00371,AZAD KIRTI JHA,West Bengal,BARDHAMAN-DURGAPUR,Other Public Facilities,Zila Parishad,538000,510000,393200,2,02-12-2024,09-11-2025,29-10-2025,Completed,TRUE,TRUE,FALSE,,0.95,0.77,-11,-0.59
MPLADS-00372,AZAD KIRTI JHA,West Bengal,BARDHAMAN-DURGAPUR,"Railways, Roads, Pathways & Bridges",Zila Parishad,451000,410000,316900,2,26-03-2024,11-08-2024,29-09-2024,Completed,TRUE,FALSE,TRUE,no_mp_recommendation,0.91,0.77,49,-1.03
MPLADS-00373,AZAD KIRTI JHA,West Bengal,BARDHAMAN-DURGAPUR,Sanitation & Public Health,Municipal Corporation,763000,741000,0,0,17-11-2023,22-05-2024,,Not Started,TRUE,TRUE,FALSE,,0.97,0,375,0.5
MPLADS-00374,AZAD KIRTI JHA,West Bengal,BARDHAMAN-DURGAPUR,Others,Municipal Corporation,821000,825000,783100,3,13-02-2024,13-12-2024,31-12-2024,Completed,TRUE,TRUE,FALSE,,1,0.95,18,1.25
MPLADS-00375,AZAD KIRTI JHA,West Bengal,BARDHAMAN-DURGAPUR,"Railways, Roads, Pathways & Bridges",District PWD,690000,653000,357200,1,05-09-2023,04-03-2024,,In Progress,TRUE,TRUE,FALSE,,0.95,0.55,454,-0.12
MPLADS-00376,B K PARTHASARATHI,Andhra Pradesh,HINDUPUR,Other Public Facilities,Zila Parishad,476000,446000,389000,2,21-02-2023,17-01-2024,09-02-2024,Completed,TRUE,TRUE,FALSE,,0.94,0.87,23,0.12
MPLADS-00377,B K PARTHASARATHI,Andhra Pradesh,HINDUPUR,Education,Zila Parishad,298000,278000,0,0,13-06-2023,08-04-2024,,Not Started,TRUE,TRUE,FALSE,,0.93,0,419,-0.94
MPLADS-00378,B K PARTHASARATHI,Andhra Pradesh,HINDUPUR,Education,Municipal Corporation,438000,400000,128900,0,13-06-2023,04-06-2024,,In Progress,TRUE,TRUE,FALSE,,0.91,0.32,362,-0.36
MPLADS-00379,B K PARTHASARATHI,Andhra Pradesh,HINDUPUR,"Railways, Roads, Pathways & Bridges",Zila Parishad,288000,965000,934800,3,24-05-2024,14-05-2025,12-05-2025,Completed,TRUE,TRUE,TRUE,cost_overrun,3.35,0.97,-2,4.2
MPLADS-00380,B K PARTHASARATHI,Andhra Pradesh,HINDUPUR,Other Public Facilities,State Rural Dev Agency,532000,535000,326900,2,09-08-2023,29-01-2024,,In Progress,FALSE,TRUE,FALSE,,1.01,0.61,489,1.11
MPLADS-00381,B K PARTHASARATHI,Andhra Pradesh,HINDUPUR,"Railways, Roads, Pathways & Bridges",District PWD,394000,443000,126200,1,31-10-2024,07-09-2025,,In Progress,TRUE,FALSE,FALSE,,1.12,0.28,0,-0.11
MPLADS-00382,B K PARTHASARATHI,Andhra Pradesh,HINDUPUR,Other Public Facilities,Gram Panchayat,401000,420000,394800,2,17-03-2024,13-12-2024,30-11-2024,Completed,TRUE,TRUE,FALSE,,1.05,0.94,-13,-0.17
MPLADS-00383,BABU SINGH KUSHWAHA,Uttar Pradesh,JAUNPUR,Other Public Facilities,Municipal Corporation,407000,377000,327700,2,10-01-2024,28-08-2024,17-09-2024,Completed,TRUE,TRUE,FALSE,,0.93,0.87,20,-0.05
MPLADS-00384,BABU SINGH KUSHWAHA,Uttar Pradesh,JAUNPUR,Others,State Rural Dev Agency,422000,453000,390300,3,20-07-2024,02-05-2025,18-05-2025,Completed,TRUE,TRUE,FALSE,,1.07,0.86,16,1.21
MPLADS-00385,BABU SINGH KUSHWAHA,Uttar Pradesh,JAUNPUR,Other Public Facilities,Zila Parishad,294000,536000,0,0,14-10-2023,05-03-2024,,Not Started,FALSE,TRUE,TRUE,no_tender_high_value,1.82,0,453,0.86
MPLADS-00386,BABU SINGH KUSHWAHA,Uttar Pradesh,JAUNPUR,Education,Municipal Corporation,457000,509000,445300,3,10-04-2023,17-01-2024,24-02-2024,Completed,TRUE,TRUE,FALSE,,1.11,0.87,38,0.56
MPLADS-00387,BABU SINGH KUSHWAHA,Uttar Pradesh,JAUNPUR,Others,District PWD,346000,344000,280100,1,28-05-2023,09-10-2023,20-11-2023,Completed,TRUE,TRUE,FALSE,,0.99,0.81,42,-0.18
MPLADS-00388,BABU SINGH KUSHWAHA,Uttar Pradesh,JAUNPUR,Other Public Facilities,Gram Panchayat,234000,252000,232400,2,09-02-2023,31-01-2024,15-02-2024,Completed,TRUE,TRUE,FALSE,,1.08,0.92,15,-0.77
MPLADS-00389,BACHHAV SHOBHA DINESH,Maharashtra,DHULE,Other Public Facilities,State Rural Dev Agency,593000,592000,199800,1,02-06-2023,06-10-2023,,In Progress,TRUE,TRUE,FALSE,,1,0.34,604,-0.08
MPLADS-00390,BACHHAV SHOBHA DINESH,Maharashtra,DHULE,Other Public Facilities,Municipal Corporation,686000,660000,527600,3,23-11-2023,10-08-2024,04-09-2024,Completed,TRUE,TRUE,FALSE,,0.96,0.8,25,0.21
MPLADS-00391,BACHHAV SHOBHA DINESH,Maharashtra,DHULE,Others,Cooperative Society,386000,412000,329500,2,30-08-2024,12-12-2024,04-01-2025,Completed,TRUE,TRUE,FALSE,,1.07,0.8,23,-1
MPLADS-00392,BACHHAV SHOBHA DINESH,Maharashtra,DHULE,Other Public Facilities,Cooperative Society,509000,551000,438000,3,30-07-2024,16-02-2025,02-02-2025,Completed,TRUE,TRUE,FALSE,,1.08,0.79,-14,-0.25
MPLADS-00393,BACHHAV SHOBHA DINESH,Maharashtra,DHULE,"Railways, Roads, Pathways & Bridges",Cooperative Society,547000,586000,138800,1,23-04-2023,21-10-2023,,Stalled,TRUE,TRUE,FALSE,,1.07,0.24,589,-0.13
MPLADS-00394,BACHHAV SHOBHA DINESH,Maharashtra,DHULE,Other Public Facilities,Cooperative Society,638000,675000,285400,1,05-12-2024,28-04-2025,,In Progress,TRUE,TRUE,FALSE,,1.06,0.42,34,0.27
MPLADS-00395,BACHHAV SHOBHA DINESH,Maharashtra,DHULE,Other Public Facilities,Zila Parishad,420000,407000,226500,1,15-08-2024,27-01-2025,,In Progress,TRUE,TRUE,FALSE,,0.97,0.56,125,-0.86
MPLADS-00396,BACHHAV SHOBHA DINESH,Maharashtra,DHULE,Sanitation & Public Health,Zila Parishad,450000,514000,255800,1,20-06-2024,19-10-2024,,In Progress,TRUE,TRUE,FALSE,,1.14,0.5,225,-0.57
MPLADS-00397,BAG MITALI,West Bengal,ARAMBAG(SC),Drinking Water Facility,Zila Parishad,550000,535000,435400,1,28-11-2024,25-08-2025,21-10-2025,Completed,TRUE,TRUE,FALSE,,0.97,0.81,57,-0.56
MPLADS-00398,BAG MITALI,West Bengal,ARAMBAG(SC),Others,Zila Parishad,563000,520000,446600,3,20-01-2023,01-10-2023,30-10-2023,Completed,TRUE,TRUE,FALSE,,0.92,0.86,29,-1.06
MPLADS-00399,BAG MITALI,West Bengal,ARAMBAG(SC),"Railways, Roads, Pathways & Bridges",Cooperative Society,440000,502000,391800,2,25-02-2024,01-08-2024,,In Progress,TRUE,TRUE,FALSE,,1.14,0.78,304,-0.69
MPLADS-00400,BAG MITALI,West Bengal,ARAMBAG(SC),Education,Cooperative Society,551000,578000,435800,3,05-03-2023,27-01-2024,,In Progress,TRUE,TRUE,FALSE,,1.05,0.75,491,-0.66
MPLADS-00401,BAG MITALI,West Bengal,ARAMBAG(SC),"Railways, Roads, Pathways & Bridges",State Rural Dev Agency,501000,569000,324200,2,04-05-2024,20-02-2025,,In Progress,TRUE,TRUE,FALSE,,1.14,0.57,101,-0.43
MPLADS-00402,BAG MITALI,West Bengal,ARAMBAG(SC),Other Public Facilities,Cooperative Society,729000,730000,469800,2,17-12-2023,20-03-2024,,In Progress,TRUE,TRUE,FALSE,,1,0.64,438,0.27
MPLADS-00403,BAIJAYANT PANDA,Odisha,KENDRAPARA,"Railways, Roads, Pathways & Bridges",Zila Parishad,236000,218000,0,0,20-10-2024,11-08-2025,,Not Started,TRUE,TRUE,FALSE,,0.92,0,0,-0.44
MPLADS-00404,BAIJAYANT PANDA,Odisha,KENDRAPARA,Education,Municipal Corporation,207000,209000,83700,1,13-10-2023,27-07-2024,,In Progress,TRUE,TRUE,FALSE,,1.01,0.4,309,-0.57
MPLADS-00405,BAIJAYANT PANDA,Odisha,KENDRAPARA,Other Public Facilities,Gram Panchayat,204000,220000,76900,1,23-10-2023,11-01-2023,,Stalled,TRUE,TRUE,TRUE,delayed_stalled,1.08,0.35,872,-0.66
MPLADS-00406,BAIJAYANT PANDA,Odisha,KENDRAPARA,Others,Municipal Corporation,286000,258000,75600,0,24-12-2023,30-05-2024,,In Progress,TRUE,TRUE,FALSE,,0.9,0.29,367,-0.33
MPLADS-00407,BAIJAYANT PANDA,Odisha,KENDRAPARA,"Railways, Roads, Pathways & Bridges",Gram Panchayat,240000,260000,69500,1,05-05-2023,16-01-2024,,In Progress,TRUE,TRUE,FALSE,,1.08,0.27,502,-0.11
MPLADS-00408,BAIJAYANT PANDA,Odisha,KENDRAPARA,"Railways, Roads, Pathways & Bridges",Municipal Corporation,321000,356000,21000,0,20-12-2023,26-10-2024,,Stalled,TRUE,TRUE,FALSE,,1.11,0.06,218,0.64
MPLADS-00409,BAIJAYANT PANDA,Odisha,KENDRAPARA,Other Public Facilities,Gram Panchayat,286000,295000,253800,4,22-03-2023,08-07-2023,17-07-2023,Completed,TRUE,TRUE,FALSE,,1.03,0.86,9,0.92
MPLADS-00410,BAIJAYANT PANDA,Odisha,KENDRAPARA,Other Public Facilities,Cooperative Society,253000,245000,221800,3,08-08-2023,15-02-2024,06-04-2024,Completed,TRUE,TRUE,FALSE,,0.97,0.91,51,-0.13
MPLADS-00411,BAJRANG MANOHAR SONWANE,Maharashtra,BEED,Other Public Facilities,Zila Parishad,493000,498000,439300,3,06-10-2023,10-01-2024,14-01-2024,Completed,TRUE,TRUE,FALSE,,1.01,0.88,4,-0.47
MPLADS-00412,BAJRANG MANOHAR SONWANE,Maharashtra,BEED,"Railways, Roads, Pathways & Bridges",District PWD,569000,644000,277600,1,21-02-2023,19-06-2023,,In Progress,TRUE,TRUE,FALSE,,1.13,0.43,713,0.31
MPLADS-00413,BAJRANG MANOHAR SONWANE,Maharashtra,BEED,"Railways, Roads, Pathways & Bridges",Zila Parishad,443000,416000,383600,3,13-04-2023,31-07-2023,26-07-2023,Completed,TRUE,TRUE,FALSE,,0.94,0.92,-5,-1.41
MPLADS-00414,BAJRANG MANOHAR SONWANE,Maharashtra,BEED,Others,Cooperative Society,692000,741000,112400,0,06-01-2023,06-05-2023,,Stalled,TRUE,TRUE,FALSE,,1.07,0.15,757,0.83
MPLADS-00415,BAJRANG MANOHAR SONWANE,Maharashtra,BEED,Sanitation & Public Health,Municipal Corporation,586000,580000,526800,4,02-05-2024,05-11-2024,,Not Started,TRUE,TRUE,TRUE,ghost_project,0.99,0.91,208,-0.13
MPLADS-00416,BAJRANG MANOHAR SONWANE,Maharashtra,BEED,Other Public Facilities,State Rural Dev Agency,499000,563000,187600,1,20-10-2023,06-10-2024,,In Progress,TRUE,TRUE,FALSE,,1.13,0.33,238,-0.2
MPLADS-00417,BAJRANG MANOHAR SONWANE,Maharashtra,BEED,Others,Zila Parishad,716000,663000,199200,1,26-08-2023,11-03-2024,,In Progress,TRUE,TRUE,FALSE,,0.93,0.3,447,0.4
MPLADS-00418,BALABHADRA MAJHI,Odisha,NABARANGPUR(ST),Other Public Facilities,Gram Panchayat,194000,208000,0,0,03-03-2024,03-08-2024,,Not Started,TRUE,TRUE,TRUE,duplicate_work,1.07,0,302,-0.91
MPLADS-00419,BALABHADRA MAJHI,Odisha,NABARANGPUR(ST),"Railways, Roads, Pathways & Bridges",Municipal Corporation,165000,178000,148800,2,22-05-2024,09-03-2025,30-03-2025,Completed,TRUE,TRUE,FALSE,,1.08,0.84,21,-0.75
MPLADS-00420,BALABHADRA MAJHI,Odisha,NABARANGPUR(ST),"Railways, Roads, Pathways & Bridges",Municipal Corporation,201000,207000,180300,1,08-02-2023,23-10-2023,23-10-2023,Completed,TRUE,TRUE,FALSE,,1.03,0.87,0,-0.53
MPLADS-00421,BALABHADRA MAJHI,Odisha,NABARANGPUR(ST),Education,Zila Parishad,203000,194000,106900,1,19-10-2023,06-10-2024,,In Progress,TRUE,TRUE,FALSE,,0.96,0.55,238,-0.71
MPLADS-00422,BALABHADRA MAJHI,Odisha,NABARANGPUR(ST),Education,Zila Parishad,254000,273000,194200,1,31-05-2024,10-03-2025,,In Progress,TRUE,TRUE,FALSE,,1.07,0.71,83,0.01
MPLADS-00423,BALABHADRA MAJHI,Odisha,NABARANGPUR(ST),Drinking Water Facility,Municipal Corporation,232000,259000,63700,0,14-04-2024,02-01-2025,,In Progress,TRUE,FALSE,FALSE,,1.12,0.25,150,0.08
MPLADS-00424,BALABHADRA MAJHI,Odisha,NABARANGPUR(ST),"Railways, Roads, Pathways & Bridges",Cooperative Society,220000,206000,84600,1,30-10-2023,05-08-2024,,In Progress,TRUE,TRUE,FALSE,,0.94,0.41,300,-0.53
MPLADS-00425,BALABHADRA MAJHI,Odisha,NABARANGPUR(ST),Education,Cooperative Society,312000,297000,0,0,20-02-2024,06-10-2024,,Not Started,TRUE,TRUE,FALSE,,0.95,0,238,0.22
MPLADS-00426,BALABHADRA MAJHI,Odisha,NABARANGPUR(ST),"Railways, Roads, Pathways & Bridges",Zila Parishad,295000,271000,250200,2,08-04-2023,14-11-2023,08-12-2023,Completed,TRUE,TRUE,FALSE,,0.92,0.92,24,-0.02
MPLADS-00427,Balashowry Vallabbhaneni,Andhra Pradesh,MACHILIPATNAM,Drinking Water Facility,Municipal Corporation,384000,422000,379700,4,07-01-2023,09-08-2023,04-08-2023,Completed,TRUE,TRUE,FALSE,,1.1,0.9,-5,-0.42
MPLADS-00428,Balashowry Vallabbhaneni,Andhra Pradesh,MACHILIPATNAM,Others,Municipal Corporation,422000,388000,151600,1,06-11-2023,20-05-2024,,In Progress,TRUE,TRUE,FALSE,,0.92,0.39,377,-0.7
MPLADS-00429,Balashowry Vallabbhaneni,Andhra Pradesh,MACHILIPATNAM,Others,Zila Parishad,307000,326000,292400,3,10-12-2024,30-03-2025,09-04-2025,Completed,TRUE,TRUE,FALSE,,1.06,0.9,10,-1.27
MPLADS-00430,Balashowry Vallabbhaneni,Andhra Pradesh,MACHILIPATNAM,Education,Municipal Corporation,575000,598000,201300,1,20-02-2024,16-08-2024,,In Progress,TRUE,TRUE,TRUE,duplicate_work,1.04,0.34,289,0.59
MPLADS-00431,Balashowry Vallabbhaneni,Andhra Pradesh,MACHILIPATNAM,"Railways, Roads, Pathways & Bridges",State Rural Dev Agency,394000,400000,316200,3,07-12-2024,21-09-2025,23-10-2025,Completed,TRUE,TRUE,FALSE,,1.02,0.79,32,-0.47
MPLADS-00432,BALRAM NAIK PORIKA,Telangana,MAHABUBABAD,Other Public Facilities,Cooperative Society,328000,296000,240700,3,15-08-2023,21-06-2024,01-08-2024,Completed,TRUE,TRUE,FALSE,,0.9,0.81,41,-1.15
MPLADS-00433,BALWANT BASWANT WANKHADE,Maharashtra,AMRAVATI(SC),"Railways, Roads, Pathways & Bridges",State Rural Dev Agency,721000,784000,669600,3,12-09-2024,17-08-2025,26-09-2025,Completed,TRUE,TRUE,FALSE,,1.09,0.85,40,1.37
MPLADS-00434,BALWANT BASWANT WANKHADE,Maharashtra,AMRAVATI(SC),Other Public Facilities,State Rural Dev Agency,721000,753000,0,0,11-11-2024,01-08-2025,,Not Started,TRUE,TRUE,FALSE,,1.04,0,0,0.6
MPLADS-00435,BALWANT BASWANT WANKHADE,Maharashtra,AMRAVATI(SC),Drinking Water Facility,State Rural Dev Agency,655000,634000,216500,0,25-03-2023,17-08-2023,,In Progress,TRUE,TRUE,FALSE,,0.97,0.34,654,-0.19
MPLADS-00436,BALWANT BASWANT WANKHADE,Maharashtra,AMRAVATI(SC),Education,State Rural Dev Agency,728000,747000,605600,3,25-04-2023,13-09-2023,31-08-2023,Completed,TRUE,TRUE,FALSE,,1.03,0.81,-13,0.23
MPLADS-00437,BALWANT BASWANT WANKHADE,Maharashtra,AMRAVATI(SC),Education,District PWD,695000,740000,588600,3,03-07-2024,07-05-2025,08-05-2025,Completed,TRUE,FALSE,TRUE,no_mp_recommendation,1.06,0.8,1,0.21
MPLADS-00438,BALWANT BASWANT WANKHADE,Maharashtra,AMRAVATI(SC),Other Public Facilities,State Rural Dev Agency,506000,489000,437400,2,27-11-2024,18-04-2025,23-05-2025,Completed,TRUE,TRUE,FALSE,,0.97,0.89,35,-0.51
MPLADS-00439,BALWANT BASWANT WANKHADE,Maharashtra,AMRAVATI(SC),Other Public Facilities,Gram Panchayat,483000,515000,0,0,01-04-2024,09-02-2025,,Not Started,TRUE,TRUE,FALSE,,1.07,0,112,-0.4
MPLADS-00440,BALWANT BASWANT WANKHADE,Maharashtra,AMRAVATI(SC),Other Public Facilities,Cooperative Society,453000,418000,345700,2,31-07-2024,09-05-2025,18-05-2025,Completed,TRUE,TRUE,FALSE,,0.92,0.83,9,-0.81
MPLADS-00441,BALWANT BASWANT WANKHADE,Maharashtra,AMRAVATI(SC),"Railways, Roads, Pathways & Bridges",State Rural Dev Agency,717000,689000,583400,3,23-01-2023,23-09-2023,07-09-2023,Completed,TRUE,TRUE,FALSE,,0.96,0.85,-16,0.65
MPLADS-00442,BALYA MAMA SURESH GOPINATH MHATRE,Maharashtra,BHIWANDI,"Railways, Roads, Pathways & Bridges",District PWD,763000,749000,598600,1,16-03-2023,05-01-2024,18-02-2024,Completed,TRUE,TRUE,FALSE,,0.98,0.8,44,1.11
MPLADS-00443,BALYA MAMA SURESH GOPINATH MHATRE,Maharashtra,BHIWANDI,Education,Zila Parishad,681000,709000,161700,0,12-03-2023,04-09-2023,,Stalled,TRUE,TRUE,FALSE,,1.04,0.23,636,0.12
MPLADS-00444,BALYA MAMA SURESH GOPINATH MHATRE,Maharashtra,BHIWANDI,"Railways, Roads, Pathways & Bridges",Gram Panchayat,387000,422000,0,0,19-05-2023,04-02-2024,,Not Started,TRUE,TRUE,FALSE,,1.09,0,483,-1.37
MPLADS-00445,BALYA MAMA SURESH GOPINATH MHATRE,Maharashtra,BHIWANDI,"Railways, Roads, Pathways & Bridges",Gram Panchayat,701000,739000,258000,1,19-01-2024,19-09-2024,,Stalled,TRUE,TRUE,FALSE,,1.05,0.35,255,1.03
MPLADS-00446,BALYA MAMA SURESH GOPINATH MHATRE,Maharashtra,BHIWANDI,Other Public Facilities,Zila Parishad,760000,828000,717500,2,20-01-2024,18-08-2024,23-09-2024,Completed,TRUE,TRUE,FALSE,,1.09,0.87,36,0.92
MPLADS-00447,BALYA MAMA SURESH GOPINATH MHATRE,Maharashtra,BHIWANDI,"Railways, Roads, Pathways & Bridges",Gram Panchayat,609000,689000,0,0,31-10-2024,11-10-2025,,Not Started,TRUE,TRUE,FALSE,,1.13,0,0,0.65
MPLADS-00448,BALYA MAMA SURESH GOPINATH MHATRE,Maharashtra,BHIWANDI,Sanitation & Public Health,District PWD,462000,531000,468000,3,25-06-2024,19-06-2025,20-07-2025,Completed,TRUE,TRUE,FALSE,,1.15,0.88,31,-0.45
MPLADS-00449,BALYA MAMA SURESH GOPINATH MHATRE,Maharashtra,BHIWANDI,"Railways, Roads, Pathways & Bridges",Gram Panchayat,555000,593000,378200,1,02-11-2023,04-08-2024,,In Progress,TRUE,TRUE,FALSE,,1.07,0.64,301,-0.07
MPLADS-00450,BALYA MAMA SURESH GOPINATH MHATRE,Maharashtra,BHIWANDI,Others,Cooperative Society,446000,457000,358500,1,24-08-2023,29-05-2024,03-07-2024,Completed,TRUE,TRUE,FALSE,,1.02,0.78,35,-0.75
MPLADS-00451,BALYA MAMA SURESH GOPINATH MHATRE,Maharashtra,BHIWANDI,Other Public Facilities,District PWD,610000,576000,514600,3,26-04-2023,03-02-2024,19-02-2024,Completed,TRUE,TRUE,FALSE,,0.94,0.89,16,-0.14
MPLADS-00452,Bansuri Swaraj,Delhi,NEW DELHI,Other Public Facilities,State Rural Dev Agency,2735000,3035000,2431000,2,04-09-2023,10-07-2024,04-09-2024,Completed,TRUE,TRUE,FALSE,,1.11,0.8,56,1.13
MPLADS-00453,Bansuri Swaraj,Delhi,NEW DELHI,"Railways, Roads, Pathways & Bridges",Gram Panchayat,2530000,2452000,2206800,3,19-11-2024,28-10-2025,,In Progress,FALSE,TRUE,FALSE,,0.97,0.9,0,0.26
MPLADS-00454,Bansuri Swaraj,Delhi,NEW DELHI,Other Public Facilities,District PWD,2180000,1990000,1710900,3,25-03-2024,01-07-2024,14-07-2024,Completed,TRUE,TRUE,FALSE,,0.91,0.86,13,-1.16
MPLADS-00455,BAPI HALDAR,West Bengal,MATHURAPUR(SC),Others,Cooperative Society,704000,805000,393000,2,24-05-2023,27-12-2023,,In Progress,TRUE,TRUE,FALSE,,1.14,0.49,522,1.1
MPLADS-00456,BAPI HALDAR,West Bengal,MATHURAPUR(SC),"Railways, Roads, Pathways & Bridges",Municipal Corporation,579000,531000,445900,1,12-08-2024,05-08-2025,19-09-2025,Completed,TRUE,TRUE,FALSE,,0.92,0.84,45,-0.58
MPLADS-00457,BAPI HALDAR,West Bengal,MATHURAPUR(SC),"Railways, Roads, Pathways & Bridges",Zila Parishad,533000,542000,440500,2,31-08-2023,10-02-2024,30-01-2024,Completed,TRUE,TRUE,FALSE,,1.02,0.81,-11,-0.54
MPLADS-00458,BAPI HALDAR,West Bengal,MATHURAPUR(SC),"Railways, Roads, Pathways & Bridges",Cooperative Society,856000,933000,833800,2,28-02-2024,18-02-2025,05-03-2025,Completed,TRUE,TRUE,FALSE,,1.09,0.89,15,0.94
MPLADS-00459,BAPI HALDAR,West Bengal,MATHURAPUR(SC),"Railways, Roads, Pathways & Bridges",Municipal Corporation,534000,498000,251300,1,29-06-2023,06-12-2023,,In Progress,TRUE,TRUE,FALSE,,0.93,0.5,543,-0.7
MPLADS-00460,BAPI HALDAR,West Bengal,MATHURAPUR(SC),Other Public Facilities,Gram Panchayat,461000,439000,237100,2,20-10-2024,28-08-2025,,In Progress,TRUE,TRUE,FALSE,,0.95,0.54,0,-0.87
MPLADS-00461,BAPI HALDAR,West Bengal,MATHURAPUR(SC),"Railways, Roads, Pathways & Bridges",Gram Panchayat,470000,480000,385800,3,23-02-2024,14-08-2024,08-09-2024,Completed,TRUE,TRUE,FALSE,,1.02,0.8,25,-0.77
MPLADS-00462,BAPI HALDAR,West Bengal,MATHURAPUR(SC),"Railways, Roads, Pathways & Bridges",Gram Panchayat,685000,703000,0,0,04-09-2023,11-01-2024,,Not Started,TRUE,TRUE,FALSE,,1.03,0,507,0.07
MPLADS-00463,BAPI HALDAR,West Bengal,MATHURAPUR(SC),"Railways, Roads, Pathways & Bridges",Zila Parishad,645000,594000,439100,1,01-03-2023,03-10-2023,,In Progress,TRUE,TRUE,FALSE,,0.92,0.74,607,-0.34
MPLADS-00464,BAPI HALDAR,West Bengal,MATHURAPUR(SC),Education,Gram Panchayat,632000,683000,561800,3,02-02-2024,06-10-2024,08-11-2024,Completed,TRUE,TRUE,TRUE,duplicate_work,1.08,0.82,33,0.05
MPLADS-00465,BASAVARAJ BOMMAI,Karnataka,HAVERI,Drinking Water Facility,Municipal Corporation,775000,768000,632600,3,15-01-2024,06-12-2024,18-12-2024,Completed,TRUE,TRUE,FALSE,,0.99,0.82,12,0.71
MPLADS-00466,BASAVARAJ BOMMAI,Karnataka,HAVERI,"Railways, Roads, Pathways & Bridges",Zila Parishad,505000,575000,93900,0,22-01-2024,08-06-2024,,In Progress,TRUE,TRUE,FALSE,,1.14,0.16,358,-0.79
MPLADS-00467,BASAVARAJ BOMMAI,Karnataka,HAVERI,Other Public Facilities,Municipal Corporation,628000,666000,95600,0,24-08-2024,24-01-2025,,In Progress,TRUE,TRUE,FALSE,,1.06,0.14,128,-0.06
MPLADS-00468,BASAVARAJ BOMMAI,Karnataka,HAVERI,"Railways, Roads, Pathways & Bridges",Cooperative Society,663000,627000,197700,0,07-11-2023,21-04-2024,,Stalled,FALSE,TRUE,FALSE,,0.95,0.32,406,-0.37
MPLADS-00469,BASAVARAJ BOMMAI,Karnataka,HAVERI,"Railways, Roads, Pathways & Bridges",Cooperative Society,770000,748000,350200,1,01-05-2023,09-04-2024,,In Progress,TRUE,TRUE,FALSE,,0.97,0.47,418,0.6
MPLADS-00470,BASAVARAJ BOMMAI,Karnataka,HAVERI,Education,Municipal Corporation,758000,752000,394600,1,10-09-2024,01-01-2025,,In Progress,TRUE,TRUE,FALSE,,0.99,0.52,151,0.43
MPLADS-00471,BASAVARAJ BOMMAI,Karnataka,HAVERI,Other Public Facilities,Municipal Corporation,758000,715000,622400,2,17-10-2023,18-07-2024,16-07-2024,Completed,TRUE,TRUE,FALSE,,0.94,0.87,-2,0.13
MPLADS-00472,BASAVARAJ BOMMAI,Karnataka,HAVERI,"Railways, Roads, Pathways & Bridges",Cooperative Society,422000,472000,194400,1,04-01-2024,06-11-2024,,In Progress,TRUE,TRUE,FALSE,,1.12,0.41,207,-1.62
MPLADS-00473,BASAVARAJ BOMMAI,Karnataka,HAVERI,Other Public Facilities,Municipal Corporation,486000,493000,0,0,25-04-2024,28-10-2024,,Not Started,TRUE,TRUE,FALSE,,1.01,0,216,-0.75
MPLADS-00474,BASAVARAJ BOMMAI,Karnataka,HAVERI,Drinking Water Facility,District PWD,810000,737000,637200,2,28-02-2024,16-08-2024,13-08-2024,Completed,TRUE,TRUE,FALSE,,0.91,0.86,-3,0.51
MPLADS-00475,BASTIPATI NAGARAJU PANCHALINGALA,Andhra Pradesh,KURNOOL,Other Public Facilities,Municipal Corporation,337000,306000,123600,1,25-09-2023,18-02-2024,,In Progress,TRUE,TRUE,FALSE,,0.91,0.4,469,-1.43
MPLADS-00476,BASTIPATI NAGARAJU PANCHALINGALA,Andhra Pradesh,KURNOOL,Drinking Water Facility,Zila Parishad,465000,524000,390800,3,06-06-2023,22-01-2024,11-02-2024,Completed,TRUE,TRUE,FALSE,,1.13,0.75,20,0.63
MPLADS-00477,BASTIPATI NAGARAJU PANCHALINGALA,Andhra Pradesh,KURNOOL,"Railways, Roads, Pathways & Bridges",Gram Panchayat,295000,299000,297900,4,26-05-2024,28-10-2024,,Not Started,TRUE,TRUE,TRUE,ghost_project,1.01,1,216,-1.3
MPLADS-00478,BASTIPATI NAGARAJU PANCHALINGALA,Andhra Pradesh,KURNOOL,Other Public Facilities,Municipal Corporation,320000,337000,124500,1,19-10-2024,04-04-2025,,In Progress,TRUE,TRUE,FALSE,,1.05,0.37,58,-1.09
MPLADS-00479,BASTIPATI NAGARAJU PANCHALINGALA,Andhra Pradesh,KURNOOL,Education,State Rural Dev Agency,504000,469000,372100,3,23-06-2023,20-04-2024,19-04-2024,Completed,TRUE,TRUE,FALSE,,0.93,0.79,-1,-0.03
MPLADS-00480,BASTIPATI NAGARAJU PANCHALINGALA,Andhra Pradesh,KURNOOL,Other Public Facilities,District PWD,555000,553000,204300,0,19-10-2024,04-02-2025,,Stalled,TRUE,TRUE,FALSE,,1,0.37,117,1.31
MPLADS-00481,BASTIPATI NAGARAJU PANCHALINGALA,Andhra Pradesh,KURNOOL,Education,Cooperative Society,296000,338000,289600,2,15-11-2024,15-08-2025,08-10-2025,Completed,FALSE,TRUE,FALSE,,1.14,0.86,54,-0.65
MPLADS-00482,BASTIPATI NAGARAJU PANCHALINGALA,Andhra Pradesh,KURNOOL,Other Public Facilities,Gram Panchayat,483000,473000,409900,2,25-08-2023,13-07-2024,06-09-2024,Completed,TRUE,TRUE,FALSE,,0.98,0.87,55,0.42
MPLADS-00483,Bhagirath Chaudhary,Rajasthan,AJMER,Other Public Facilities,Gram Panchayat,671000,770000,675000,1,18-01-2024,11-07-2024,18-07-2024,Completed,TRUE,TRUE,FALSE,,1.15,0.88,7,1.12
MPLADS-00484,Bhagirath Chaudhary,Rajasthan,AJMER,Education,District PWD,521000,514000,275000,1,06-11-2024,21-09-2025,,In Progress,FALSE,TRUE,FALSE,,0.99,0.54,0,-0.53
MPLADS-00485,Bhagirath Chaudhary,Rajasthan,AJMER,"Railways, Roads, Pathways & Bridges",District PWD,481000,504000,206900,2,18-01-2023,29-05-2023,,In Progress,TRUE,TRUE,FALSE,,1.05,0.41,734,-0.6
MPLADS-00486,BHAJAN LAL JATAV,Rajasthan,KARAULI-DHOLPUR(SC),"Railways, Roads, Pathways & Bridges",Zila Parishad,501000,534000,0,0,29-05-2024,18-12-2024,,Not Started,TRUE,TRUE,FALSE,,1.07,0,165,-0.51
MPLADS-00487,BHAJAN LAL JATAV,Rajasthan,KARAULI-DHOLPUR(SC),Others,State Rural Dev Agency,783000,883000,96300,0,20-04-2023,13-10-2023,,Stalled,TRUE,TRUE,FALSE,,1.13,0.11,597,1.81
MPLADS-00488,BHAJAN LAL JATAV,Rajasthan,KARAULI-DHOLPUR(SC),"Railways, Roads, Pathways & Bridges",District PWD,555000,559000,501000,3,23-06-2024,07-05-2025,27-04-2025,Completed,TRUE,TRUE,FALSE,,1.01,0.9,-10,-0.43
MPLADS-00489,BHAJAN LAL JATAV,Rajasthan,KARAULI-DHOLPUR(SC),Sanitation & Public Health,Cooperative Society,532000,544000,45000,0,18-01-2024,08-07-2024,,Stalled,TRUE,TRUE,FALSE,,1.02,0.08,328,-0.47
MPLADS-00490,BHAJAN LAL JATAV,Rajasthan,KARAULI-DHOLPUR(SC),"Railways, Roads, Pathways & Bridges",Cooperative Society,639000,719000,682600,3,20-08-2023,20-02-2024,29-03-2024,Completed,TRUE,TRUE,FALSE,,1.13,0.95,38,0.06
MPLADS-00491,BHAJAN LAL JATAV,Rajasthan,KARAULI-DHOLPUR(SC),Others,District PWD,753000,784000,601500,1,02-02-2023,30-10-2023,20-12-2023,Completed,TRUE,TRUE,FALSE,,1.04,0.77,51,1.03
MPLADS-00492,BHAJAN LAL JATAV,Rajasthan,KARAULI-DHOLPUR(SC),Other Public Facilities,Gram Panchayat,744000,689000,552600,1,14-10-2024,19-06-2025,06-07-2025,Completed,TRUE,TRUE,FALSE,,0.93,0.8,17,0.5
MPLADS-00493,BHAJAN LAL JATAV,Rajasthan,KARAULI-DHOLPUR(SC),Others,District PWD,502000,460000,0,0,22-10-2024,02-07-2025,,Not Started,TRUE,TRUE,FALSE,,0.92,0,0,-1.51
MPLADS-00494,BHAJAN LAL JATAV,Rajasthan,KARAULI-DHOLPUR(SC),"Railways, Roads, Pathways & Bridges",Cooperative Society,686000,709000,173900,0,24-06-2024,20-10-2024,,Stalled,TRUE,TRUE,FALSE,,1.03,0.25,224,0.03
MPLADS-00495,BHAJAN LAL JATAV,Rajasthan,KARAULI-DHOLPUR(SC),Others,Municipal Corporation,752000,862000,217900,1,03-08-2024,11-01-2025,,In Progress,FALSE,TRUE,FALSE,,1.15,0.25,141,1.64
MPLADS-00496,BHAJAN LAL JATAV,Rajasthan,KARAULI-DHOLPUR(SC),Education,Municipal Corporation,557000,508000,191500,1,10-07-2024,22-10-2024,,In Progress,FALSE,TRUE,FALSE,,0.91,0.38,222,-0.58
MPLADS-00497,BHARAT SINGH KUSHWAH,Madhya Pradesh,GWALIOR,Other Public Facilities,Cooperative Society,284000,270000,120500,1,17-01-2023,10-05-2023,,Stalled,TRUE,TRUE,FALSE,,0.95,0.45,753,-0.59
MPLADS-00498,BHARAT SINGH KUSHWAH,Madhya Pradesh,GWALIOR,Drinking Water Facility,State Rural Dev Agency,394000,376000,115000,0,12-02-2024,24-08-2024,,Stalled,TRUE,TRUE,FALSE,,0.95,0.31,281,0.54
MPLADS-00499,BHARAT SINGH KUSHWAH,Madhya Pradesh,GWALIOR,Drinking Water Facility,Cooperative Society,279000,316000,184600,2,03-02-2024,04-06-2024,,In Progress,TRUE,TRUE,FALSE,,1.13,0.58,362,-0.25
MPLADS-00500,BHARAT SINGH KUSHWAH,Madhya Pradesh,GWALIOR,Other Public Facilities,Cooperative Society,328000,298000,0,0,24-05-2023,30-12-2023,,Not Started,TRUE,TRUE,FALSE,,0.91,0,519,-0.38
MPLADS-00501,BHARAT SINGH KUSHWAH,Madhya Pradesh,GWALIOR,"Railways, Roads, Pathways & Bridges",Municipal Corporation,354000,405000,341500,1,21-12-2023,21-08-2024,27-09-2024,Completed,TRUE,TRUE,FALSE,,1.14,0.84,37,1.02
MPLADS-00502,BHARAT SINGH KUSHWAH,Madhya Pradesh,GWALIOR,Other Public Facilities,Municipal Corporation,415000,442000,0,0,11-09-2024,31-12-2024,,Not Started,TRUE,TRUE,FALSE,,1.07,0,152,0.68
MPLADS-00503,BHARAT SINGH KUSHWAH,Madhya Pradesh,GWALIOR,Sanitation & Public Health,Zila Parishad,300000,333000,136200,1,31-01-2023,11-12-2023,,In Progress,TRUE,TRUE,FALSE,,1.11,0.41,538,-0.33
MPLADS-00504,BHARAT SINGH KUSHWAH,Madhya Pradesh,GWALIOR,Education,State Rural Dev Agency,269000,249000,193000,3,31-12-2023,05-07-2024,,In Progress,TRUE,TRUE,FALSE,,0.93,0.78,331,-1.19
MPLADS-00505,BHARATBHAI MANUBHAI SUTARIYA,Gujarat,AMRELI,Other Public Facilities,Zila Parishad,194000,195000,157400,2,07-11-2024,23-03-2025,12-05-2025,Completed,TRUE,TRUE,FALSE,,1.01,0.81,50,-1.5
MPLADS-00506,BHARATBHAI MANUBHAI SUTARIYA,Gujarat,AMRELI,"Railways, Roads, Pathways & Bridges",Cooperative Society,280000,811000,654000,3,31-12-2024,19-12-2025,17-12-2025,Completed,TRUE,TRUE,TRUE,cost_overrun,2.9,0.81,-2,3.82
MPLADS-00507,BHARATBHAI MANUBHAI SUTARIYA,Gujarat,AMRELI,Education,District PWD,327000,338000,235900,2,07-06-2023,09-03-2024,,In Progress,TRUE,TRUE,FALSE,,1.03,0.7,449,1.19
MPLADS-00508,Bharatsinhji Shankarji Dabhi,Gujarat,PATAN,Other Public Facilities,District PWD,277000,285000,239000,2,12-11-2023,04-05-2024,29-05-2024,Completed,TRUE,TRUE,FALSE,,1.03,0.84,25,0.1
MPLADS-00509,Bharatsinhji Shankarji Dabhi,Gujarat,PATAN,"Railways, Roads, Pathways & Bridges",District PWD,369000,421000,356000,2,11-07-2023,25-01-2024,03-03-2024,Completed,TRUE,TRUE,FALSE,,1.14,0.85,38,0.84
MPLADS-00510,Bharatsinhji Shankarji Dabhi,Gujarat,PATAN,Other Public Facilities,Municipal Corporation,337000,383000,327000,3,27-01-2023,15-08-2023,26-09-2023,Completed,TRUE,TRUE,FALSE,,1.14,0.85,42,1.83
MPLADS-00511,Bharatsinhji Shankarji Dabhi,Gujarat,PATAN,Other Public Facilities,Cooperative Society,209000,237000,197500,2,30-01-2024,17-06-2024,16-07-2024,Completed,TRUE,TRUE,FALSE,,1.13,0.83,29,-0.76
MPLADS-00512,Bharatsinhji Shankarji Dabhi,Gujarat,PATAN,"Railways, Roads, Pathways & Bridges",Zila Parishad,288000,289000,77100,1,26-07-2024,07-12-2024,,Stalled,TRUE,TRUE,FALSE,,1,0.27,176,-0.17
MPLADS-00513,Bharatsinhji Shankarji Dabhi,Gujarat,PATAN,Others,Gram Panchayat,202000,202000,159500,3,02-12-2024,29-03-2025,11-03-2025,Completed,TRUE,TRUE,FALSE,,1,0.79,-18,-0.8
MPLADS-00514,Bharatsinhji Shankarji Dabhi,Gujarat,PATAN,Other Public Facilities,Gram Panchayat,217000,208000,181900,4,30-05-2023,03-09-2023,19-10-2023,Completed,TRUE,TRUE,FALSE,,0.96,0.87,46,-1.27
MPLADS-00515,Bharatsinhji Shankarji Dabhi,Gujarat,PATAN,Education,Gram Panchayat,196000,178000,148100,1,20-03-2023,22-11-2023,03-12-2023,Completed,TRUE,TRUE,FALSE,,0.91,0.83,11,-1.53
MPLADS-00516,Bharatsinhji Shankarji Dabhi,Gujarat,PATAN,Other Public Facilities,District PWD,189000,207000,126000,1,31-08-2024,21-02-2025,,In Progress,TRUE,TRUE,FALSE,,1.1,0.61,100,-1.29
MPLADS-00517,BHARTI PARDHI,Madhya Pradesh,BALAGHAT,Education,Municipal Corporation,392000,432000,356300,3,10-02-2024,10-07-2024,09-07-2024,Completed,TRUE,TRUE,FALSE,,1.1,0.82,-1,1.25
MPLADS-00518,BHARTI PARDHI,Madhya Pradesh,BALAGHAT,Others,State Rural Dev Agency,234000,237000,167000,2,26-03-2024,24-09-2024,12-11-2024,Completed,TRUE,TRUE,FALSE,,1.01,0.7,49,-0.64
MPLADS-00519,BHARTI PARDHI,Madhya Pradesh,BALAGHAT,Education,Gram Panchayat,327000,307000,255200,3,20-05-2023,22-01-2024,06-03-2024,Completed,TRUE,TRUE,TRUE,duplicate_work,0.94,0.83,44,-0.42
MPLADS-00520,BHARTI PARDHI,Madhya Pradesh,BALAGHAT,"Railways, Roads, Pathways & Bridges",Cooperative Society,246000,238000,197700,1,18-11-2023,25-05-2024,06-06-2024,Completed,TRUE,TRUE,FALSE,,0.97,0.83,12,-1.41
MPLADS-00521,BHARTI PARDHI,Madhya Pradesh,BALAGHAT,Education,Municipal Corporation,363000,344000,185300,1,12-12-2024,04-09-2025,,In Progress,TRUE,TRUE,FALSE,,0.95,0.54,0,0.08
MPLADS-00522,BHARTI PARDHI,Madhya Pradesh,BALAGHAT,Others,State Rural Dev Agency,405000,395000,350800,3,21-01-2024,22-06-2024,04-07-2024,Completed,TRUE,TRUE,FALSE,,0.98,0.89,12,0.19
MPLADS-00523,BHARTI PARDHI,Madhya Pradesh,BALAGHAT,Other Public Facilities,State Rural Dev Agency,390000,390000,133800,1,24-07-2023,03-12-2023,,In Progress,TRUE,TRUE,FALSE,,1,0.34,546,0.3
MPLADS-00524,BHARTI PARDHI,Madhya Pradesh,BALAGHAT,Education,Gram Panchayat,357000,345000,109700,1,28-01-2023,20-05-2023,,Stalled,TRUE,TRUE,FALSE,,0.97,0.32,743,0.09
MPLADS-00525,BHASKAR MURLIDHAR BHAGARE,Maharashtra,DINDORI(ST),Other Public Facilities,Gram Panchayat,459000,520000,0,0,26-10-2023,31-07-2024,,Not Started,TRUE,TRUE,FALSE,,1.13,0,305,-0.38
MPLADS-00526,BHASKAR MURLIDHAR BHAGARE,Maharashtra,DINDORI(ST),Other Public Facilities,Cooperative Society,679000,614000,412800,1,20-11-2024,01-10-2025,,In Progress,TRUE,TRUE,FALSE,,0.9,0.67,0,0.02
MPLADS-00527,BHASKAR MURLIDHAR BHAGARE,Maharashtra,DINDORI(ST),Others,State Rural Dev Agency,760000,740000,287900,1,07-06-2023,01-11-2023,,In Progress,TRUE,TRUE,FALSE,,0.97,0.39,578,0.83
MPLADS-00528,BHASKAR MURLIDHAR BHAGARE,Maharashtra,DINDORI(ST),"Railways, Roads, Pathways & Bridges",Cooperative Society,430000,492000,309700,2,05-05-2024,04-02-2025,,In Progress,TRUE,TRUE,FALSE,,1.14,0.63,117,-0.84
MPLADS-00529,BHASKAR MURLIDHAR BHAGARE,Maharashtra,DINDORI(ST),Education,State Rural Dev Agency,640000,2425000,2099700,2,04-03-2024,14-11-2024,,In Progress,TRUE,TRUE,TRUE,cost_overrun,3.79,0.87,199,5.24
MPLADS-00530,BHASKAR MURLIDHAR BHAGARE,Maharashtra,DINDORI(ST),"Railways, Roads, Pathways & Bridges",Cooperative Society,675000,646000,498900,2,31-08-2024,07-06-2025,,In Progress,TRUE,TRUE,FALSE,,0.96,0.77,0,0.33
MPLADS-00531,BHASKAR MURLIDHAR BHAGARE,Maharashtra,DINDORI(ST),Other Public Facilities,Cooperative Society,667000,637000,575600,1,11-11-2024,25-02-2025,16-02-2025,Completed,TRUE,TRUE,FALSE,,0.96,0.9,-9,0.11
MPLADS-00532,BHAUSAHEB RAJARAM WAKCHAURE,Maharashtra,SHIRDI(SC),"Railways, Roads, Pathways & Bridges",Gram Panchayat,480000,435000,240900,1,24-11-2024,14-08-2025,,In Progress,TRUE,TRUE,FALSE,,0.91,0.55,0,-1.27
MPLADS-00533,BHAUSAHEB RAJARAM WAKCHAURE,Maharashtra,SHIRDI(SC),Sanitation & Public Health,State Rural Dev Agency,448000,436000,406000,3,19-04-2023,16-01-2024,13-03-2024,Completed,TRUE,TRUE,FALSE,,0.97,0.93,57,-1.08
MPLADS-00534,BHAUSAHEB RAJARAM WAKCHAURE,Maharashtra,SHIRDI(SC),"Railways, Roads, Pathways & Bridges",Gram Panchayat,416000,437000,348600,3,25-07-2024,24-01-2025,,In Progress,TRUE,TRUE,FALSE,,1.05,0.8,128,-1.26
MPLADS-00535,BHAUSAHEB RAJARAM WAKCHAURE,Maharashtra,SHIRDI(SC),Education,Municipal Corporation,436000,470000,0,0,19-04-2024,06-10-2024,,Not Started,TRUE,TRUE,FALSE,,1.08,0,238,-0.59
MPLADS-00536,BHAUSAHEB RAJARAM WAKCHAURE,Maharashtra,SHIRDI(SC),Other Public Facilities,District PWD,725000,796000,445900,1,26-01-2023,28-10-2023,,In Progress,TRUE,TRUE,FALSE,,1.1,0.56,582,0.78
MPLADS-00537,BHAUSAHEB RAJARAM WAKCHAURE,Maharashtra,SHIRDI(SC),"Railways, Roads, Pathways & Bridges",Municipal Corporation,485000,463000,0,0,29-04-2023,26-01-2024,,Not Started,TRUE,TRUE,FALSE,,0.95,0,492,-1.06
MPLADS-00538,BHOJRAJ NAG,Chhattisgarh,KANKER(ST),Other Public Facilities,District PWD,486000,479000,0,0,11-04-2024,16-08-2024,,Not Started,TRUE,TRUE,FALSE,,0.99,0,289,-0.29
MPLADS-00539,BHOJRAJ NAG,Chhattisgarh,KANKER(ST),Other Public Facilities,District PWD,599000,636000,404000,2,24-03-2024,20-07-2024,,In Progress,TRUE,TRUE,FALSE,,1.06,0.64,316,1.27
MPLADS-00540,BHOJRAJ NAG,Chhattisgarh,KANKER(ST),Other Public Facilities,Cooperative Society,556000,517000,405900,1,28-12-2024,28-03-2025,03-05-2025,Completed,TRUE,TRUE,FALSE,,0.93,0.79,36,0.08
MPLADS-00541,Bhola Singh,Uttar Pradesh,BULANDSHAHR(SC),Other Public Facilities,State Rural Dev Agency,321000,308000,66000,0,18-06-2023,12-10-2023,,Stalled,TRUE,TRUE,FALSE,,0.96,0.21,598,-0.45
MPLADS-00542,Bhola Singh,Uttar Pradesh,BULANDSHAHR(SC),"Railways, Roads, Pathways & Bridges",Gram Panchayat,272000,312000,285100,2,13-06-2023,11-01-2024,02-02-2024,Completed,TRUE,TRUE,FALSE,,1.15,0.91,22,-0.41
MPLADS-00543,Bhola Singh,Uttar Pradesh,BULANDSHAHR(SC),"Railways, Roads, Pathways & Bridges",District PWD,324000,346000,299900,2,06-10-2024,10-07-2025,15-07-2025,Completed,TRUE,TRUE,FALSE,,1.07,0.87,5,-0.14
MPLADS-00544,Bhola Singh,Uttar Pradesh,BULANDSHAHR(SC),Other Public Facilities,District PWD,261000,273000,0,0,20-09-2024,27-06-2025,,Not Started,TRUE,TRUE,FALSE,,1.05,0,0,-0.65
MPLADS-00545,Bhola Singh,Uttar Pradesh,BULANDSHAHR(SC),Other Public Facilities,District PWD,433000,444000,367200,3,22-12-2024,08-10-2025,06-11-2025,Completed,TRUE,TRUE,FALSE,,1.03,0.83,29,0.33
MPLADS-00546,Bhola Singh,Uttar Pradesh,BULANDSHAHR(SC),Other Public Facilities,Municipal Corporation,276000,257000,196100,2,14-08-2024,03-08-2025,23-07-2025,Completed,TRUE,TRUE,FALSE,,0.93,0.76,-11,-0.74
MPLADS-00547,Bhola Singh,Uttar Pradesh,BULANDSHAHR(SC),Other Public Facilities,State Rural Dev Agency,356000,328000,199900,2,21-07-2023,03-11-2023,,In Progress,TRUE,TRUE,FALSE,,0.92,0.61,576,-0.33
MPLADS-00548,BHUMARE SANDIPANRAO ASARAM,Maharashtra,AURANGABAD_MH,"Railways, Roads, Pathways & Bridges",District PWD,499000,526000,423300,3,16-10-2024,17-09-2025,31-10-2025,Completed,TRUE,TRUE,FALSE,,1.05,0.8,44,-0.58
MPLADS-00549,BHUMARE SANDIPANRAO ASARAM,Maharashtra,AURANGABAD_MH,Other Public Facilities,Cooperative Society,521000,552000,483100,2,23-12-2023,28-07-2024,24-07-2024,Completed,TRUE,TRUE,FALSE,,1.06,0.88,-4,-0.24
MPLADS-00550,BHUMARE SANDIPANRAO ASARAM,Maharashtra,AURANGABAD_MH,Others,Cooperative Society,390000,382000,0,0,23-12-2024,07-04-2025,,Not Started,TRUE,TRUE,FALSE,,0.98,0,55,-1.17
MPLADS-00551,BHUMARE SANDIPANRAO ASARAM,Maharashtra,AURANGABAD_MH,Other Public Facilities,Municipal Corporation,508000,543000,510300,3,18-05-2023,02-12-2023,11-01-2024,Completed,TRUE,FALSE,TRUE,no_mp_recommendation,1.07,0.94,40,-0.28
MPLADS-00552,BHUMARE SANDIPANRAO ASARAM,Maharashtra,AURANGABAD_MH,Education,State Rural Dev Agency,738000,710000,600400,1,11-12-2024,13-04-2025,09-05-2025,Completed,TRUE,TRUE,FALSE,,0.96,0.85,26,0.12
MPLADS-00553,Bhupathiraju Srinivasa varma,Andhra Pradesh,NARASAPURAM,"Railways, Roads, Pathways & Bridges",Cooperative Society,542000,544000,471600,2,28-01-2024,11-08-2024,12-09-2024,Completed,TRUE,TRUE,TRUE,duplicate_work,1,0.87,32,0.72
MPLADS-00554,Bhupathiraju Srinivasa varma,Andhra Pradesh,NARASAPURAM,Other Public Facilities,Municipal Corporation,305000,337000,165800,1,27-06-2023,09-06-2024,,In Progress,TRUE,FALSE,TRUE,no_mp_recommendation,1.1,0.49,357,-1.09
MPLADS-00555,Bhupathiraju Srinivasa varma,Andhra Pradesh,NARASAPURAM,Drinking Water Facility,Gram Panchayat,461000,482000,217700,1,06-04-2024,23-10-2024,,In Progress,TRUE,TRUE,FALSE,,1.05,0.45,221,0.2
MPLADS-00556,Bhupathiraju Srinivasa varma,Andhra Pradesh,NARASAPURAM,"Railways, Roads, Pathways & Bridges",Cooperative Society,400000,376000,321100,3,20-05-2023,06-03-2024,03-03-2024,Completed,TRUE,TRUE,FALSE,,0.94,0.85,-3,-0.66
MPLADS-00557,Bhupathiraju Srinivasa varma,Andhra Pradesh,NARASAPURAM,Other Public Facilities,Gram Panchayat,454000,448000,365500,1,21-05-2024,27-03-2025,19-04-2025,Completed,TRUE,TRUE,FALSE,,0.99,0.82,23,0.14
MPLADS-00558,Bhupathiraju Srinivasa varma,Andhra Pradesh,NARASAPURAM,Other Public Facilities,Zila Parishad,549000,548000,459700,3,15-05-2024,02-11-2024,25-10-2024,Completed,TRUE,TRUE,FALSE,,1,0.84,-8,1.25
MPLADS-00559,Bhupathiraju Srinivasa varma,Andhra Pradesh,NARASAPURAM,"Railways, Roads, Pathways & Bridges",Gram Panchayat,558000,608000,481900,1,27-10-2023,04-07-2024,19-08-2024,Completed,TRUE,TRUE,FALSE,,1.09,0.79,46,1.25
MPLADS-00560,BHUPENDER YADAV,Rajasthan,ALWAR,Other Public Facilities,District PWD,430000,431000,233300,2,02-08-2024,21-03-2025,,In Progress,TRUE,TRUE,FALSE,,1,0.54,72,-1.48
MPLADS-00561,BHUPENDER YADAV,Rajasthan,ALWAR,Drinking Water Facility,Municipal Corporation,748000,851000,728700,1,09-08-2024,13-11-2024,10-01-2025,Completed,TRUE,TRUE,FALSE,,1.14,0.86,58,1.87
MPLADS-00562,BHUPENDER YADAV,Rajasthan,ALWAR,Other Public Facilities,State Rural Dev Agency,529000,494000,0,0,09-07-2024,04-02-2025,,Not Started,FALSE,TRUE,FALSE,,0.93,0,117,-1
MPLADS-00563,BHUPENDER YADAV,Rajasthan,ALWAR,Education,Zila Parishad,436000,458000,41300,0,12-08-2023,15-07-2024,,Stalled,TRUE,TRUE,FALSE,,1.05,0.09,321,-0.98
MPLADS-00564,BHUPENDER YADAV,Rajasthan,ALWAR,"Railways, Roads, Pathways & Bridges",District PWD,752000,2580000,2068100,0,01-11-2023,09-07-2024,,Not Started,FALSE,TRUE,TRUE,cost_overrun,3.43,0.8,327,5.82
MPLADS-00565,BHUPENDER YADAV,Rajasthan,ALWAR,Other Public Facilities,Zila Parishad,643000,711000,0,0,25-03-2024,13-12-2024,,Not Started,TRUE,TRUE,FALSE,,1.11,0,170,0.67
MPLADS-00566,BHUPENDER YADAV,Rajasthan,ALWAR,Other Public Facilities,Gram Panchayat,584000,665000,238900,1,25-08-2024,20-04-2025,,In Progress,TRUE,TRUE,FALSE,,1.14,0.36,42,0.32
MPLADS-00567,BHUPENDER YADAV,Rajasthan,ALWAR,"Railways, Roads, Pathways & Bridges",District PWD,672000,701000,323000,1,19-06-2023,06-11-2023,,In Progress,TRUE,TRUE,FALSE,,1.04,0.46,573,0.01
MPLADS-00568,BHUPENDER YADAV,Rajasthan,ALWAR,Sanitation & Public Health,Municipal Corporation,507000,541000,443200,2,06-08-2024,26-11-2024,11-12-2024,Completed,TRUE,TRUE,FALSE,,1.07,0.82,15,-0.49
MPLADS-00569,BIBHU PRASAD TARAI,Odisha,JAGATSINGHPUR(SC),Education,State Rural Dev Agency,249000,254000,216100,1,21-12-2024,04-07-2025,20-08-2025,Completed,TRUE,TRUE,FALSE,,1.02,0.85,47,-0.17
MPLADS-00570,BIBHU PRASAD TARAI,Odisha,JAGATSINGHPUR(SC),"Railways, Roads, Pathways & Bridges",Gram Panchayat,259000,270000,0,0,26-11-2024,23-10-2025,,Not Started,TRUE,TRUE,FALSE,,1.04,0,0,-0.03
MPLADS-00571,BIBHU PRASAD TARAI,Odisha,JAGATSINGHPUR(SC),Others,Zila Parishad,173000,160000,13100,0,02-03-2023,12-06-2023,,Stalled,TRUE,TRUE,FALSE,,0.92,0.08,720,-1.33
MPLADS-00572,Bidyut Baran Mahato,Jharkhand,JAMSHEDPUR,"Railways, Roads, Pathways & Bridges",Cooperative Society,311000,289000,250300,2,13-09-2023,02-05-2024,02-05-2024,Completed,TRUE,TRUE,FALSE,,0.93,0.87,0,-1.32
MPLADS-00573,Bidyut Baran Mahato,Jharkhand,JAMSHEDPUR,Education,Gram Panchayat,429000,394000,168500,1,07-02-2024,08-05-2024,,In Progress,TRUE,TRUE,FALSE,,0.92,0.43,389,-0.31
MPLADS-00574,Bidyut Baran Mahato,Jharkhand,JAMSHEDPUR,Other Public Facilities,District PWD,390000,399000,169400,1,20-01-2024,11-08-2024,,In Progress,TRUE,TRUE,FALSE,,1.02,0.42,294,-0.47
MPLADS-00575,Bidyut Baran Mahato,Jharkhand,JAMSHEDPUR,Education,Municipal Corporation,385000,369000,178600,1,17-02-2024,12-06-2024,,In Progress,TRUE,TRUE,FALSE,,0.96,0.48,354,-0.57
MPLADS-00576,Bidyut Baran Mahato,Jharkhand,JAMSHEDPUR,Other Public Facilities,Cooperative Society,463000,480000,54800,0,10-04-2024,16-11-2024,,Stalled,TRUE,FALSE,FALSE,,1.04,0.11,197,-0.22
MPLADS-00577,Bidyut Baran Mahato,Jharkhand,JAMSHEDPUR,Others,Municipal Corporation,343000,384000,81100,0,06-04-2023,18-02-2024,,In Progress,TRUE,TRUE,FALSE,,1.12,0.21,469,-0.32
MPLADS-00578,BIJULI KALITA MEDHI,Assam,GUWAHATI,Other Public Facilities,Zila Parishad,555000,611000,0,0,06-03-2023,28-01-2024,,Not Started,TRUE,TRUE,FALSE,,1.1,0,490,1.19
MPLADS-00579,BIJULI KALITA MEDHI,Assam,GUWAHATI,Other Public Facilities,State Rural Dev Agency,345000,346000,296800,2,21-05-2024,16-01-2025,28-01-2025,Completed,TRUE,TRUE,FALSE,,1,0.86,12,-1.27
MPLADS-00580,BIJULI KALITA MEDHI,Assam,GUWAHATI,Other Public Facilities,Cooperative Society,423000,395000,161100,1,14-05-2023,24-09-2023,,In Progress,TRUE,TRUE,FALSE,,0.93,0.41,616,-0.81
MPLADS-00581,BIJULI KALITA MEDHI,Assam,GUWAHATI,Others,District PWD,577000,662000,556100,2,19-02-2023,16-07-2023,24-07-2023,Completed,TRUE,TRUE,FALSE,,1.15,0.84,8,1.88
MPLADS-00582,BIJULI KALITA MEDHI,Assam,GUWAHATI,Education,Gram Panchayat,483000,504000,206800,1,08-05-2023,19-09-2023,,Stalled,TRUE,TRUE,FALSE,,1.04,0.41,621,-0.22
MPLADS-00583,BIJULI KALITA MEDHI,Assam,GUWAHATI,Other Public Facilities,Municipal Corporation,476000,453000,90000,0,27-07-2023,16-05-2024,,Stalled,TRUE,TRUE,FALSE,,0.95,0.2,381,-0.28
MPLADS-00584,BIJULI KALITA MEDHI,Assam,GUWAHATI,Other Public Facilities,Municipal Corporation,382000,410000,0,0,12-06-2023,13-02-2024,,Not Started,TRUE,TRUE,FALSE,,1.07,0,474,-0.67
MPLADS-00585,BIPLAB KUMAR DEB,Tripura,TRIPURA WEST,Sanitation & Public Health,District PWD,973000,877000,738400,3,14-09-2023,27-04-2024,29-04-2024,Completed,TRUE,TRUE,FALSE,,0.9,0.84,2,-0.71
MPLADS-00586,BIPLAB KUMAR DEB,Tripura,TRIPURA WEST,"Railways, Roads, Pathways & Bridges",Gram Panchayat,1197000,1359000,745200,2,10-02-2024,26-06-2024,,In Progress,TRUE,TRUE,FALSE,,1.14,0.55,340,0.71
MPLADS-00587,BIPLAB KUMAR DEB,Tripura,TRIPURA WEST,Sanitation & Public Health,District PWD,1063000,1095000,927400,1,02-11-2024,04-10-2025,30-09-2025,Completed,TRUE,TRUE,FALSE,,1.03,0.85,-4,0.71
MPLADS-00588,BIPLAB KUMAR DEB,Tripura,TRIPURA WEST,Other Public Facilities,District PWD,1191000,1337000,852200,2,16-05-2023,25-01-2024,,In Progress,TRUE,TRUE,FALSE,,1.12,0.64,493,-0.71
MPLADS-00589,BIPLAB KUMAR DEB,Tripura,TRIPURA WEST,Others,Cooperative Society,1187000,1122000,1027300,2,13-12-2024,25-05-2025,21-05-2025,Completed,TRUE,TRUE,FALSE,,0.95,0.92,-4,0.87
MPLADS-00590,BIPLAB KUMAR DEB,Tripura,TRIPURA WEST,"Railways, Roads, Pathways & Bridges",District PWD,1175000,1230000,705100,1,16-05-2023,09-12-2023,,In Progress,TRUE,TRUE,FALSE,,1.05,0.57,540,-0.71
MPLADS-00591,BISHNU PADA RAY,Andaman And Nicobar Islands,ANDAMAN AND NICOBAR ISLANDS,Other Public Facilities,Zila Parishad,980000,2471000,2123600,4,16-04-2023,14-01-2024,26-02-2024,Completed,TRUE,TRUE,TRUE,cost_overrun,2.52,0.86,43,0
MPLADS-00592,BISHNU PADA RAY,Andaman And Nicobar Islands,ANDAMAN AND NICOBAR ISLANDS,"Railways, Roads, Pathways & Bridges",District PWD,1116000,1252000,580700,1,18-10-2024,22-05-2025,,Stalled,TRUE,TRUE,FALSE,,1.12,0.46,10,-0.71
MPLADS-00593,BISHNU PADA RAY,Andaman And Nicobar Islands,ANDAMAN AND NICOBAR ISLANDS,Others,Cooperative Society,1931000,2086000,1376900,3,16-09-2024,03-03-2025,,In Progress,TRUE,TRUE,FALSE,,1.08,0.66,90,0
MPLADS-00594,BISHNU PADA RAY,Andaman And Nicobar Islands,ANDAMAN AND NICOBAR ISLANDS,"Railways, Roads, Pathways & Bridges",Zila Parishad,1190000,1338000,302500,1,05-06-2023,12-11-2023,,Stalled,TRUE,TRUE,FALSE,,1.12,0.23,567,0.71
MPLADS-00595,BRIJENDRA SINGH OLA,Rajasthan,JHUNJHUNU,Others,Cooperative Society,680000,771000,0,0,30-03-2023,19-09-2023,,Not Started,TRUE,TRUE,FALSE,,1.13,0,621,0.93
MPLADS-00596,BRIJENDRA SINGH OLA,Rajasthan,JHUNJHUNU,Other Public Facilities,Zila Parishad,699000,798000,663700,3,29-01-2024,14-08-2024,05-08-2024,Completed,TRUE,TRUE,FALSE,,1.14,0.83,-9,1.34
MPLADS-00597,BRIJENDRA SINGH OLA,Rajasthan,JHUNJHUNU,Other Public Facilities,Cooperative Society,651000,620000,208300,1,11-10-2023,26-05-2024,,In Progress,TRUE,TRUE,FALSE,,0.95,0.34,371,-0.03
MPLADS-00598,BRIJENDRA SINGH OLA,Rajasthan,JHUNJHUNU,Other Public Facilities,Cooperative Society,509000,510000,388100,3,14-09-2024,25-02-2025,21-02-2025,Completed,TRUE,FALSE,FALSE,,1,0.76,-4,-0.87
MPLADS-00599,BRIJENDRA SINGH OLA,Rajasthan,JHUNJHUNU,Others,Gram Panchayat,566000,616000,477100,1,05-11-2023,06-10-2024,22-11-2024,Completed,TRUE,TRUE,FALSE,,1.09,0.77,47,-0.29
MPLADS-00600,BRIJENDRA SINGH OLA,Rajasthan,JHUNJHUNU,Drinking Water Facility,Zila Parishad,458000,441000,117100,1,30-10-2023,24-04-2024,,In Progress,TRUE,TRUE,FALSE,,0.96,0.27,403,-0.61
MPLADS-00601,BRIJENDRA SINGH OLA,Rajasthan,JHUNJHUNU,Others,District PWD,538000,600000,523300,4,21-05-2024,11-04-2025,22-05-2025,Completed,TRUE,TRUE,FALSE,,1.12,0.87,41,-0.41
MPLADS-00602,BRIJMOHAN AGRAWAL,Chhattisgarh,RAIPUR,Other Public Facilities,Municipal Corporation,581000,543000,0,0,24-06-2024,10-06-2025,,Not Started,FALSE,TRUE,FALSE,,0.93,0,0,0.34
MPLADS-00603,BRIJMOHAN AGRAWAL,Chhattisgarh,RAIPUR,Other Public Facilities,State Rural Dev Agency,547000,603000,487700,3,16-05-2023,30-04-2024,05-05-2024,Completed,TRUE,TRUE,FALSE,,1.1,0.81,5,0.94
MPLADS-00604,BRIJMOHAN AGRAWAL,Chhattisgarh,RAIPUR,"Railways, Roads, Pathways & Bridges",District PWD,533000,579000,490300,1,30-11-2024,02-09-2025,02-09-2025,Completed,TRUE,TRUE,FALSE,,1.09,0.85,0,0.16
MPLADS-00605,BRIJMOHAN AGRAWAL,Chhattisgarh,RAIPUR,Other Public Facilities,District PWD,461000,513000,320100,1,18-01-2023,01-08-2023,,In Progress,FALSE,TRUE,FALSE,,1.11,0.62,670,0.04
MPLADS-00606,BRIJMOHAN AGRAWAL,Chhattisgarh,RAIPUR,Other Public Facilities,Gram Panchayat,484000,458000,412200,3,12-02-2024,26-11-2024,,In Progress,TRUE,TRUE,FALSE,,0.95,0.9,187,-0.5
MPLADS-00607,BRIJMOHAN AGRAWAL,Chhattisgarh,RAIPUR,Other Public Facilities,State Rural Dev Agency,571000,615000,401400,2,09-03-2024,05-07-2024,,In Progress,TRUE,TRUE,FALSE,,1.08,0.65,331,1.06
MPLADS-00608,BUNTY VIVEK SAHU,Madhya Pradesh,CHHINDWARA,Others,Zila Parishad,359000,380000,320300,3,06-06-2023,17-11-2023,17-11-2023,Completed,TRUE,TRUE,FALSE,,1.06,0.84,0,0.11
MPLADS-00609,BUNTY VIVEK SAHU,Madhya Pradesh,CHHINDWARA,Education,Cooperative Society,244000,220000,123500,2,09-06-2023,03-02-2024,,In Progress,TRUE,TRUE,FALSE,,0.9,0.56,484,-1.58
MPLADS-00610,BUNTY VIVEK SAHU,Madhya Pradesh,CHHINDWARA,Education,Zila Parishad,290000,286000,190700,2,28-11-2024,19-07-2025,,In Progress,TRUE,TRUE,FALSE,,0.99,0.67,0,-0.7
MPLADS-00611,BUNTY VIVEK SAHU,Madhya Pradesh,CHHINDWARA,Drinking Water Facility,State Rural Dev Agency,243000,278000,234100,3,01-03-2023,06-08-2023,23-07-2023,Completed,TRUE,TRUE,FALSE,,1.14,0.84,-14,-0.75
MPLADS-00612,BUNTY VIVEK SAHU,Madhya Pradesh,CHHINDWARA,Other Public Facilities,Zila Parishad,303000,305000,266800,2,15-09-2024,17-07-2025,13-07-2025,Completed,TRUE,TRUE,FALSE,,1.01,0.87,-4,-0.33
MPLADS-00613,BUNTY VIVEK SAHU,Madhya Pradesh,CHHINDWARA,Drinking Water Facility,Gram Panchayat,269000,293000,264700,3,03-05-2023,20-12-2023,25-12-2023,Completed,TRUE,FALSE,FALSE,,1.09,0.9,5,-0.55
MPLADS-00614,BUNTY VIVEK SAHU,Madhya Pradesh,CHHINDWARA,Others,Zila Parishad,307000,347000,105400,0,22-12-2023,23-06-2024,,In Progress,TRUE,TRUE,FALSE,,1.13,0.3,343,-0.06
MPLADS-00615,BUNTY VIVEK SAHU,Madhya Pradesh,CHHINDWARA,Others,District PWD,394000,428000,355100,1,16-01-2024,31-05-2024,21-05-2024,Completed,TRUE,TRUE,FALSE,,1.09,0.83,-10,0.37
MPLADS-00616,C R Patil,Gujarat,NAVSARI,Other Public Facilities,Municipal Corporation,321000,298000,272000,2,31-01-2023,10-05-2023,08-07-2023,Completed,TRUE,TRUE,FALSE,,0.93,0.91,59,0.33
MPLADS-00617,C R Patil,Gujarat,NAVSARI,Education,State Rural Dev Agency,312000,320000,80700,1,30-12-2024,21-11-2025,,Stalled,TRUE,TRUE,FALSE,,1.03,0.25,0,0.89
MPLADS-00618,C R Patil,Gujarat,NAVSARI,"Railways, Roads, Pathways & Bridges",Zila Parishad,332000,337000,290600,4,04-01-2024,30-12-2024,17-01-2025,Completed,TRUE,TRUE,FALSE,,1.02,0.86,18,0.2
MPLADS-00619,C R Patil,Gujarat,NAVSARI,Other Public Facilities,District PWD,205000,221000,0,0,19-09-2023,22-03-2024,,Not Started,TRUE,TRUE,FALSE,,1.08,0,436,-1.04
MPLADS-00620,C R Patil,Gujarat,NAVSARI,Education,District PWD,230000,254000,245800,2,22-08-2023,20-02-2024,,Not Started,FALSE,TRUE,TRUE,ghost_project,1.1,0.97,467,-0.24
MPLADS-00621,C R Patil,Gujarat,NAVSARI,"Railways, Roads, Pathways & Bridges",Zila Parishad,244000,234000,201700,2,08-09-2023,09-02-2024,26-01-2024,Completed,TRUE,TRUE,FALSE,,0.96,0.86,-14,-0.59
MPLADS-00622,C.M.RAMESH,Andhra Pradesh,ANAKAPALLE,Others,Gram Panchayat,305000,297000,69200,0,06-02-2023,27-07-2023,,In Progress,TRUE,TRUE,FALSE,,0.97,0.23,675,-1.54
MPLADS-00623,C.M.RAMESH,Andhra Pradesh,ANAKAPALLE,"Railways, Roads, Pathways & Bridges",Municipal Corporation,513000,477000,417000,3,18-08-2023,08-05-2024,28-04-2024,Completed,TRUE,TRUE,FALSE,,0.93,0.87,-10,0.17
MPLADS-00624,C.M.RAMESH,Andhra Pradesh,ANAKAPALLE,"Railways, Roads, Pathways & Bridges",District PWD,563000,541000,195700,0,21-03-2023,10-02-2024,,In Progress,TRUE,TRUE,FALSE,,0.96,0.36,477,0.7
MPLADS-00625,C.M.RAMESH,Andhra Pradesh,ANAKAPALLE,Other Public Facilities,Gram Panchayat,291000,299000,251700,2,03-07-2023,29-04-2024,22-06-2024,Completed,TRUE,TRUE,FALSE,,1.03,0.84,54,-1.51
MPLADS-00626,C.M.RAMESH,Andhra Pradesh,ANAKAPALLE,"Railways, Roads, Pathways & Bridges",Municipal Corporation,396000,395000,0,0,12-03-2023,06-11-2023,,Not Started,TRUE,TRUE,FALSE,,1,0,573,-0.51
MPLADS-00627,C.M.RAMESH,Andhra Pradesh,ANAKAPALLE,Other Public Facilities,Municipal Corporation,336000,328000,282300,3,02-12-2023,17-07-2024,29-08-2024,Completed,TRUE,TRUE,FALSE,,0.98,0.86,43,-1.19
MPLADS-00628,CAPTAIN BRIJESH CHOWTA,Karnataka,DAKSHINA KANNADA,Education,Municipal Corporation,439000,425000,0,0,31-07-2024,18-07-2025,,Not Started,TRUE,TRUE,FALSE,,0.97,0,0,-1.42
MPLADS-00629,CAPTAIN BRIJESH CHOWTA,Karnataka,DAKSHINA KANNADA,Education,Cooperative Society,440000,416000,78600,0,28-08-2024,13-03-2025,,Stalled,TRUE,TRUE,FALSE,,0.95,0.19,80,-1.47
MPLADS-00630,CAPTAIN BRIJESH CHOWTA,Karnataka,DAKSHINA KANNADA,Education,Gram Panchayat,749000,738000,0,0,13-07-2024,01-04-2025,,Not Started,TRUE,FALSE,FALSE,,0.99,0,61,0.35
MPLADS-00631,CAPTAIN BRIJESH CHOWTA,Karnataka,DAKSHINA KANNADA,"Railways, Roads, Pathways & Bridges",District PWD,818000,924000,797800,3,25-01-2023,25-12-2023,24-01-2024,Completed,TRUE,TRUE,FALSE,,1.13,0.86,30,2.02
MPLADS-00632,CAPTAIN VIRIATO FERNANDES,Goa,SOUTH GOA,"Railways, Roads, Pathways & Bridges",Cooperative Society,1858000,2050000,1679500,2,10-12-2023,22-06-2024,13-06-2024,Completed,TRUE,TRUE,FALSE,,1.1,0.82,-9,1.51
MPLADS-00633,CAPTAIN VIRIATO FERNANDES,Goa,SOUTH GOA,Other Public Facilities,Gram Panchayat,1863000,2001000,1629800,2,11-11-2023,18-05-2024,02-07-2024,Completed,TRUE,TRUE,FALSE,,1.07,0.81,45,1.43
MPLADS-00634,CAPTAIN VIRIATO FERNANDES,Goa,SOUTH GOA,Drinking Water Facility,District PWD,2096000,1981000,502600,1,03-03-2023,01-07-2023,,Stalled,TRUE,TRUE,FALSE,,0.95,0.25,701,-0.71
MPLADS-00635,CAPTAIN VIRIATO FERNANDES,Goa,SOUTH GOA,"Railways, Roads, Pathways & Bridges",Municipal Corporation,1967000,1926000,0,0,26-08-2023,09-12-2023,,Not Started,TRUE,TRUE,FALSE,,0.98,0,540,1.07
MPLADS-00636,CHAMALA KIRAN KUMAR REDDY,Telangana,BHONGIR,"Railways, Roads, Pathways & Bridges",Zila Parishad,241000,272000,104100,1,14-04-2024,14-07-2024,,Stalled,TRUE,TRUE,FALSE,,1.13,0.38,322,-0.95
MPLADS-00637,CHAMALA KIRAN KUMAR REDDY,Telangana,BHONGIR,"Railways, Roads, Pathways & Bridges",Gram Panchayat,289000,327000,0,0,14-10-2024,25-02-2025,,Not Started,TRUE,TRUE,FALSE,,1.13,0,96,-0.23
MPLADS-00638,CHAMALA KIRAN KUMAR REDDY,Telangana,BHONGIR,"Railways, Roads, Pathways & Bridges",Municipal Corporation,385000,399000,182400,1,09-11-2024,08-10-2025,,Stalled,TRUE,TRUE,FALSE,,1.04,0.46,0,0.72
MPLADS-00639,CHANDAN CHAUHAN,Uttar Pradesh,BIJNOR,Others,Municipal Corporation,243000,234000,210600,2,07-02-2024,11-09-2024,,In Progress,TRUE,TRUE,FALSE,,0.96,0.9,263,-1.58
MPLADS-00640,CHANDAN CHAUHAN,Uttar Pradesh,BIJNOR,Other Public Facilities,State Rural Dev Agency,444000,447000,367100,2,28-08-2023,28-02-2024,24-04-2024,Completed,TRUE,TRUE,FALSE,,1.01,0.82,56,0.35
MPLADS-00641,CHANDAN CHAUHAN,Uttar Pradesh,BIJNOR,Others,Gram Panchayat,363000,396000,279200,2,22-04-2023,29-02-2024,07-03-2024,Completed,TRUE,TRUE,FALSE,,1.09,0.71,7,0.48
MPLADS-00642,CHANDAN CHAUHAN,Uttar Pradesh,BIJNOR,Other Public Facilities,Municipal Corporation,315000,346000,273000,3,04-05-2023,16-04-2024,,In Progress,TRUE,TRUE,FALSE,,1.1,0.79,411,-0.23
MPLADS-00643,CHANDAN CHAUHAN,Uttar Pradesh,BIJNOR,Other Public Facilities,Cooperative Society,322000,294000,260300,2,19-04-2024,05-11-2024,08-12-2024,Completed,TRUE,TRUE,FALSE,,0.91,0.89,33,-0.53
MPLADS-00644,CHANDAN CHAUHAN,Uttar Pradesh,BIJNOR,Other Public Facilities,Municipal Corporation,314000,332000,0,0,08-11-2023,28-03-2024,,Not Started,TRUE,TRUE,FALSE,,1.06,0,430,-0.31
MPLADS-00645,CHANDAN CHAUHAN,Uttar Pradesh,BIJNOR,Sanitation & Public Health,State Rural Dev Agency,278000,270000,217600,3,01-06-2023,22-03-2024,09-04-2024,Completed,TRUE,TRUE,FALSE,,0.97,0.81,18,-1.88
MPLADS-00646,CHANDAN CHAUHAN,Uttar Pradesh,BIJNOR,Sanitation & Public Health,District PWD,395000,380000,72900,0,20-02-2023,20-09-2023,,In Progress,TRUE,TRUE,FALSE,,0.96,0.19,620,0.66
MPLADS-00647,Chandra Prakash Joshi,Rajasthan,CHITTORGARH,"Railways, Roads, Pathways & Bridges",District PWD,817000,785000,0,0,19-02-2024,17-11-2024,,Not Started,TRUE,TRUE,FALSE,,0.96,0,196,0.27
MPLADS-00648,CHANDRA SHEKHAR,Uttar Pradesh,NAGINA(SC),Others,District PWD,259000,254000,208300,3,18-04-2024,26-02-2025,25-03-2025,Completed,TRUE,TRUE,FALSE,,0.98,0.82,27,-1.33
MPLADS-00649,CHANDRA SHEKHAR,Uttar Pradesh,NAGINA(SC),Education,Cooperative Society,432000,398000,290700,1,16-08-2023,14-06-2024,31-07-2024,Completed,TRUE,TRUE,FALSE,,0.92,0.73,47,0.02
MPLADS-00650,CHANDRA SHEKHAR,Uttar Pradesh,NAGINA(SC),Education,District PWD,269000,290000,238100,1,22-10-2024,16-06-2025,16-07-2025,Completed,TRUE,TRUE,FALSE,,1.08,0.82,30,-0.51
MPLADS-00651,CHANDRA SHEKHAR,Uttar Pradesh,NAGINA(SC),Education,Zila Parishad,360000,401000,91800,0,23-01-2023,23-10-2023,,Stalled,TRUE,TRUE,FALSE,,1.11,0.23,587,0.03
MPLADS-00652,CHANDRA SHEKHAR,Uttar Pradesh,NAGINA(SC),Others,District PWD,397000,450000,103100,0,05-04-2023,26-11-2023,,Stalled,TRUE,TRUE,FALSE,,1.13,0.23,553,1.17
MPLADS-00653,CHANDRA SHEKHAR,Uttar Pradesh,NAGINA(SC),Sanitation & Public Health,Cooperative Society,362000,380000,329900,3,17-04-2024,30-08-2024,09-09-2024,Completed,TRUE,TRUE,FALSE,,1.05,0.87,10,0.66
MPLADS-00654,CHANDRA SHEKHAR,Uttar Pradesh,NAGINA(SC),Others,Municipal Corporation,399000,451000,175400,1,09-02-2024,04-12-2024,,In Progress,TRUE,TRUE,FALSE,,1.13,0.39,179,1.18
MPLADS-00655,CHANDRA SHEKHAR,Uttar Pradesh,NAGINA(SC),Other Public Facilities,Zila Parishad,370000,378000,124000,0,08-08-2023,30-03-2024,,Stalled,TRUE,TRUE,FALSE,,1.02,0.33,428,-0.05
MPLADS-00656,CHANDRA SHEKHAR,Uttar Pradesh,NAGINA(SC),Sanitation & Public Health,Gram Panchayat,277000,305000,171100,2,05-02-2023,26-06-2023,,In Progress,TRUE,TRUE,FALSE,,1.1,0.56,706,-1.07
MPLADS-00657,CHANDRA SHEKHAR,Uttar Pradesh,NAGINA(SC),Education,Gram Panchayat,295000,307000,0,0,26-02-2024,29-08-2024,,Not Started,TRUE,TRUE,FALSE,,1.04,0,276,-0.43
MPLADS-00658,CHANDUBHAI CHHAGANBHAI SHIHORA,Gujarat,SURENDRANAGAR,Education,Zila Parishad,358000,323000,261200,2,21-05-2023,18-01-2024,26-02-2024,Completed,TRUE,TRUE,FALSE,,0.9,0.81,39,0.94
MPLADS-00659,CHANDUBHAI CHHAGANBHAI SHIHORA,Gujarat,SURENDRANAGAR,"Railways, Roads, Pathways & Bridges",Gram Panchayat,368000,379000,108800,0,07-10-2024,22-06-2025,,Stalled,TRUE,FALSE,FALSE,,1.03,0.29,0,0.52
MPLADS-00660,CHANDUBHAI CHHAGANBHAI SHIHORA,Gujarat,SURENDRANAGAR,"Railways, Roads, Pathways & Bridges",State Rural Dev Agency,206000,229000,176400,2,31-12-2024,04-06-2025,31-05-2025,Completed,TRUE,TRUE,FALSE,,1.11,0.77,-4,-0.62
MPLADS-00661,CHANDUBHAI CHHAGANBHAI SHIHORA,Gujarat,SURENDRANAGAR,Other Public Facilities,State Rural Dev Agency,198000,207000,188100,2,29-05-2024,28-09-2024,11-09-2024,Completed,TRUE,FALSE,FALSE,,1.05,0.91,-17,-1.29
MPLADS-00662,CHANDUBHAI CHHAGANBHAI SHIHORA,Gujarat,SURENDRANAGAR,Education,Gram Panchayat,194000,196000,164500,2,13-08-2023,17-04-2024,12-05-2024,Completed,TRUE,TRUE,FALSE,,1.01,0.84,25,-1.23
MPLADS-00663,CHARANJIT SINGH CHANNI,Punjab,JALANDHAR(SC),Other Public Facilities,Zila Parishad,280000,320000,255000,3,26-06-2024,19-05-2025,16-06-2025,Completed,TRUE,TRUE,FALSE,,1.14,0.8,28,1.97
MPLADS-00664,CHARANJIT SINGH CHANNI,Punjab,JALANDHAR(SC),Drinking Water Facility,Cooperative Society,211000,230000,206900,4,13-04-2023,27-09-2023,02-10-2023,Completed,TRUE,TRUE,FALSE,,1.09,0.9,5,-0.02
MPLADS-00665,CHARANJIT SINGH CHANNI,Punjab,JALANDHAR(SC),"Railways, Roads, Pathways & Bridges",Gram Panchayat,211000,238000,0,0,27-02-2023,11-11-2023,,Not Started,TRUE,TRUE,FALSE,,1.13,0,568,0.6
MPLADS-00666,CHHATRA PAL SINGH GANGWAR,Uttar Pradesh,BAREILLY,"Railways, Roads, Pathways & Bridges",Zila Parishad,454000,451000,141400,1,30-12-2023,10-09-2024,,Stalled,TRUE,TRUE,FALSE,,0.99,0.31,264,0.69
MPLADS-00667,CHHATRA PAL SINGH GANGWAR,Uttar Pradesh,BAREILLY,Other Public Facilities,State Rural Dev Agency,260000,272000,223900,3,29-08-2024,25-06-2025,07-07-2025,Completed,TRUE,TRUE,FALSE,,1.05,0.82,12,-0.66
MPLADS-00668,CHHATRA PAL SINGH GANGWAR,Uttar Pradesh,BAREILLY,Other Public Facilities,Zila Parishad,439000,1192000,1171400,2,29-01-2023,04-06-2023,,In Progress,TRUE,TRUE,TRUE,cost_overrun,2.72,0.98,728,4.63
MPLADS-00669,CHHATRA PAL SINGH GANGWAR,Uttar Pradesh,BAREILLY,Other Public Facilities,Gram Panchayat,387000,377000,85500,0,30-07-2024,17-12-2024,,Stalled,TRUE,TRUE,FALSE,,0.97,0.23,166,-0.05
MPLADS-00670,CHHATRA PAL SINGH GANGWAR,Uttar Pradesh,BAREILLY,Drinking Water Facility,Zila Parishad,283000,298000,235800,3,09-07-2024,18-10-2024,24-10-2024,Completed,TRUE,TRUE,FALSE,,1.05,0.79,6,-0.47
MPLADS-00671,CHHATRAPATI SHAHU SHAHAJI,Maharashtra,KOLHAPUR,Other Public Facilities,State Rural Dev Agency,390000,354000,299000,3,08-09-2024,08-04-2025,23-05-2025,Completed,TRUE,FALSE,FALSE,,0.91,0.84,45,-1.08
MPLADS-00672,CHHATRAPATI SHAHU SHAHAJI,Maharashtra,KOLHAPUR,"Railways, Roads, Pathways & Bridges",Municipal Corporation,587000,662000,0,0,26-07-2023,07-02-2024,,Not Started,TRUE,TRUE,FALSE,,1.13,0,480,0.45
MPLADS-00673,CHHATRAPATI SHAHU SHAHAJI,Maharashtra,KOLHAPUR,"Railways, Roads, Pathways & Bridges",District PWD,739000,804000,705900,2,02-03-2023,13-02-2024,18-03-2024,Completed,TRUE,TRUE,FALSE,,1.09,0.88,34,1.52
MPLADS-00674,CHHATRAPATI SHAHU SHAHAJI,Maharashtra,KOLHAPUR,Education,Cooperative Society,649000,944000,0,0,22-06-2024,02-06-2025,,Not Started,FALSE,TRUE,TRUE,no_tender_high_value,1.45,0,0,0.82
MPLADS-00675,CHHOTELAL,Uttar Pradesh,ROBERTSGANJ(SC),Others,Zila Parishad,380000,410000,227100,1,10-02-2024,02-02-2025,,In Progress,TRUE,TRUE,FALSE,,1.08,0.55,119,0.66
MPLADS-00676,CHHOTELAL,Uttar Pradesh,ROBERTSGANJ(SC),Other Public Facilities,Zila Parishad,332000,371000,0,0,23-03-2024,09-08-2024,,Not Started,TRUE,TRUE,FALSE,,1.12,0,296,-0.09
MPLADS-00677,CHHOTELAL,Uttar Pradesh,ROBERTSGANJ(SC),"Railways, Roads, Pathways & Bridges",Municipal Corporation,306000,333000,60500,0,25-12-2024,11-07-2025,,Stalled,TRUE,TRUE,FALSE,,1.09,0.18,0,-0.24
MPLADS-00678,CHHOTELAL,Uttar Pradesh,ROBERTSGANJ(SC),"Railways, Roads, Pathways & Bridges",Cooperative Society,245000,239000,214500,2,17-08-2023,24-03-2024,,In Progress,TRUE,TRUE,FALSE,,0.98,0.9,434,-0.98
MPLADS-00679,CHHOTELAL,Uttar Pradesh,ROBERTSGANJ(SC),Education,Cooperative Society,324000,296000,256200,3,06-12-2024,13-08-2025,02-10-2025,Completed,TRUE,FALSE,FALSE,,0.91,0.87,50,-0.48
MPLADS-00680,CHINTAMANI MAHARAJ,Chhattisgarh,SARGUJA(ST),Other Public Facilities,District PWD,519000,472000,375300,2,09-08-2024,16-02-2025,15-04-2025,Completed,TRUE,TRUE,FALSE,,0.91,0.8,58,-0.36
MPLADS-00681,CHINTAMANI MAHARAJ,Chhattisgarh,SARGUJA(ST),Drinking Water Facility,Zila Parishad,597000,644000,431600,2,06-07-2023,12-03-2024,,In Progress,TRUE,TRUE,FALSE,,1.08,0.67,446,1.24
MPLADS-00682,CHINTAMANI MAHARAJ,Chhattisgarh,SARGUJA(ST),Drinking Water Facility,Cooperative Society,433000,494000,325900,1,16-10-2024,24-07-2025,,In Progress,TRUE,TRUE,FALSE,,1.14,0.66,0,0.04
MPLADS-00683,CHINTAMANI MAHARAJ,Chhattisgarh,SARGUJA(ST),Other Public Facilities,District PWD,462000,424000,355100,3,21-03-2023,17-11-2023,30-11-2023,Completed,TRUE,TRUE,FALSE,,0.92,0.84,13,-0.84
MPLADS-00684,CHIRAG PASWAN,Bihar,HAJIPUR(SC),Other Public Facilities,District PWD,544000,516000,319300,1,26-12-2024,30-04-2025,,In Progress,TRUE,TRUE,FALSE,,0.95,0.62,32,-0.73
MPLADS-00685,CHIRAG PASWAN,Bihar,HAJIPUR(SC),Other Public Facilities,District PWD,613000,587000,493800,4,29-09-2023,11-02-2024,17-02-2024,Completed,TRUE,TRUE,FALSE,,0.96,0.84,6,-0.39
MPLADS-00686,CHIRAG PASWAN,Bihar,HAJIPUR(SC),Drinking Water Facility,Zila Parishad,491000,551000,481900,4,02-01-2023,06-08-2023,11-09-2023,Completed,TRUE,TRUE,FALSE,,1.12,0.87,36,-0.39
MPLADS-00687,CHIRAG PASWAN,Bihar,HAJIPUR(SC),"Railways, Roads, Pathways & Bridges",District PWD,457000,494000,463300,3,28-02-2024,13-08-2024,,Not Started,TRUE,TRUE,TRUE,ghost_project,1.08,0.94,292,-0.59
MPLADS-00688,CHIRAG PASWAN,Bihar,HAJIPUR(SC),Education,Zila Parishad,428000,469000,0,0,05-05-2024,05-08-2024,,Not Started,TRUE,TRUE,FALSE,,1.1,0,300,-1.32
MPLADS-00689,CN Annadurai,Tamil Nadu,TIRUVANNAMALAI,"Railways, Roads, Pathways & Bridges",District PWD,1186000,1925000,469300,1,16-06-2023,20-02-2024,,In Progress,FALSE,TRUE,TRUE,no_tender_high_value,1.62,0.24,467,2.75
MPLADS-00690,CN Annadurai,Tamil Nadu,TIRUVANNAMALAI,"Railways, Roads, Pathways & Bridges",Gram Panchayat,851000,978000,855500,2,23-11-2023,07-03-2024,02-04-2024,Completed,TRUE,TRUE,FALSE,,1.15,0.87,26,-0.05
MPLADS-00691,CN Annadurai,Tamil Nadu,TIRUVANNAMALAI,Education,District PWD,658000,642000,103200,0,14-06-2023,03-06-2024,,In Progress,TRUE,TRUE,FALSE,,0.98,0.16,363,-0.85
MPLADS-00692,CN Annadurai,Tamil Nadu,TIRUVANNAMALAI,Education,District PWD,951000,1072000,638700,1,13-12-2023,13-03-2024,,In Progress,TRUE,TRUE,FALSE,,1.13,0.6,445,0.12
MPLADS-00693,CN Annadurai,Tamil Nadu,TIRUVANNAMALAI,"Railways, Roads, Pathways & Bridges",Zila Parishad,878000,942000,330000,1,17-03-2024,02-01-2025,,Stalled,TRUE,TRUE,FALSE,,1.07,0.35,150,-0.15
MPLADS-00694,CN Annadurai,Tamil Nadu,TIRUVANNAMALAI,"Railways, Roads, Pathways & Bridges",Cooperative Society,931000,962000,938500,2,24-02-2023,13-09-2023,07-09-2023,Completed,TRUE,TRUE,FALSE,,1.03,0.98,-6,-0.09
MPLADS-00695,CN Annadurai,Tamil Nadu,TIRUVANNAMALAI,Sanitation & Public Health,Municipal Corporation,1026000,1056000,615600,2,21-07-2024,18-07-2025,,In Progress,TRUE,TRUE,FALSE,,1.03,0.58,0,-0.01
MPLADS-00696,CN Annadurai,Tamil Nadu,TIRUVANNAMALAI,Education,Gram Panchayat,1073000,1011000,931900,3,01-11-2023,14-05-2024,21-05-2024,Completed,FALSE,TRUE,FALSE,,0.94,0.92,7,-0.01
MPLADS-00697,CN Annadurai,Tamil Nadu,TIRUVANNAMALAI,Other Public Facilities,Cooperative Society,954000,940000,782700,2,07-06-2023,14-04-2024,14-04-2024,Completed,FALSE,TRUE,TRUE,duplicate_work,0.99,0.83,0,-0.17
MPLADS-00698,CN Annadurai,Tamil Nadu,TIRUVANNAMALAI,Drinking Water Facility,Zila Parishad,763000,688000,105500,0,02-10-2024,27-06-2025,,In Progress,TRUE,FALSE,FALSE,,0.9,0.15,0,-1.39
MPLADS-00699,CN Annadurai,Tamil Nadu,TIRUVANNAMALAI,Other Public Facilities,Municipal Corporation,1128000,1055000,927900,3,15-10-2024,18-06-2025,06-08-2025,Completed,TRUE,TRUE,FALSE,,0.94,0.88,49,0.09
MPLADS-00700,CN Annadurai,Tamil Nadu,TIRUVANNAMALAI,Other Public Facilities,Cooperative Society,831000,767000,566500,2,12-02-2024,14-09-2024,,In Progress,TRUE,TRUE,FALSE,,0.92,0.74,260,-0.56
MPLADS-00701,D M Kathir Anand,Tamil Nadu,VELLORE,Other Public Facilities,Zila Parishad,637000,581000,485500,2,11-07-2024,23-01-2025,31-01-2025,Completed,TRUE,TRUE,FALSE,,0.91,0.84,8,-0.99
MPLADS-00702,D M Kathir Anand,Tamil Nadu,VELLORE,Drinking Water Facility,Municipal Corporation,800000,758000,594200,2,01-04-2024,23-09-2024,19-11-2024,Completed,TRUE,TRUE,FALSE,,0.95,0.78,57,-1.05
MPLADS-00703,D M Kathir Anand,Tamil Nadu,VELLORE,Others,District PWD,752000,805000,598800,1,31-07-2024,13-05-2025,10-06-2025,Completed,TRUE,TRUE,FALSE,,1.07,0.74,28,-0.19
MPLADS-00704,D M Kathir Anand,Tamil Nadu,VELLORE,Other Public Facilities,State Rural Dev Agency,644000,676000,569900,2,15-11-2024,04-09-2025,01-09-2025,Completed,TRUE,TRUE,FALSE,,1.05,0.84,-3,-0.77
MPLADS-00705,D M Kathir Anand,Tamil Nadu,VELLORE,"Railways, Roads, Pathways & Bridges",Gram Panchayat,1182000,1085000,835200,2,21-08-2023,12-01-2024,,In Progress,TRUE,TRUE,FALSE,,0.92,0.77,506,0.27
MPLADS-00706,D M Kathir Anand,Tamil Nadu,VELLORE,Other Public Facilities,Zila Parishad,935000,871000,415600,1,02-07-2024,18-12-2024,,In Progress,TRUE,TRUE,FALSE,,0.93,0.48,165,-0.33
MPLADS-00707,D M Kathir Anand,Tamil Nadu,VELLORE,Other Public Facilities,District PWD,737000,731000,596500,3,02-05-2024,15-11-2024,12-01-2025,Completed,TRUE,TRUE,FALSE,,0.99,0.82,58,-0.65
MPLADS-00708,D M Kathir Anand,Tamil Nadu,VELLORE,Other Public Facilities,State Rural Dev Agency,752000,690000,411000,2,29-05-2024,22-11-2024,,In Progress,TRUE,TRUE,FALSE,,0.92,0.6,191,-0.74
MPLADS-00709,D M Kathir Anand,Tamil Nadu,VELLORE,Other Public Facilities,Zila Parishad,1117000,1106000,843600,1,31-05-2023,04-03-2024,09-03-2024,Completed,TRUE,TRUE,FALSE,,0.99,0.76,5,0.2
MPLADS-00710,D M Kathir Anand,Tamil Nadu,VELLORE,Other Public Facilities,Cooperative Society,611000,612000,0,0,05-08-2023,01-02-2024,,Not Started,TRUE,TRUE,FALSE,,1,0,486,-0.92
MPLADS-00711,D Ravikumar,Tamil Nadu,VILUPPURAM(SC),Other Public Facilities,State Rural Dev Agency,1159000,1088000,913900,2,21-03-2024,11-01-2025,05-02-2025,Completed,TRUE,TRUE,FALSE,,0.94,0.84,25,0.16
MPLADS-00712,D Ravikumar,Tamil Nadu,VILUPPURAM(SC),Other Public Facilities,District PWD,1144000,1558000,907900,1,22-09-2023,11-06-2024,02-07-2024,Completed,FALSE,TRUE,TRUE,no_tender_high_value,1.36,0.58,21,1.23
MPLADS-00713,D Ravikumar,Tamil Nadu,VILUPPURAM(SC),"Railways, Roads, Pathways & Bridges",State Rural Dev Agency,903000,883000,250400,0,02-02-2024,20-06-2024,,In Progress,TRUE,TRUE,FALSE,,0.98,0.28,346,-0.33
MPLADS-00714,D Ravikumar,Tamil Nadu,VILUPPURAM(SC),Drinking Water Facility,State Rural Dev Agency,686000,777000,232500,1,14-04-2024,08-03-2025,,Stalled,FALSE,TRUE,FALSE,,1.13,0.3,85,-0.95
MPLADS-00715,D Ravikumar,Tamil Nadu,VILUPPURAM(SC),"Railways, Roads, Pathways & Bridges",State Rural Dev Agency,1075000,1185000,0,0,19-06-2024,16-04-2025,,Not Started,TRUE,TRUE,FALSE,,1.1,0,46,0.56
MPLADS-00716,D Ravikumar,Tamil Nadu,VILUPPURAM(SC),Other Public Facilities,District PWD,1110000,1159000,981400,1,25-08-2024,19-05-2025,,In Progress,TRUE,TRUE,FALSE,,1.04,0.85,13,0.32
MPLADS-00717,D Ravikumar,Tamil Nadu,VILUPPURAM(SC),Other Public Facilities,Municipal Corporation,655000,882000,0,0,30-07-2024,16-01-2025,,Not Started,FALSE,TRUE,TRUE,no_tender_high_value,1.35,0,136,-0.3
MPLADS-00718,D Ravikumar,Tamil Nadu,VILUPPURAM(SC),"Railways, Roads, Pathways & Bridges",Gram Panchayat,1024000,1125000,816100,1,25-02-2024,08-07-2024,27-06-2024,Completed,TRUE,TRUE,FALSE,,1.1,0.73,-11,0.39
MPLADS-00719,D Ravikumar,Tamil Nadu,VILUPPURAM(SC),Others,Cooperative Society,925000,941000,807200,3,08-02-2023,07-06-2023,08-07-2023,Completed,TRUE,TRUE,FALSE,,1.02,0.86,31,0.68
MPLADS-00720,Daggubati Purandeshwari,Andhra Pradesh,RAJAHMUNDRY,"Railways, Roads, Pathways & Bridges",Cooperative Society,327000,316000,271400,3,11-12-2024,24-06-2025,18-08-2025,Completed,TRUE,TRUE,FALSE,,0.97,0.86,55,-1.16
MPLADS-00721,Daggubati Purandeshwari,Andhra Pradesh,RAJAHMUNDRY,Other Public Facilities,Municipal Corporation,492000,457000,356500,3,01-09-2023,19-06-2024,21-06-2024,Completed,TRUE,TRUE,FALSE,,0.93,0.78,2,0.24
MPLADS-00722,DAGGUMALLA PRASADA RAO,Andhra Pradesh,CHITTOOR,Other Public Facilities,Gram Panchayat,496000,550000,501100,2,21-01-2023,13-01-2024,11-03-2024,Completed,TRUE,TRUE,FALSE,,1.11,0.91,58,1.27
MPLADS-00723,DAGGUMALLA PRASADA RAO,Andhra Pradesh,CHITTOOR,Other Public Facilities,Municipal Corporation,474000,503000,474000,2,13-12-2024,17-04-2025,,Not Started,TRUE,TRUE,TRUE,ghost_project,1.06,0.94,45,0.75
MPLADS-00724,DAGGUMALLA PRASADA RAO,Andhra Pradesh,CHITTOOR,Education,State Rural Dev Agency,525000,565000,0,0,29-03-2024,31-10-2024,,Not Started,TRUE,TRUE,FALSE,,1.08,0,213,0.43
MPLADS-00725,DAMODAR AGARWAL,Rajasthan,BHILWARA,Others,Gram Panchayat,562000,573000,511300,3,23-10-2024,28-04-2025,01-06-2025,Completed,TRUE,TRUE,FALSE,,1.02,0.89,34,-0.62
MPLADS-00726,DAMODAR AGARWAL,Rajasthan,BHILWARA,Other Public Facilities,State Rural Dev Agency,524000,513000,0,0,11-05-2024,12-09-2024,,Not Started,TRUE,TRUE,FALSE,,0.98,0,262,-0.85
MPLADS-00727,DAMODAR AGARWAL,Rajasthan,BHILWARA,"Railways, Roads, Pathways & Bridges",State Rural Dev Agency,660000,737000,596900,3,12-06-2023,11-05-2024,26-05-2024,Completed,TRUE,TRUE,FALSE,,1.12,0.81,15,0.12
MPLADS-00728,DAMODAR AGARWAL,Rajasthan,BHILWARA,Other Public Facilities,District PWD,514000,517000,437500,2,05-08-2024,21-06-2025,10-08-2025,Completed,TRUE,TRUE,FALSE,,1.01,0.85,50,-0.82
MPLADS-00729,DAMODAR AGARWAL,Rajasthan,BHILWARA,Sanitation & Public Health,Zila Parishad,493000,456000,382800,2,13-09-2023,18-08-2024,02-10-2024,Completed,TRUE,TRUE,FALSE,,0.92,0.84,45,-1.05
MPLADS-00730,DAMODAR AGARWAL,Rajasthan,BHILWARA,Sanitation & Public Health,District PWD,451000,491000,446300,2,08-10-2023,14-06-2024,09-06-2024,Completed,TRUE,TRUE,TRUE,duplicate_work,1.09,0.91,-5,-0.82
MPLADS-00731,DAROGA PRASAD SAROJ,Uttar Pradesh,LALGANJ (SC),"Railways, Roads, Pathways & Bridges",Zila Parishad,363000,401000,309700,1,28-11-2024,26-05-2025,02-06-2025,Completed,TRUE,TRUE,FALSE,,1.1,0.77,7,0.3
MPLADS-00732,DAROGA PRASAD SAROJ,Uttar Pradesh,LALGANJ (SC),Other Public Facilities,Municipal Corporation,376000,393000,267000,2,30-04-2024,17-02-2025,,In Progress,TRUE,TRUE,FALSE,,1.05,0.68,104,0.04
MPLADS-00733,DAROGA PRASAD SAROJ,Uttar Pradesh,LALGANJ (SC),"Railways, Roads, Pathways & Bridges",State Rural Dev Agency,313000,292000,231500,1,06-12-2024,10-04-2025,14-05-2025,Completed,FALSE,TRUE,FALSE,,0.93,0.79,34,-0.57
MPLADS-00734,DAROGA PRASAD SAROJ,Uttar Pradesh,LALGANJ (SC),Other Public Facilities,Municipal Corporation,365000,385000,0,0,08-08-2023,07-06-2024,,Not Started,TRUE,TRUE,FALSE,,1.05,0,359,-0.01
MPLADS-00735,DARSHAN SINGH CHOUDHARY,Madhya Pradesh,HOSHANGABAD,Others,Cooperative Society,221000,231000,201700,2,29-10-2024,13-03-2025,18-04-2025,Completed,FALSE,TRUE,FALSE,,1.05,0.87,36,-0.67
MPLADS-00736,DARSHAN SINGH CHOUDHARY,Madhya Pradesh,HOSHANGABAD,"Railways, Roads, Pathways & Bridges",District PWD,320000,361000,208700,2,10-01-2023,07-06-2023,,In Progress,TRUE,TRUE,FALSE,,1.13,0.58,725,0.38
MPLADS-00737,DARSHAN SINGH CHOUDHARY,Madhya Pradesh,HOSHANGABAD,Others,Cooperative Society,245000,260000,213500,3,18-08-2023,19-01-2024,12-01-2024,Completed,TRUE,TRUE,FALSE,,1.06,0.82,-7,-0.52
MPLADS-00738,DARSHAN SINGH CHOUDHARY,Madhya Pradesh,HOSHANGABAD,Other Public Facilities,Gram Panchayat,375000,367000,294400,2,20-10-2024,21-05-2025,02-06-2025,Completed,TRUE,TRUE,FALSE,,0.98,0.8,12,0.13
MPLADS-00739,DARSHAN SINGH CHOUDHARY,Madhya Pradesh,HOSHANGABAD,"Railways, Roads, Pathways & Bridges",State Rural Dev Agency,410000,396000,309800,3,16-09-2023,17-08-2024,06-08-2024,Completed,TRUE,TRUE,FALSE,,0.97,0.78,-11,0.89
MPLADS-00740,DARSHAN SINGH CHOUDHARY,Madhya Pradesh,HOSHANGABAD,Others,Municipal Corporation,250000,286000,153800,1,11-02-2024,12-09-2024,,In Progress,FALSE,TRUE,FALSE,,1.14,0.54,262,-0.38
MPLADS-00741,DEEPENDER SINGH HOODA,Haryana,ROHTAK,"Railways, Roads, Pathways & Bridges",District PWD,467000,513000,288300,1,28-07-2024,03-12-2024,,In Progress,TRUE,TRUE,FALSE,,1.1,0.56,180,-0.27
MPLADS-00742,DEEPENDER SINGH HOODA,Haryana,ROHTAK,Other Public Facilities,Municipal Corporation,393000,363000,299700,3,08-05-2024,20-09-2024,12-11-2024,Completed,TRUE,TRUE,FALSE,,0.92,0.83,53,-1.16
MPLADS-00743,DEEPENDER SINGH HOODA,Haryana,ROHTAK,Sanitation & Public Health,Zila Parishad,551000,590000,393000,1,25-09-2023,13-06-2024,,In Progress,TRUE,TRUE,FALSE,,1.07,0.67,353,0.63
MPLADS-00744,Devendra Alias Bhole Singh,Uttar Pradesh,AKBARPUR,Other Public Facilities,State Rural Dev Agency,387000,443000,184400,1,03-06-2023,29-05-2024,,In Progress,TRUE,TRUE,FALSE,,1.14,0.42,368,0.33
MPLADS-00745,Devendra Alias Bhole Singh,Uttar Pradesh,AKBARPUR,"Railways, Roads, Pathways & Bridges",Cooperative Society,412000,465000,325100,2,18-02-2024,31-08-2024,,In Progress,TRUE,TRUE,FALSE,,1.13,0.7,274,0.8
MPLADS-00746,Devendra Alias Bhole Singh,Uttar Pradesh,AKBARPUR,Education,Gram Panchayat,332000,1113000,1030500,1,24-05-2024,19-03-2025,,Stalled,TRUE,TRUE,TRUE,cost_overrun,3.35,0.93,74,3.53
MPLADS-00747,Devendra Alias Bhole Singh,Uttar Pradesh,AKBARPUR,"Railways, Roads, Pathways & Bridges",Municipal Corporation,247000,239000,134500,2,06-02-2023,12-01-2024,,In Progress,TRUE,TRUE,FALSE,,0.97,0.56,506,-0.98
MPLADS-00748,Devendra Alias Bhole Singh,Uttar Pradesh,AKBARPUR,Other Public Facilities,Cooperative Society,291000,314000,125000,3,31-12-2024,03-03-2024,17-04-2025,Stalled,TRUE,TRUE,TRUE,delayed_stalled,1.08,0.4,410,-0.42
MPLADS-00749,Devendra Alias Bhole Singh,Uttar Pradesh,AKBARPUR,"Railways, Roads, Pathways & Bridges",State Rural Dev Agency,382000,382000,242200,1,03-01-2024,12-09-2024,,In Progress,TRUE,TRUE,FALSE,,1,0.63,262,0.15
MPLADS-00750,DEVESH CHANDRA THAKUR,Bihar,SITAMARHI,"Railways, Roads, Pathways & Bridges",Cooperative Society,693000,791000,656700,4,05-07-2023,10-06-2024,30-06-2024,Completed,TRUE,TRUE,FALSE,,1.14,0.83,20,0.39
MPLADS-00751,DEVESH CHANDRA THAKUR,Bihar,SITAMARHI,Others,Municipal Corporation,485000,473000,0,0,26-07-2024,20-11-2024,,Not Started,TRUE,TRUE,FALSE,,0.98,0,193,-1.14
MPLADS-00752,DEVESH CHANDRA THAKUR,Bihar,SITAMARHI,Other Public Facilities,Municipal Corporation,574000,529000,512200,3,01-11-2024,04-05-2025,01-07-2025,Not Started,TRUE,TRUE,TRUE,ghost_project,0.92,0.97,58,-0.67
MPLADS-00753,DEVESH CHANDRA THAKUR,Bihar,SITAMARHI,Education,Municipal Corporation,486000,557000,0,0,06-03-2024,15-01-2025,,Not Started,TRUE,TRUE,FALSE,,1.15,0,137,-0.66
MPLADS-00754,DEVESH CHANDRA THAKUR,Bihar,SITAMARHI,"Railways, Roads, Pathways & Bridges",State Rural Dev Agency,440000,409000,0,0,19-04-2024,24-12-2024,,Not Started,TRUE,TRUE,FALSE,,0.93,0,159,-0.87
MPLADS-00755,DEVESH SHAKYA,Uttar Pradesh,ETAH,Education,State Rural Dev Agency,355000,408000,107000,1,17-08-2024,25-03-2025,,Stalled,TRUE,TRUE,FALSE,,1.15,0.26,68,0.07
MPLADS-00756,DEVESH SHAKYA,Uttar Pradesh,ETAH,Other Public Facilities,District PWD,436000,437000,0,0,03-05-2023,14-01-2024,,Not Started,TRUE,TRUE,FALSE,,1,0,504,0.29
MPLADS-00757,DEVESH SHAKYA,Uttar Pradesh,ETAH,Education,State Rural Dev Agency,264000,244000,223200,2,04-06-2023,06-09-2023,25-10-2023,Completed,TRUE,TRUE,FALSE,,0.92,0.91,49,-0.74
MPLADS-00758,DEVESH SHAKYA,Uttar Pradesh,ETAH,"Railways, Roads, Pathways & Bridges",District PWD,401000,393000,328800,3,13-04-2024,28-11-2024,22-11-2024,Completed,TRUE,TRUE,FALSE,,0.98,0.84,-6,0.23
MPLADS-00759,DEVESH SHAKYA,Uttar Pradesh,ETAH,"Railways, Roads, Pathways & Bridges",District PWD,233000,211000,190300,3,14-05-2024,20-01-2025,05-02-2025,Completed,TRUE,TRUE,FALSE,,0.91,0.9,16,-1.21
MPLADS-00760,DEVESH SHAKYA,Uttar Pradesh,ETAH,"Railways, Roads, Pathways & Bridges",State Rural Dev Agency,329000,355000,158600,1,05-01-2023,04-08-2023,,In Progress,TRUE,TRUE,FALSE,,1.08,0.45,667,-0.07
MPLADS-00761,DEVESH SHAKYA,Uttar Pradesh,ETAH,Other Public Facilities,State Rural Dev Agency,280000,269000,187200,3,12-06-2023,29-02-2024,,In Progress,TRUE,TRUE,FALSE,,0.96,0.7,458,-0.67
MPLADS-00762,DEVESH SHAKYA,Uttar Pradesh,ETAH,Education,Gram Panchayat,291000,325000,155400,1,20-03-2024,19-12-2024,,In Progress,TRUE,TRUE,FALSE,,1.12,0.48,164,-0.34
MPLADS-00763,Devusinh Jesingbhai Chauhan,Gujarat,KHEDA,"Railways, Roads, Pathways & Bridges",District PWD,273000,262000,184500,3,05-01-2023,12-12-2023,18-12-2023,Completed,TRUE,TRUE,FALSE,,0.96,0.7,6,-0.37
MPLADS-00764,Devusinh Jesingbhai Chauhan,Gujarat,KHEDA,Sanitation & Public Health,District PWD,304000,315000,0,0,26-11-2023,30-03-2024,,Not Started,TRUE,FALSE,FALSE,,1.04,0,428,0.46
MPLADS-00765,Devusinh Jesingbhai Chauhan,Gujarat,KHEDA,"Railways, Roads, Pathways & Bridges",Municipal Corporation,303000,307000,156300,1,03-10-2024,02-08-2025,,In Progress,TRUE,TRUE,FALSE,,1.01,0.51,0,-0.03
MPLADS-00766,Devusinh Jesingbhai Chauhan,Gujarat,KHEDA,Others,District PWD,319000,321000,265300,4,13-05-2023,31-12-2023,18-12-2023,Completed,TRUE,TRUE,FALSE,,1.01,0.83,-13,-0.07
MPLADS-00767,Devusinh Jesingbhai Chauhan,Gujarat,KHEDA,Other Public Facilities,State Rural Dev Agency,240000,251000,219400,2,16-02-2023,16-06-2023,12-08-2023,Completed,TRUE,TRUE,FALSE,,1.05,0.87,57,-0.51
MPLADS-00768,Devusinh Jesingbhai Chauhan,Gujarat,KHEDA,Other Public Facilities,Municipal Corporation,331000,354000,282200,1,20-06-2024,05-03-2025,25-04-2025,Completed,TRUE,TRUE,FALSE,,1.07,0.8,51,1.32
MPLADS-00769,Devusinh Jesingbhai Chauhan,Gujarat,KHEDA,Education,Gram Panchayat,233000,267000,213100,2,16-05-2024,29-11-2024,06-01-2025,Completed,TRUE,TRUE,FALSE,,1.15,0.8,38,-0.02
MPLADS-00770,Devusinh Jesingbhai Chauhan,Gujarat,KHEDA,"Railways, Roads, Pathways & Bridges",Cooperative Society,263000,252000,235000,4,20-01-2023,25-04-2023,14-06-2023,Not Started,TRUE,TRUE,TRUE,ghost_project,0.96,0.93,50,-0.45
MPLADS-00771,Devusinh Jesingbhai Chauhan,Gujarat,KHEDA,Education,Cooperative Society,250000,225000,123700,1,23-01-2023,27-10-2023,,In Progress,TRUE,TRUE,FALSE,,0.9,0.55,583,-0.73
MPLADS-00772,Devusinh Jesingbhai Chauhan,Gujarat,KHEDA,Other Public Facilities,State Rural Dev Agency,301000,274000,236600,2,08-02-2023,27-10-2023,31-10-2023,Completed,TRUE,TRUE,FALSE,,0.91,0.86,4,-0.1
MPLADS-00773,Devusinh Jesingbhai Chauhan,Gujarat,KHEDA,Other Public Facilities,District PWD,338000,338000,272100,2,19-02-2023,04-02-2024,,In Progress,FALSE,TRUE,FALSE,,1,0.81,483,1.04
MPLADS-00774,Dhairyasheel Sambhajirao Mane,Maharashtra,HATKANANGLE,Others,State Rural Dev Agency,401000,376000,162600,1,19-02-2023,14-10-2023,,In Progress,TRUE,TRUE,FALSE,,0.94,0.43,596,-1.2
MPLADS-00775,Dhairyasheel Sambhajirao Mane,Maharashtra,HATKANANGLE,Other Public Facilities,Cooperative Society,388000,442000,271100,2,16-09-2023,27-12-2023,,In Progress,TRUE,TRUE,FALSE,,1.14,0.61,522,-0.71
MPLADS-00776,Dhairyasheel Sambhajirao Mane,Maharashtra,HATKANANGLE,Other Public Facilities,Municipal Corporation,387000,401000,343100,1,10-01-2023,14-08-2023,02-09-2023,Completed,TRUE,TRUE,FALSE,,1.04,0.86,19,-0.88
MPLADS-00777,Dhairyasheel Sambhajirao Mane,Maharashtra,HATKANANGLE,Other Public Facilities,District PWD,574000,626000,354300,1,29-09-2024,10-05-2025,,In Progress,TRUE,TRUE,FALSE,,1.09,0.57,22,0.07
MPLADS-00778,Dhairyasheel Sambhajirao Mane,Maharashtra,HATKANANGLE,Other Public Facilities,District PWD,616000,579000,208900,1,07-06-2024,27-05-2025,,In Progress,TRUE,TRUE,FALSE,,0.94,0.36,5,-0.13
MPLADS-00779,Dhairyasheel Sambhajirao Mane,Maharashtra,HATKANANGLE,"Railways, Roads, Pathways & Bridges",State Rural Dev Agency,621000,598000,508300,2,24-05-2024,31-03-2025,15-05-2025,Completed,TRUE,TRUE,FALSE,,0.96,0.85,45,-0.04
MPLADS-00780,Dhairyasheel Sambhajirao Mane,Maharashtra,HATKANANGLE,Other Public Facilities,State Rural Dev Agency,432000,448000,390100,2,26-07-2023,22-03-2024,10-03-2024,Completed,TRUE,TRUE,FALSE,,1.04,0.87,-12,-0.68
MPLADS-00781,Dhairyasheel Sambhajirao Mane,Maharashtra,HATKANANGLE,Other Public Facilities,Zila Parishad,708000,655000,203700,0,23-05-2024,14-09-2024,,Stalled,TRUE,TRUE,FALSE,,0.93,0.31,260,0.19
MPLADS-00782,Dhairyasheel Sambhajirao Mane,Maharashtra,HATKANANGLE,Other Public Facilities,State Rural Dev Agency,420000,443000,428400,2,03-01-2023,09-07-2023,21-08-2023,Not Started,TRUE,TRUE,TRUE,ghost_project,1.05,0.97,43,-0.7
MPLADS-00783,DHANORKAR PRATIBHA SURESH ALIAS BALUBHAU,Maharashtra,CHANDRAPUR,Education,District PWD,443000,476000,241500,2,16-11-2024,10-09-2025,,In Progress,TRUE,TRUE,FALSE,,1.07,0.51,0,-0.58
MPLADS-00784,DHANORKAR PRATIBHA SURESH ALIAS BALUBHAU,Maharashtra,CHANDRAPUR,Others,Municipal Corporation,578000,658000,102000,0,14-04-2023,07-12-2023,,Stalled,TRUE,TRUE,FALSE,,1.14,0.16,542,0.37
MPLADS-00785,DHANORKAR PRATIBHA SURESH ALIAS BALUBHAU,Maharashtra,CHANDRAPUR,Other Public Facilities,District PWD,570000,580000,317200,1,28-09-2023,09-05-2024,,In Progress,TRUE,TRUE,FALSE,,1.02,0.55,388,-0.13
MPLADS-00786,DHANORKAR PRATIBHA SURESH ALIAS BALUBHAU,Maharashtra,CHANDRAPUR,Education,District PWD,569000,594000,513600,2,25-10-2023,28-03-2024,10-05-2024,Completed,TRUE,TRUE,FALSE,,1.04,0.86,43,-0.22
MPLADS-00787,DHANORKAR PRATIBHA SURESH ALIAS BALUBHAU,Maharashtra,CHANDRAPUR,Education,Zila Parishad,422000,405000,0,0,08-04-2023,24-03-2024,,Not Started,TRUE,FALSE,FALSE,,0.96,0,434,-0.79
MPLADS-00788,DHANORKAR PRATIBHA SURESH ALIAS BALUBHAU,Maharashtra,CHANDRAPUR,"Railways, Roads, Pathways & Bridges",State Rural Dev Agency,557000,544000,314400,2,10-11-2024,17-02-2025,,In Progress,TRUE,TRUE,FALSE,,0.98,0.58,104,-0.45
MPLADS-00789,DHANORKAR PRATIBHA SURESH ALIAS BALUBHAU,Maharashtra,CHANDRAPUR,Education,Zila Parishad,552000,630000,0,0,02-10-2023,12-04-2024,,Not Started,TRUE,TRUE,FALSE,,1.14,0,415,-0.12
MPLADS-00790,DHARMENDRA PRADHAN,Odisha,SAMBALPUR,Education,Gram Panchayat,292000,288000,216700,3,27-04-2023,28-12-2023,25-12-2023,Completed,TRUE,TRUE,FALSE,,0.99,0.75,-3,0.14
MPLADS-00791,DHARMENDRA PRADHAN,Odisha,SAMBALPUR,"Railways, Roads, Pathways & Bridges",Zila Parishad,305000,290000,0,0,07-12-2024,02-11-2025,,Not Started,TRUE,TRUE,FALSE,,0.95,0,0,0.13
MPLADS-00792,DHARMENDRA PRADHAN,Odisha,SAMBALPUR,Other Public Facilities,Zila Parishad,217000,244000,197100,2,26-04-2023,28-08-2023,23-08-2023,Completed,TRUE,TRUE,FALSE,,1.12,0.81,-5,-0.15
MPLADS-00793,DHARMENDRA PRADHAN,Odisha,SAMBALPUR,Others,Cooperative Society,325000,323000,274300,2,17-04-2023,25-03-2024,17-04-2024,Completed,TRUE,TRUE,FALSE,,0.99,0.85,23,0.32
MPLADS-00794,DHARMENDRA PRADHAN,Odisha,SAMBALPUR,Other Public Facilities,District PWD,273000,313000,275200,3,24-03-2024,02-09-2024,05-10-2024,Completed,TRUE,TRUE,FALSE,,1.15,0.88,33,1.3
MPLADS-00795,DHARMENDRA YADAV,Uttar Pradesh,AZAMGARH,"Railways, Roads, Pathways & Bridges",Gram Panchayat,235000,218000,0,0,01-12-2024,21-06-2025,,Not Started,TRUE,TRUE,FALSE,,0.93,0,0,-1.15
MPLADS-00796,DHARMENDRA YADAV,Uttar Pradesh,AZAMGARH,Other Public Facilities,Municipal Corporation,416000,423000,372700,4,14-05-2024,19-11-2024,08-11-2024,Completed,TRUE,TRUE,FALSE,,1.02,0.88,-11,0.21
MPLADS-00797,DHARMENDRA YADAV,Uttar Pradesh,AZAMGARH,Other Public Facilities,Cooperative Society,270000,278000,237800,3,01-11-2024,13-06-2025,13-07-2025,Completed,TRUE,TRUE,FALSE,,1.03,0.86,30,-0.62
MPLADS-00798,DHARMENDRA YADAV,Uttar Pradesh,AZAMGARH,"Railways, Roads, Pathways & Bridges",Municipal Corporation,246000,233000,156700,2,13-08-2024,19-11-2024,,In Progress,TRUE,TRUE,FALSE,,0.95,0.67,194,-1.03
MPLADS-00799,DHARMENDRA YADAV,Uttar Pradesh,AZAMGARH,Other Public Facilities,Cooperative Society,263000,292000,123500,1,15-06-2024,25-10-2024,,In Progress,TRUE,TRUE,FALSE,,1.11,0.42,219,-0.54
MPLADS-00800,DHAVAL LAXMANBHAI PATEL,Gujarat,VALSAD(ST),"Railways, Roads, Pathways & Bridges",Zila Parishad,303000,277000,130100,1,12-09-2023,28-07-2024,,In Progress,TRUE,TRUE,FALSE,,0.91,0.47,308,-0.26
MPLADS-00801,DHAVAL LAXMANBHAI PATEL,Gujarat,VALSAD(ST),Sanitation & Public Health,Zila Parishad,291000,274000,0,0,25-07-2024,16-12-2024,,Not Started,TRUE,FALSE,FALSE,,0.94,0,167,-0.37
MPLADS-00802,DHAVAL LAXMANBHAI PATEL,Gujarat,VALSAD(ST),Other Public Facilities,District PWD,226000,210000,0,0,01-06-2024,23-05-2025,,Not Started,TRUE,TRUE,FALSE,,0.93,0,9,-1.24
MPLADS-00803,DHAVAL LAXMANBHAI PATEL,Gujarat,VALSAD(ST),Other Public Facilities,State Rural Dev Agency,333000,324000,291500,3,18-05-2024,22-09-2024,14-09-2024,Completed,TRUE,TRUE,TRUE,duplicate_work,0.97,0.9,-8,0.79
MPLADS-00804,DHAVAL LAXMANBHAI PATEL,Gujarat,VALSAD(ST),Others,District PWD,316000,297000,237600,3,17-08-2023,20-01-2024,,In Progress,TRUE,TRUE,FALSE,,0.94,0.8,498,-0.22
MPLADS-00805,Dileshwar Kamait,Bihar,SUPAUL,Others,Gram Panchayat,525000,517000,411900,2,15-04-2024,01-11-2024,17-10-2024,Completed,TRUE,TRUE,FALSE,,0.98,0.8,-15,-0.76
MPLADS-00806,Dileshwar Kamait,Bihar,SUPAUL,Education,District PWD,739000,813000,690600,2,02-04-2024,12-08-2024,21-08-2024,Completed,TRUE,TRUE,FALSE,,1.1,0.85,9,1.25
MPLADS-00807,Dileshwar Kamait,Bihar,SUPAUL,"Railways, Roads, Pathways & Bridges",District PWD,750000,1064000,697600,2,16-04-2023,05-09-2023,14-09-2023,Completed,FALSE,TRUE,TRUE,no_tender_high_value,1.42,0.66,9,1.3
MPLADS-00808,Dileshwar Kamait,Bihar,SUPAUL,Others,State Rural Dev Agency,742000,740000,150300,0,10-09-2024,17-05-2025,,Stalled,TRUE,TRUE,FALSE,,1,0.2,15,1.15
MPLADS-00809,Dileshwar Kamait,Bihar,SUPAUL,Other Public Facilities,District PWD,489000,486000,376000,3,31-07-2023,16-06-2024,,In Progress,TRUE,TRUE,FALSE,,0.99,0.77,350,-0.88
MPLADS-00810,Dileshwar Kamait,Bihar,SUPAUL,Others,State Rural Dev Agency,800000,739000,0,0,17-08-2023,12-04-2024,,Not Started,TRUE,TRUE,FALSE,,0.92,0,415,1.14
MPLADS-00811,Dilip Saikia,Assam,Darrang-Udalguri,"Railways, Roads, Pathways & Bridges",District PWD,405000,366000,219900,2,29-04-2024,15-11-2024,,In Progress,TRUE,TRUE,FALSE,,0.9,0.6,198,-0.7
MPLADS-00812,Dilip Saikia,Assam,Darrang-Udalguri,Other Public Facilities,Municipal Corporation,504000,559000,470000,4,05-11-2024,03-04-2025,24-03-2025,Completed,TRUE,TRUE,FALSE,,1.11,0.84,-10,0.71
MPLADS-00813,Dilip Saikia,Assam,Darrang-Udalguri,Other Public Facilities,Zila Parishad,454000,520000,226300,1,14-07-2024,07-11-2024,,In Progress,TRUE,TRUE,FALSE,,1.15,0.44,206,0.34
MPLADS-00814,Dilip Saikia,Assam,Darrang-Udalguri,Other Public Facilities,District PWD,409000,463000,434000,2,19-05-2024,04-09-2024,27-09-2024,Completed,TRUE,TRUE,FALSE,,1.13,0.94,23,-0.18
MPLADS-00815,Dilip Saikia,Assam,Darrang-Udalguri,Education,Gram Panchayat,558000,529000,297800,2,18-09-2023,31-07-2024,,In Progress,TRUE,TRUE,FALSE,,0.95,0.56,305,-0.14
MPLADS-00816,Dilip Saikia,Assam,Darrang-Udalguri,Other Public Facilities,District PWD,519000,494000,186600,1,09-08-2023,11-04-2024,,In Progress,TRUE,TRUE,FALSE,,0.95,0.38,416,0.1
MPLADS-00817,Dinesh Chandra Yadav,Bihar,MADHEPURA,"Railways, Roads, Pathways & Bridges",District PWD,719000,703000,634800,3,29-02-2024,30-12-2024,14-01-2025,Completed,TRUE,TRUE,FALSE,,0.98,0.9,15,0.1
MPLADS-00818,Dinesh Chandra Yadav,Bihar,MADHEPURA,Other Public Facilities,Gram Panchayat,576000,582000,370700,2,06-04-2024,16-10-2024,,In Progress,TRUE,TRUE,FALSE,,1.01,0.64,228,-0.41
MPLADS-00819,Dinesh Chandra Yadav,Bihar,MADHEPURA,Education,State Rural Dev Agency,635000,678000,158800,0,05-01-2023,18-06-2023,,In Progress,FALSE,TRUE,FALSE,,1.07,0.23,714,0.24
MPLADS-00820,Dinesh Chandra Yadav,Bihar,MADHEPURA,Others,Cooperative Society,718000,750000,220400,1,09-05-2024,01-02-2025,,Stalled,TRUE,TRUE,FALSE,,1.04,0.29,120,1.24
MPLADS-00821,Dinesh Chandra Yadav,Bihar,MADHEPURA,Sanitation & Public Health,Cooperative Society,567000,522000,435000,2,15-08-2024,05-01-2025,02-03-2025,Completed,TRUE,TRUE,FALSE,,0.92,0.83,56,-1.23
MPLADS-00822,Dinesh Chandra Yadav,Bihar,MADHEPURA,Drinking Water Facility,Gram Panchayat,439000,399000,270400,1,06-09-2024,20-06-2025,,In Progress,TRUE,TRUE,FALSE,,0.91,0.68,0,-0.83
MPLADS-00823,Dinesh Chandra Yadav,Bihar,MADHEPURA,Other Public Facilities,Municipal Corporation,487000,461000,253600,1,15-09-2024,19-04-2025,,Stalled,TRUE,TRUE,FALSE,,0.95,0.55,43,-1
MPLADS-00824,DINESHBHAI MAKWANA,Gujarat,AHMEDABAD WEST(SC),Others,Cooperative Society,298000,321000,163900,1,29-10-2023,29-01-2024,,In Progress,TRUE,TRUE,FALSE,,1.08,0.51,489,-0.07
MPLADS-00825,DINESHBHAI MAKWANA,Gujarat,AHMEDABAD WEST(SC),Others,Cooperative Society,367000,380000,323400,3,08-06-2024,10-01-2025,06-03-2025,Completed,TRUE,TRUE,FALSE,,1.04,0.85,55,0.28
MPLADS-00826,DINESHBHAI MAKWANA,Gujarat,AHMEDABAD WEST(SC),"Railways, Roads, Pathways & Bridges",Municipal Corporation,273000,262000,235800,2,20-07-2024,24-02-2025,,In Progress,TRUE,TRUE,FALSE,,0.96,0.9,97,-0.37
MPLADS-00827,DINESHBHAI MAKWANA,Gujarat,AHMEDABAD WEST(SC),"Railways, Roads, Pathways & Bridges",Cooperative Society,280000,310000,244400,3,04-12-2024,02-09-2025,09-09-2025,Completed,TRUE,TRUE,FALSE,,1.11,0.79,7,0
MPLADS-00828,DINESHBHAI MAKWANA,Gujarat,AHMEDABAD WEST(SC),Others,District PWD,226000,206000,129500,2,02-07-2023,20-04-2024,,In Progress,TRUE,TRUE,FALSE,,0.91,0.63,407,-0.77
MPLADS-00829,DINESHBHAI MAKWANA,Gujarat,AHMEDABAD WEST(SC),"Railways, Roads, Pathways & Bridges",Cooperative Society,232000,235000,171400,2,27-12-2023,14-09-2024,,In Progress,TRUE,TRUE,FALSE,,1.01,0.73,260,-0.58
MPLADS-00830,DR BYREDDY SHABARI,Andhra Pradesh,NANDYAL,Others,Gram Panchayat,368000,578000,226300,2,03-03-2024,30-08-2024,,In Progress,FALSE,TRUE,TRUE,no_tender_high_value,1.57,0.39,275,1.06
MPLADS-00831,DR BYREDDY SHABARI,Andhra Pradesh,NANDYAL,Others,Cooperative Society,346000,387000,156300,1,14-01-2023,30-04-2023,,In Progress,FALSE,TRUE,FALSE,,1.12,0.4,763,-0.71
MPLADS-00832,DR BYREDDY SHABARI,Andhra Pradesh,NANDYAL,Education,Municipal Corporation,378000,389000,348900,2,27-02-2023,10-02-2024,25-01-2024,Completed,TRUE,TRUE,FALSE,,1.03,0.9,-16,-0.41
MPLADS-00833,DR BYREDDY SHABARI,Andhra Pradesh,NANDYAL,"Railways, Roads, Pathways & Bridges",Municipal Corporation,410000,409000,339700,2,30-11-2024,06-11-2025,16-12-2025,Completed,TRUE,TRUE,FALSE,,1,0.83,40,-0.39
MPLADS-00834,DR BYREDDY SHABARI,Andhra Pradesh,NANDYAL,Others,District PWD,422000,386000,0,0,28-07-2023,06-01-2024,,Not Started,FALSE,TRUE,FALSE,,0.91,0,512,-0.72
MPLADS-00835,DR BYREDDY SHABARI,Andhra Pradesh,NANDYAL,"Railways, Roads, Pathways & Bridges",Cooperative Society,560000,611000,0,0,22-09-2024,04-03-2025,,Not Started,TRUE,TRUE,FALSE,,1.09,0,89,1.28
MPLADS-00836,DR C N MANJUNATH,Karnataka,BANGALORE RURAL,Sanitation & Public Health,Cooperative Society,535000,484000,227900,1,24-10-2024,08-08-2025,,In Progress,TRUE,TRUE,FALSE,,0.9,0.47,0,-0.64
MPLADS-00837,DR C N MANJUNATH,Karnataka,BANGALORE RURAL,Others,Gram Panchayat,626000,573000,226000,1,22-10-2023,19-06-2024,,In Progress,FALSE,TRUE,FALSE,,0.92,0.39,347,-0.29
MPLADS-00838,DR C N MANJUNATH,Karnataka,BANGALORE RURAL,Others,Municipal Corporation,603000,591000,461200,1,02-12-2024,06-11-2025,02-11-2025,Completed,TRUE,FALSE,FALSE,,0.98,0.78,-4,-0.15
MPLADS-00839,DR C N MANJUNATH,Karnataka,BANGALORE RURAL,Education,Zila Parishad,534000,572000,135300,2,27-07-2023,07-06-2023,,Stalled,TRUE,TRUE,TRUE,delayed_stalled,1.07,0.24,725,-0.59
MPLADS-00840,DR C N MANJUNATH,Karnataka,BANGALORE RURAL,Other Public Facilities,State Rural Dev Agency,445000,460000,281700,2,10-10-2024,27-01-2025,,In Progress,TRUE,TRUE,FALSE,,1.03,0.61,125,-0.88
MPLADS-00841,DR C N MANJUNATH,Karnataka,BANGALORE RURAL,Others,Gram Panchayat,723000,818000,715800,3,09-09-2024,29-04-2025,19-04-2025,Completed,TRUE,TRUE,FALSE,,1.13,0.88,-10,1.62
MPLADS-00842,DR C N MANJUNATH,Karnataka,BANGALORE RURAL,"Railways, Roads, Pathways & Bridges",Cooperative Society,672000,686000,201300,0,01-07-2023,18-03-2024,,Stalled,TRUE,TRUE,FALSE,,1.02,0.29,440,0.1
MPLADS-00843,DR C N MANJUNATH,Karnataka,BANGALORE RURAL,Education,Municipal Corporation,723000,760000,645500,2,10-06-2024,29-11-2024,11-12-2024,Completed,FALSE,TRUE,FALSE,,1.05,0.85,12,0.48
MPLADS-00844,Dr Chandra Sekhar Pemmasani,Andhra Pradesh,GUNTUR,"Railways, Roads, Pathways & Bridges",Gram Panchayat,512000,487000,428300,4,14-05-2023,03-09-2023,20-09-2023,Completed,TRUE,FALSE,FALSE,,0.95,0.88,17,0.25
MPLADS-00845,Dr Chandra Sekhar Pemmasani,Andhra Pradesh,GUNTUR,Other Public Facilities,State Rural Dev Agency,484000,442000,124900,1,27-12-2024,28-10-2025,,Stalled,FALSE,TRUE,FALSE,,0.91,0.28,0,0.07
MPLADS-00846,Dr Chandra Sekhar Pemmasani,Andhra Pradesh,GUNTUR,Other Public Facilities,Municipal Corporation,434000,416000,0,0,22-02-2023,10-01-2024,,Not Started,TRUE,TRUE,FALSE,,0.96,0,508,-0.21
MPLADS-00847,DR DHARAMVIRA GANDHI,Punjab,PATIALA,"Railways, Roads, Pathways & Bridges",Cooperative Society,284000,257000,0,0,17-05-2024,01-04-2025,,Not Started,TRUE,TRUE,FALSE,,0.9,0,61,1.06
MPLADS-00848,DR DHARAMVIRA GANDHI,Punjab,PATIALA,Other Public Facilities,State Rural Dev Agency,221000,249000,149100,2,22-11-2023,31-10-2024,,In Progress,TRUE,TRUE,FALSE,,1.13,0.6,213,0.43
MPLADS-00849,DR DHARAMVIRA GANDHI,Punjab,PATIALA,Drinking Water Facility,Zila Parishad,228000,216000,170900,2,13-06-2023,19-04-2024,15-06-2024,Completed,TRUE,TRUE,FALSE,,0.95,0.79,57,-0.39
MPLADS-00850,DR DHARAMVIRA GANDHI,Punjab,PATIALA,Drinking Water Facility,State Rural Dev Agency,154000,160000,72200,1,07-08-2023,22-03-2024,,In Progress,TRUE,TRUE,FALSE,,1.04,0.45,436,-1.89
MPLADS-00851,DR DHARAMVIRA GANDHI,Punjab,PATIALA,Sanitation & Public Health,Cooperative Society,225000,203000,62800,1,27-06-2024,22-04-2025,,In Progress,TRUE,TRUE,FALSE,,0.9,0.31,40,-0.71
MPLADS-00852,Dr Jayanta Kumar Roy,West Bengal,JALPAIGURI(SC),"Railways, Roads, Pathways & Bridges",Cooperative Society,684000,642000,479600,2,10-01-2023,16-07-2023,20-08-2023,Completed,TRUE,TRUE,FALSE,,0.94,0.75,35,-0.16
MPLADS-00853,Dr Jayanta Kumar Roy,West Bengal,JALPAIGURI(SC),Other Public Facilities,Municipal Corporation,436000,401000,164400,0,20-09-2024,18-08-2025,,Stalled,TRUE,TRUE,FALSE,,0.92,0.41,0,-1.02
MPLADS-00854,Dr Jayanta Kumar Roy,West Bengal,JALPAIGURI(SC),Other Public Facilities,State Rural Dev Agency,833000,806000,322500,1,26-01-2024,04-08-2024,,Stalled,TRUE,TRUE,FALSE,,0.97,0.4,301,0.56
MPLADS-00855,Dr Jayanta Kumar Roy,West Bengal,JALPAIGURI(SC),Other Public Facilities,State Rural Dev Agency,471000,503000,432100,1,17-10-2023,06-05-2024,23-05-2024,Completed,TRUE,TRUE,FALSE,,1.07,0.86,17,-0.62
MPLADS-00856,Dr Jayanta Kumar Roy,West Bengal,JALPAIGURI(SC),"Railways, Roads, Pathways & Bridges",Zila Parishad,776000,2688000,2623600,2,04-06-2024,23-11-2024,03-12-2024,Completed,FALSE,TRUE,TRUE,cost_overrun,3.46,0.98,10,7.54
MPLADS-00857,DR KALGE SHIVAJI BANDAPPA,Maharashtra,LATUR(SC),Other Public Facilities,State Rural Dev Agency,581000,540000,322900,2,25-11-2023,29-03-2024,,In Progress,TRUE,FALSE,TRUE,no_mp_recommendation,0.93,0.6,429,-0.29
MPLADS-00858,DR KALGE SHIVAJI BANDAPPA,Maharashtra,LATUR(SC),Others,Zila Parishad,499000,558000,450700,2,30-06-2024,26-04-2025,26-04-2025,Completed,TRUE,TRUE,FALSE,,1.12,0.81,0,-0.19
MPLADS-00859,DR KALGE SHIVAJI BANDAPPA,Maharashtra,LATUR(SC),Drinking Water Facility,Cooperative Society,659000,612000,539900,3,02-12-2024,21-06-2025,09-07-2025,Completed,TRUE,TRUE,FALSE,,0.93,0.88,18,-0.25
MPLADS-00860,DR KALGE SHIVAJI BANDAPPA,Maharashtra,LATUR(SC),Other Public Facilities,Zila Parishad,447000,493000,382600,2,21-03-2024,26-12-2024,,In Progress,TRUE,TRUE,FALSE,,1.1,0.78,157,-0.49
MPLADS-00861,DR KALGE SHIVAJI BANDAPPA,Maharashtra,LATUR(SC),"Railways, Roads, Pathways & Bridges",District PWD,636000,656000,381100,1,25-01-2023,17-10-2023,,In Progress,TRUE,TRUE,FALSE,,1.03,0.58,593,0.4
MPLADS-00862,DR KALGE SHIVAJI BANDAPPA,Maharashtra,LATUR(SC),Others,Zila Parishad,606000,558000,0,0,02-07-2023,31-01-2024,,Not Started,TRUE,TRUE,FALSE,,0.92,0,487,-0.19
MPLADS-00863,Dr Mohammad Jawed,Bihar,KISHANGANJ,Other Public Facilities,Municipal Corporation,550000,520000,420700,1,22-09-2023,24-02-2024,08-03-2024,Completed,TRUE,TRUE,FALSE,,0.95,0.81,13,-0.71
MPLADS-00864,Dr Mohammad Jawed,Bihar,KISHANGANJ,"Railways, Roads, Pathways & Bridges",Cooperative Society,655000,662000,630300,2,18-01-2023,22-07-2023,30-08-2023,Not Started,TRUE,FALSE,TRUE,ghost_project,1.01,0.95,39,-0.03
MPLADS-00865,Dr Mohammad Jawed,Bihar,KISHANGANJ,Other Public Facilities,District PWD,555000,603000,545500,2,25-09-2024,03-02-2025,25-01-2025,Completed,TRUE,TRUE,FALSE,,1.09,0.9,-9,-0.31
MPLADS-00866,Dr Mohammad Jawed,Bihar,KISHANGANJ,"Railways, Roads, Pathways & Bridges",Municipal Corporation,472000,526000,121400,0,02-01-2024,22-09-2024,,Stalled,TRUE,TRUE,FALSE,,1.11,0.23,252,-0.48
MPLADS-00867,Dr Mohammad Jawed,Bihar,KISHANGANJ,Other Public Facilities,Gram Panchayat,637000,678000,206200,1,13-09-2024,11-01-2024,04-04-2025,Stalled,TRUE,TRUE,TRUE,delayed_stalled,1.06,0.3,449,0.05
MPLADS-00868,Dr Mohammad Jawed,Bihar,KISHANGANJ,Education,Cooperative Society,563000,583000,463700,2,07-11-2024,25-02-2025,09-04-2025,Completed,TRUE,TRUE,FALSE,,1.04,0.8,43,-0.47
MPLADS-00869,Dr Mohammad Jawed,Bihar,KISHANGANJ,Other Public Facilities,Cooperative Society,752000,782000,724400,4,05-02-2024,24-11-2024,,Not Started,TRUE,TRUE,TRUE,ghost_project,1.04,0.93,189,0.56
MPLADS-00870,Dr Mohammad Jawed,Bihar,KISHANGANJ,Education,Cooperative Society,754000,734000,569000,2,28-05-2023,30-01-2024,09-03-2024,Completed,TRUE,TRUE,FALSE,,0.97,0.78,39,0.66
MPLADS-00871,Dr Mohammad Jawed,Bihar,KISHANGANJ,Other Public Facilities,State Rural Dev Agency,804000,833000,205200,1,25-10-2024,18-06-2024,13-09-2025,Stalled,TRUE,TRUE,TRUE,delayed_stalled,1.04,0.25,452,0.81
MPLADS-00872,DR RAJKUMAR SANGWAN,Uttar Pradesh,BAGHPAT,"Railways, Roads, Pathways & Bridges",State Rural Dev Agency,298000,326000,308200,2,25-05-2023,12-09-2023,28-10-2023,Completed,FALSE,TRUE,FALSE,,1.09,0.95,46,-0.3
MPLADS-00873,DR RAJKUMAR SANGWAN,Uttar Pradesh,BAGHPAT,Education,Cooperative Society,252000,287000,42000,0,14-07-2024,21-05-2025,,Stalled,TRUE,TRUE,FALSE,,1.14,0.15,11,-0.53
MPLADS-00874,DR RAJKUMAR SANGWAN,Uttar Pradesh,BAGHPAT,"Railways, Roads, Pathways & Bridges",Zila Parishad,447000,441000,398800,3,19-12-2023,01-05-2024,26-05-2024,Completed,TRUE,TRUE,FALSE,,0.99,0.9,25,0.61
MPLADS-00875,DR RAJKUMAR SANGWAN,Uttar Pradesh,BAGHPAT,Others,District PWD,388000,356000,306300,2,14-06-2023,11-06-2024,23-06-2024,Completed,TRUE,TRUE,FALSE,,0.92,0.86,12,-0.03
MPLADS-00876,DR RAJKUMAR SANGWAN,Uttar Pradesh,BAGHPAT,Other Public Facilities,State Rural Dev Agency,301000,277000,211600,2,05-07-2023,03-10-2023,,In Progress,TRUE,TRUE,FALSE,,0.92,0.76,607,-0.63
MPLADS-00877,DR RAJKUMAR SANGWAN,Uttar Pradesh,BAGHPAT,Others,Municipal Corporation,297000,288000,72400,1,17-04-2024,25-07-2023,,Stalled,TRUE,TRUE,TRUE,delayed_stalled,0.97,0.25,677,-0.89
MPLADS-00878,DR RANI SRI KUMAR,Tamil Nadu,TENKASI(SC),Other Public Facilities,Municipal Corporation,990000,932000,776800,4,11-04-2023,05-11-2023,07-11-2023,Completed,TRUE,TRUE,FALSE,,0.94,0.83,2,-0.19
MPLADS-00879,DR RANI SRI KUMAR,Tamil Nadu,TENKASI(SC),"Railways, Roads, Pathways & Bridges",District PWD,820000,837000,703300,2,12-05-2023,26-12-2023,,In Progress,TRUE,TRUE,FALSE,,1.02,0.84,523,-0.46
MPLADS-00880,DR RANI SRI KUMAR,Tamil Nadu,TENKASI(SC),Other Public Facilities,Municipal Corporation,1135000,1288000,1176900,2,18-07-2023,24-05-2024,11-07-2024,Completed,TRUE,TRUE,FALSE,,1.13,0.91,48,0.61
MPLADS-00881,DR RANI SRI KUMAR,Tamil Nadu,TENKASI(SC),Education,Municipal Corporation,797000,810000,501100,3,11-12-2024,28-05-2025,,In Progress,TRUE,TRUE,FALSE,,1.02,0.62,4,-0.47
MPLADS-00882,DR RANI SRI KUMAR,Tamil Nadu,TENKASI(SC),Education,Cooperative Society,665000,686000,576600,2,14-03-2024,27-06-2024,16-06-2024,Completed,TRUE,TRUE,FALSE,,1.03,0.84,-11,-0.75
MPLADS-00883,DR RANI SRI KUMAR,Tamil Nadu,TENKASI(SC),Other Public Facilities,Cooperative Society,1053000,1060000,821600,3,18-10-2024,17-04-2025,22-04-2025,Completed,TRUE,TRUE,FALSE,,1.01,0.78,5,0.1
MPLADS-00884,DR RANI SRI KUMAR,Tamil Nadu,TENKASI(SC),"Railways, Roads, Pathways & Bridges",Municipal Corporation,613000,674000,0,0,06-12-2023,14-07-2024,,Not Started,TRUE,TRUE,FALSE,,1.1,0,322,-0.94
MPLADS-00885,Dr Shashi Tharoor,Kerala,THIRUVANANTHAPURAM,"Railways, Roads, Pathways & Bridges",Municipal Corporation,802000,803000,528100,3,13-05-2024,24-04-2025,,In Progress,TRUE,TRUE,FALSE,,1,0.66,38,0.37
MPLADS-00886,Dr Shashi Tharoor,Kerala,THIRUVANANTHAPURAM,Others,Cooperative Society,554000,549000,0,0,24-05-2023,08-02-2024,,Not Started,TRUE,TRUE,FALSE,,0.99,0,479,-0.91
MPLADS-00887,Dr Shashi Tharoor,Kerala,THIRUVANANTHAPURAM,Others,Cooperative Society,917000,864000,450500,1,20-03-2023,21-07-2023,,In Progress,TRUE,TRUE,FALSE,,0.94,0.52,681,1.23
MPLADS-00888,Dr Shashi Tharoor,Kerala,THIRUVANANTHAPURAM,Others,Zila Parishad,571000,573000,0,0,01-02-2023,02-09-2023,,Not Started,TRUE,TRUE,TRUE,duplicate_work,1,0,638,-0.75
MPLADS-00889,Dr Shashi Tharoor,Kerala,THIRUVANANTHAPURAM,"Railways, Roads, Pathways & Bridges",Gram Panchayat,587000,665000,543800,2,07-02-2023,12-01-2024,,In Progress,TRUE,TRUE,FALSE,,1.13,0.82,506,-0.52
MPLADS-00890,Dr Shashi Tharoor,Kerala,THIRUVANANTHAPURAM,Others,State Rural Dev Agency,782000,718000,0,0,31-10-2024,05-10-2025,,Not Started,TRUE,TRUE,FALSE,,0.92,0,0,0.24
MPLADS-00891,Dr Shashi Tharoor,Kerala,THIRUVANANTHAPURAM,"Railways, Roads, Pathways & Bridges",Municipal Corporation,734000,716000,555700,2,25-10-2023,10-05-2024,05-05-2024,Completed,TRUE,TRUE,FALSE,,0.98,0.78,-5,-0.19
MPLADS-00892,Dr Shashi Tharoor,Kerala,THIRUVANANTHAPURAM,Others,State Rural Dev Agency,720000,663000,556700,2,29-05-2024,13-02-2025,20-02-2025,Completed,TRUE,TRUE,FALSE,,0.92,0.84,7,-0.14
MPLADS-00893,Dr Shashi Tharoor,Kerala,THIRUVANANTHAPURAM,"Railways, Roads, Pathways & Bridges",Zila Parishad,847000,819000,742000,2,01-12-2024,27-09-2025,24-09-2025,Completed,TRUE,TRUE,FALSE,,0.97,0.91,-3,0.47
MPLADS-00894,Dr Shashi Tharoor,Kerala,THIRUVANANTHAPURAM,Drinking Water Facility,Cooperative Society,930000,1054000,241400,0,02-08-2024,26-12-2024,,Stalled,TRUE,TRUE,FALSE,,1.13,0.23,157,1.84
MPLADS-00895,Dr Sukanta Majumdar,West Bengal,BALURGHAT,Education,Zila Parishad,617000,591000,154500,0,10-05-2024,01-10-2024,,Stalled,FALSE,TRUE,FALSE,,0.96,0.26,243,-0.57
MPLADS-00896,Dr Sukanta Majumdar,West Bengal,BALURGHAT,Other Public Facilities,State Rural Dev Agency,547000,499000,422700,2,06-03-2023,06-08-2023,19-09-2023,Completed,TRUE,TRUE,FALSE,,0.91,0.85,44,-0.63
MPLADS-00897,Dr Sukanta Majumdar,West Bengal,BALURGHAT,Others,District PWD,521000,497000,451900,2,05-01-2024,23-06-2024,17-06-2024,Completed,TRUE,TRUE,FALSE,,0.95,0.91,-6,-1.23
MPLADS-00898,Dr Sukanta Majumdar,West Bengal,BALURGHAT,Others,Municipal Corporation,700000,702000,607900,3,26-10-2024,07-10-2025,21-09-2025,Completed,TRUE,TRUE,FALSE,,1,0.87,-16,0.32
MPLADS-00899,Dr Sukanta Majumdar,West Bengal,BALURGHAT,"Railways, Roads, Pathways & Bridges",Gram Panchayat,608000,646000,252600,1,27-09-2023,04-07-2024,,In Progress,TRUE,TRUE,FALSE,,1.06,0.39,332,-0.14
MPLADS-00900,Dr Sukanta Majumdar,West Bengal,BALURGHAT,Education,Municipal Corporation,474000,477000,284500,1,10-01-2024,14-05-2024,,In Progress,TRUE,TRUE,FALSE,,1.01,0.6,383,-1.34
MPLADS-00901,Dr Sukanta Majumdar,West Bengal,BALURGHAT,Other Public Facilities,Municipal Corporation,650000,635000,233000,1,21-01-2024,29-11-2024,,Stalled,TRUE,TRUE,FALSE,,0.98,0.37,184,-0.1
MPLADS-00902,DR. HEMANG JOSHI,Gujarat,VADODARA,"Railways, Roads, Pathways & Bridges",Zila Parishad,351000,318000,0,0,13-05-2024,05-03-2025,,Not Started,TRUE,FALSE,FALSE,,0.91,0,88,0.06
MPLADS-00903,DR. HEMANG JOSHI,Gujarat,VADODARA,Education,Zila Parishad,188000,208000,189100,4,26-03-2024,30-09-2024,23-10-2024,Completed,TRUE,TRUE,FALSE,,1.11,0.91,23,-1.02
MPLADS-00904,DR. HEMANG JOSHI,Gujarat,VADODARA,Sanitation & Public Health,District PWD,261000,297000,267800,2,03-06-2023,24-02-2024,27-02-2024,Completed,TRUE,TRUE,FALSE,,1.14,0.9,3,0.1
MPLADS-00905,DR. HEMANG JOSHI,Gujarat,VADODARA,Other Public Facilities,Gram Panchayat,254000,271000,221900,2,07-11-2024,14-06-2025,10-06-2025,Completed,TRUE,TRUE,FALSE,,1.07,0.82,-4,-0.15
MPLADS-00906,DR. HEMANT VISHNU SAVARA,Maharashtra,PALGHAR(ST),Sanitation & Public Health,Gram Panchayat,738000,818000,430900,1,22-11-2024,09-10-2025,,In Progress,TRUE,TRUE,TRUE,duplicate_work,1.11,0.53,0,1.45
MPLADS-00907,DR. HEMANT VISHNU SAVARA,Maharashtra,PALGHAR(ST),Education,Zila Parishad,561000,527000,427200,1,23-01-2023,01-05-2023,25-06-2023,Completed,TRUE,TRUE,FALSE,,0.94,0.81,55,-0.42
MPLADS-00908,DR. HEMANT VISHNU SAVARA,Maharashtra,PALGHAR(ST),Others,Zila Parishad,603000,643000,249100,1,06-10-2024,11-09-2025,,In Progress,TRUE,TRUE,FALSE,,1.07,0.39,0,0.29
MPLADS-00909,DR. HEMANT VISHNU SAVARA,Maharashtra,PALGHAR(ST),Other Public Facilities,State Rural Dev Agency,396000,375000,69000,0,22-09-2023,05-08-2024,,Stalled,TRUE,TRUE,FALSE,,0.95,0.18,300,-0.99
MPLADS-00910,DR. HEMANT VISHNU SAVARA,Maharashtra,PALGHAR(ST),Sanitation & Public Health,Municipal Corporation,382000,367000,334400,4,14-10-2024,10-03-2025,10-03-2025,Completed,TRUE,TRUE,FALSE,,0.96,0.91,0,-1.54
MPLADS-00911,DR. HEMANT VISHNU SAVARA,Maharashtra,PALGHAR(ST),"Railways, Roads, Pathways & Bridges",Gram Panchayat,455000,467000,391800,3,29-03-2023,20-02-2024,20-02-2024,Completed,TRUE,TRUE,FALSE,,1.03,0.84,0,-1.03
MPLADS-00912,DR. KIRSAN NAMDEO,Maharashtra,GADCHIROLI-CHIMUR(ST),"Railways, Roads, Pathways & Bridges",State Rural Dev Agency,636000,618000,505400,2,24-06-2023,01-03-2024,27-03-2024,Completed,TRUE,TRUE,FALSE,,0.97,0.82,26,0.11
MPLADS-00913,DR. KIRSAN NAMDEO,Maharashtra,GADCHIROLI-CHIMUR(ST),Other Public Facilities,Cooperative Society,483000,489000,329600,2,06-07-2023,28-02-2024,,In Progress,TRUE,TRUE,FALSE,,1.01,0.67,459,-0.51
MPLADS-00914,DR. KIRSAN NAMDEO,Maharashtra,GADCHIROLI-CHIMUR(ST),Other Public Facilities,Gram Panchayat,439000,497000,157700,1,17-12-2023,29-06-2024,,Stalled,TRUE,TRUE,FALSE,,1.13,0.32,337,-0.48
MPLADS-00915,DR. KIRSAN NAMDEO,Maharashtra,GADCHIROLI-CHIMUR(ST),"Railways, Roads, Pathways & Bridges",State Rural Dev Agency,460000,470000,398800,2,30-01-2024,26-12-2024,17-01-2025,Completed,FALSE,TRUE,FALSE,,1.02,0.85,22,-1.01
MPLADS-00916,DR. KIRSAN NAMDEO,Maharashtra,GADCHIROLI-CHIMUR(ST),"Railways, Roads, Pathways & Bridges",Gram Panchayat,688000,662000,588400,4,01-12-2024,03-11-2025,25-12-2025,Completed,TRUE,TRUE,FALSE,,0.96,0.89,52,0.45
MPLADS-00917,DR. KIRSAN NAMDEO,Maharashtra,GADCHIROLI-CHIMUR(ST),Sanitation & Public Health,District PWD,640000,701000,308900,1,21-09-2024,25-01-2025,,In Progress,TRUE,TRUE,TRUE,duplicate_work,1.1,0.44,127,0.67
MPLADS-00918,DR. KIRSAN NAMDEO,Maharashtra,GADCHIROLI-CHIMUR(ST),"Railways, Roads, Pathways & Bridges",District PWD,451000,447000,232000,2,06-04-2023,31-10-2023,,In Progress,TRUE,TRUE,FALSE,,0.99,0.52,579,-1.18
MPLADS-00919,DR. KIRSAN NAMDEO,Maharashtra,GADCHIROLI-CHIMUR(ST),"Railways, Roads, Pathways & Bridges",District PWD,574000,543000,342700,2,25-11-2024,30-07-2025,,In Progress,TRUE,TRUE,FALSE,,0.95,0.63,0,-0.45
MPLADS-00920,DR. LATA WANKHEDE,Madhya Pradesh,SAGAR,Other Public Facilities,Gram Panchayat,346000,338000,277300,1,15-12-2024,07-04-2025,,In Progress,TRUE,TRUE,FALSE,,0.98,0.82,55,-0.08
MPLADS-00921,DR. LATA WANKHEDE,Madhya Pradesh,SAGAR,Others,Cooperative Society,361000,336000,231500,1,25-12-2023,30-06-2024,,In Progress,TRUE,TRUE,FALSE,,0.93,0.69,336,-0.12
MPLADS-00922,DR. LATA WANKHEDE,Madhya Pradesh,SAGAR,"Railways, Roads, Pathways & Bridges",Zila Parishad,404000,365000,316100,3,12-08-2024,04-01-2025,01-03-2025,Completed,TRUE,TRUE,FALSE,,0.9,0.87,56,0.44
MPLADS-00923,DR. LATA WANKHEDE,Madhya Pradesh,SAGAR,"Railways, Roads, Pathways & Bridges",Zila Parishad,228000,207000,192700,4,27-03-2023,31-08-2023,20-10-2023,Completed,TRUE,TRUE,FALSE,,0.91,0.93,50,-1.86
MPLADS-00924,DR. LATA WANKHEDE,Madhya Pradesh,SAGAR,Education,District PWD,255000,262000,110600,1,06-01-2023,11-12-2023,,In Progress,TRUE,TRUE,FALSE,,1.03,0.42,538,-1.02
MPLADS-00925,DR. M.P ABDUSSAMAD SAMADANI,Kerala,PONNANI,Others,Municipal Corporation,675000,689000,599100,2,16-06-2024,03-10-2024,05-10-2024,Completed,TRUE,TRUE,FALSE,,1.02,0.87,2,0.04
MPLADS-00926,DR. M.P ABDUSSAMAD SAMADANI,Kerala,PONNANI,Drinking Water Facility,Municipal Corporation,800000,752000,633400,3,23-02-2024,03-10-2024,11-11-2024,Completed,TRUE,TRUE,FALSE,,0.94,0.84,39,-0.96
MPLADS-00927,DR. M.P ABDUSSAMAD SAMADANI,Kerala,PONNANI,Other Public Facilities,Municipal Corporation,799000,744000,0,0,25-09-2023,09-09-2024,,Not Started,TRUE,TRUE,FALSE,,0.93,0,265,-0.15
MPLADS-00928,DR. M.P ABDUSSAMAD SAMADANI,Kerala,PONNANI,Other Public Facilities,State Rural Dev Agency,605000,686000,572900,3,27-11-2024,10-09-2025,20-10-2025,Completed,TRUE,TRUE,FALSE,,1.13,0.84,40,-0.27
MPLADS-00929,DR. M.P ABDUSSAMAD SAMADANI,Kerala,PONNANI,Other Public Facilities,Municipal Corporation,528000,602000,467700,3,09-05-2024,08-04-2025,09-04-2025,Completed,TRUE,FALSE,TRUE,no_mp_recommendation,1.14,0.78,1,-0.45
MPLADS-00930,DR. MANSUKH MANDAVIYA,Gujarat,PORBANDAR,Other Public Facilities,Cooperative Society,272000,263000,219900,3,14-08-2024,17-01-2025,04-02-2025,Completed,TRUE,TRUE,FALSE,,0.97,0.84,18,-0.3
MPLADS-00931,DR. MANSUKH MANDAVIYA,Gujarat,PORBANDAR,"Railways, Roads, Pathways & Bridges",Zila Parishad,275000,316000,229100,1,02-05-2023,27-02-2024,,In Progress,TRUE,TRUE,FALSE,,1.15,0.72,460,0.04
MPLADS-00932,DR. MANSUKH MANDAVIYA,Gujarat,PORBANDAR,Drinking Water Facility,State Rural Dev Agency,230000,231000,176400,2,13-04-2023,11-02-2024,23-03-2024,Completed,TRUE,TRUE,FALSE,,1,0.76,41,-1.37
MPLADS-00933,DR. MANSUKH MANDAVIYA,Gujarat,PORBANDAR,Other Public Facilities,Cooperative Society,291000,297000,235800,2,20-09-2024,06-05-2025,,In Progress,TRUE,TRUE,FALSE,,1.02,0.79,26,0.31
MPLADS-00934,DR. MANSUKH MANDAVIYA,Gujarat,PORBANDAR,Other Public Facilities,State Rural Dev Agency,288000,269000,0,0,06-01-2023,02-11-2023,,Not Started,TRUE,TRUE,FALSE,,0.93,0,577,-0.19
MPLADS-00935,DR. MANSUKH MANDAVIYA,Gujarat,PORBANDAR,Others,State Rural Dev Agency,255000,238000,195600,2,21-03-2024,08-11-2024,29-10-2024,Completed,TRUE,TRUE,FALSE,,0.93,0.82,-10,-0.58
MPLADS-00936,DR. MANSUKH MANDAVIYA,Gujarat,PORBANDAR,Other Public Facilities,Cooperative Society,272000,256000,94700,1,08-02-2023,21-07-2023,,In Progress,TRUE,TRUE,FALSE,,0.94,0.37,681,-0.42
MPLADS-00937,DR. MANSUKH MANDAVIYA,Gujarat,PORBANDAR,"Railways, Roads, Pathways & Bridges",Zila Parishad,301000,313000,257500,2,17-06-2024,30-03-2025,24-05-2025,Completed,TRUE,TRUE,TRUE,duplicate_work,1.04,0.82,55,0.02
MPLADS-00938,DR. MANSUKH MANDAVIYA,Gujarat,PORBANDAR,Others,State Rural Dev Agency,368000,410000,220400,2,17-10-2024,14-02-2025,,In Progress,FALSE,TRUE,FALSE,,1.11,0.54,107,0.47
MPLADS-00939,DR. PRABHA MALLIKARJUN,Karnataka,DAVANAGERE,"Railways, Roads, Pathways & Bridges",Cooperative Society,651000,641000,556800,2,20-10-2023,27-05-2024,25-06-2024,Completed,TRUE,TRUE,FALSE,,0.98,0.87,29,-0.26
MPLADS-00940,DR. PRABHA MALLIKARJUN,Karnataka,DAVANAGERE,Other Public Facilities,Cooperative Society,804000,748000,438100,1,26-08-2023,18-04-2024,,In Progress,TRUE,TRUE,FALSE,,0.93,0.59,409,0.26
MPLADS-00941,DR. PRADEEP KUMAR PANIGRAHY,Odisha,BERHAMPUR,Others,Gram Panchayat,217000,225000,11200,0,01-01-2023,14-04-2023,,Stalled,TRUE,TRUE,FALSE,,1.04,0.05,779,-0.67
MPLADS-00942,DR. PRADEEP KUMAR PANIGRAHY,Odisha,BERHAMPUR,Other Public Facilities,District PWD,165000,182000,62300,0,28-12-2023,17-04-2024,,In Progress,TRUE,TRUE,FALSE,,1.1,0.34,410,-1.45
MPLADS-00943,DR. PRADEEP KUMAR PANIGRAHY,Odisha,BERHAMPUR,Education,State Rural Dev Agency,244000,241000,203100,2,21-12-2024,17-06-2025,13-08-2025,Completed,TRUE,TRUE,FALSE,,0.99,0.84,57,-0.28
MPLADS-00944,DR. PRADEEP KUMAR PANIGRAHY,Odisha,BERHAMPUR,Others,State Rural Dev Agency,214000,628000,562300,3,19-08-2024,13-06-2025,11-07-2025,Completed,TRUE,TRUE,TRUE,cost_overrun,2.93,0.9,28,3.41
MPLADS-00945,DR. PRADEEP KUMAR PANIGRAHY,Odisha,BERHAMPUR,"Railways, Roads, Pathways & Bridges",Zila Parishad,188000,198000,170600,2,19-07-2023,13-12-2023,,In Progress,TRUE,FALSE,FALSE,,1.05,0.86,536,-0.6
MPLADS-00946,DR. PRADEEP KUMAR PANIGRAHY,Odisha,BERHAMPUR,Others,Municipal Corporation,303000,327000,143900,1,21-02-2024,11-06-2024,,In Progress,TRUE,TRUE,FALSE,,1.08,0.44,355,0.37
MPLADS-00947,DR. PRADEEP KUMAR PANIGRAHY,Odisha,BERHAMPUR,Drinking Water Facility,State Rural Dev Agency,191000,219000,0,0,30-04-2023,10-09-2023,,Not Started,TRUE,TRUE,FALSE,,1.15,0,630,-0.7
MPLADS-00948,DR. PRASHANT YADAORAO PADOLE,Maharashtra,BHANDARA-GONDIYA,Others,Zila Parishad,700000,682000,149500,0,14-09-2023,17-07-2024,,In Progress,TRUE,TRUE,FALSE,,0.97,0.22,319,0.5
MPLADS-00949,DR. PRASHANT YADAORAO PADOLE,Maharashtra,BHANDARA-GONDIYA,"Railways, Roads, Pathways & Bridges",State Rural Dev Agency,759000,691000,192300,0,14-12-2023,09-09-2024,,Stalled,TRUE,TRUE,FALSE,,0.91,0.28,265,0.67
MPLADS-00950,DR. PRASHANT YADAORAO PADOLE,Maharashtra,BHANDARA-GONDIYA,Others,Zila Parishad,476000,492000,219600,1,29-01-2023,08-09-2023,,In Progress,TRUE,TRUE,FALSE,,1.03,0.45,632,-0.56
MPLADS-00951,DR. PRASHANT YADAORAO PADOLE,Maharashtra,BHANDARA-GONDIYA,"Railways, Roads, Pathways & Bridges",Municipal Corporation,663000,628000,334400,1,24-11-2024,29-07-2025,,In Progress,TRUE,TRUE,FALSE,,0.95,0.53,0,0.19
MPLADS-00952,DR. PRASHANT YADAORAO PADOLE,Maharashtra,BHANDARA-GONDIYA,Other Public Facilities,Municipal Corporation,741000,763000,482500,2,12-06-2024,15-12-2024,,In Progress,TRUE,TRUE,FALSE,,1.03,0.63,168,0.65
MPLADS-00953,DR. PRASHANT YADAORAO PADOLE,Maharashtra,BHANDARA-GONDIYA,Others,State Rural Dev Agency,533000,572000,449700,2,06-04-2023,16-11-2023,07-12-2023,Completed,TRUE,TRUE,FALSE,,1.07,0.79,21,-0.11
MPLADS-00954,DR. RAJ KUMAR CHABBEWAL,Punjab,HOSHIARPUR(SC),Drinking Water Facility,Municipal Corporation,220000,207000,108300,2,02-07-2023,26-04-2024,,In Progress,TRUE,TRUE,FALSE,,0.94,0.52,401,-0.63
MPLADS-00955,DR. RAJ KUMAR CHABBEWAL,Punjab,HOSHIARPUR(SC),Drinking Water Facility,Gram Panchayat,219000,244000,52600,0,07-07-2023,14-02-2024,,Stalled,TRUE,TRUE,FALSE,,1.11,0.22,473,0.35
MPLADS-00956,DR. RAJ KUMAR CHABBEWAL,Punjab,HOSHIARPUR(SC),Drinking Water Facility,Zila Parishad,225000,213000,172700,3,24-07-2023,25-06-2024,28-07-2024,Completed,TRUE,TRUE,FALSE,,0.95,0.81,33,-0.47
MPLADS-00957,DR. RAJ KUMAR CHABBEWAL,Punjab,HOSHIARPUR(SC),"Railways, Roads, Pathways & Bridges",District PWD,153000,158000,0,0,27-07-2023,12-02-2024,,Not Started,TRUE,TRUE,FALSE,,1.03,0,475,-1.31
MPLADS-00958,DR. RAJ KUMAR CHABBEWAL,Punjab,HOSHIARPUR(SC),"Railways, Roads, Pathways & Bridges",State Rural Dev Agency,203000,192000,51000,0,03-05-2023,28-04-2024,,Stalled,TRUE,TRUE,FALSE,,0.95,0.27,399,-0.5
MPLADS-00959,DR. RAJESH MISHRA,Madhya Pradesh,SIDHI,"Railways, Roads, Pathways & Bridges",Gram Panchayat,387000,400000,0,0,07-01-2023,22-06-2023,,Not Started,TRUE,TRUE,FALSE,,1.03,0,710,0.95
MPLADS-00960,DR. RAJESH MISHRA,Madhya Pradesh,SIDHI,"Railways, Roads, Pathways & Bridges",State Rural Dev Agency,405000,434000,235500,2,16-01-2024,22-06-2024,,In Progress,TRUE,TRUE,FALSE,,1.07,0.54,344,1.44
MPLADS-00961,DR. RAJESH MISHRA,Madhya Pradesh,SIDHI,Education,Municipal Corporation,292000,279000,126100,2,09-10-2023,09-07-2024,,In Progress,TRUE,TRUE,FALSE,,0.96,0.45,327,-0.79
MPLADS-00962,DR. RAJESH MISHRA,Madhya Pradesh,SIDHI,"Railways, Roads, Pathways & Bridges",Gram Panchayat,342000,344000,291400,3,12-02-2024,11-09-2024,11-09-2024,Completed,TRUE,TRUE,FALSE,,1.01,0.85,0,0.14
MPLADS-00963,DR. RAJESH MISHRA,Madhya Pradesh,SIDHI,"Railways, Roads, Pathways & Bridges",Cooperative Society,253000,233000,90500,1,04-05-2024,14-02-2025,,Stalled,FALSE,TRUE,FALSE,,0.92,0.39,107,-1.48
MPLADS-00964,DR. RAJESH MISHRA,Madhya Pradesh,SIDHI,Other Public Facilities,Municipal Corporation,297000,298000,118200,1,28-06-2023,02-02-2024,,In Progress,TRUE,TRUE,FALSE,,1,0.4,485,-0.38
MPLADS-00965,DR. S P SINGH,Uttar Pradesh,PRATAPGARH,"Railways, Roads, Pathways & Bridges",District PWD,438000,417000,349000,1,06-12-2024,07-05-2025,09-05-2025,Completed,TRUE,TRUE,FALSE,,0.95,0.84,2,0.42
MPLADS-00966,DR. S P SINGH,Uttar Pradesh,PRATAPGARH,Other Public Facilities,Municipal Corporation,248000,232000,202900,2,30-11-2023,23-08-2024,30-08-2024,Completed,TRUE,TRUE,FALSE,,0.94,0.87,7,-0.89
MPLADS-00967,DR. S P SINGH,Uttar Pradesh,PRATAPGARH,Other Public Facilities,Zila Parishad,258000,267000,250500,3,31-08-2023,28-03-2024,29-03-2024,Completed,TRUE,TRUE,FALSE,,1.03,0.94,1,-0.69
MPLADS-00968,DR. S P SINGH,Uttar Pradesh,PRATAPGARH,Other Public Facilities,Municipal Corporation,462000,486000,103900,2,25-05-2024,08-11-2023,11-12-2024,Stalled,TRUE,TRUE,TRUE,delayed_stalled,1.05,0.21,399,0.57
MPLADS-00969,DR. S P SINGH,Uttar Pradesh,PRATAPGARH,Others,State Rural Dev Agency,316000,314000,240400,3,15-02-2024,28-08-2024,13-10-2024,Completed,TRUE,TRUE,FALSE,,0.99,0.77,46,-0.56
MPLADS-00970,DR. SHARMILA SARKAR,West Bengal,BARDHAMAN PURBA(SC),Drinking Water Facility,Zila Parishad,723000,653000,525900,2,03-12-2024,28-10-2025,12-11-2025,Completed,TRUE,TRUE,FALSE,,0.9,0.81,15,-0.16
MPLADS-00971,DR. SHARMILA SARKAR,West Bengal,BARDHAMAN PURBA(SC),Drinking Water Facility,Cooperative Society,609000,651000,540700,3,22-07-2024,12-02-2025,09-04-2025,Completed,TRUE,TRUE,FALSE,,1.07,0.83,56,-0.16
MPLADS-00972,DR. SHARMILA SARKAR,West Bengal,BARDHAMAN PURBA(SC),Other Public Facilities,Zila Parishad,481000,481000,368100,1,03-06-2023,02-12-2023,,In Progress,FALSE,TRUE,FALSE,,1,0.77,547,-0.7
MPLADS-00973,DR. SHARMILA SARKAR,West Bengal,BARDHAMAN PURBA(SC),"Railways, Roads, Pathways & Bridges",Municipal Corporation,802000,764000,483900,2,07-10-2024,07-07-2025,,In Progress,TRUE,TRUE,FALSE,,0.95,0.63,0,0.3
MPLADS-00974,DR. SHARMILA SARKAR,West Bengal,BARDHAMAN PURBA(SC),Other Public Facilities,Cooperative Society,488000,455000,266000,1,14-09-2023,14-05-2024,,In Progress,TRUE,TRUE,FALSE,,0.93,0.58,383,-0.81
MPLADS-00975,DR. SHARMILA SARKAR,West Bengal,BARDHAMAN PURBA(SC),Other Public Facilities,Cooperative Society,837000,928000,817000,2,17-06-2023,14-06-2024,27-05-2024,Completed,TRUE,TRUE,FALSE,,1.11,0.88,-18,1.04
MPLADS-00976,DR.K.SUDHAKAR,Karnataka,CHIKBALLAPUR,Education,State Rural Dev Agency,635000,660000,605800,3,09-04-2023,24-01-2024,01-02-2024,Completed,TRUE,TRUE,FALSE,,1.04,0.92,8,-0.09
MPLADS-00977,DR.K.SUDHAKAR,Karnataka,CHIKBALLAPUR,Other Public Facilities,District PWD,531000,489000,199600,1,24-07-2024,23-11-2024,,Stalled,TRUE,FALSE,FALSE,,0.92,0.41,190,-0.76
MPLADS-00978,DR.K.SUDHAKAR,Karnataka,CHIKBALLAPUR,Drinking Water Facility,State Rural Dev Agency,776000,834000,0,0,26-12-2023,27-10-2024,,Not Started,TRUE,TRUE,FALSE,,1.07,0,217,1.14
MPLADS-00979,DR.K.SUDHAKAR,Karnataka,CHIKBALLAPUR,Education,Municipal Corporation,588000,557000,266500,1,27-10-2024,10-02-2025,,In Progress,TRUE,TRUE,FALSE,,0.95,0.48,111,-0.67
MPLADS-00980,DR.K.SUDHAKAR,Karnataka,CHIKBALLAPUR,"Railways, Roads, Pathways & Bridges",District PWD,751000,723000,333900,1,29-11-2023,12-10-2024,,In Progress,TRUE,TRUE,FALSE,,0.96,0.46,232,0.4
MPLADS-00981,DR.MALLU RAVI,Telangana,NAGARKURNOOL(SC),Other Public Facilities,Zila Parishad,384000,409000,247600,2,26-01-2024,26-05-2024,,In Progress,TRUE,TRUE,FALSE,,1.07,0.61,371,0.61
MPLADS-00982,DR.MALLU RAVI,Telangana,NAGARKURNOOL(SC),Others,State Rural Dev Agency,233000,258000,0,0,17-10-2024,25-01-2025,,Not Started,TRUE,TRUE,FALSE,,1.11,0,127,-0.82
MPLADS-00983,DR.MALLU RAVI,Telangana,NAGARKURNOOL(SC),Sanitation & Public Health,Zila Parishad,254000,276000,0,0,19-02-2024,21-05-2024,,Not Started,TRUE,TRUE,FALSE,,1.09,0,376,-0.35
MPLADS-00984,DR.MALLU RAVI,Telangana,NAGARKURNOOL(SC),Other Public Facilities,Cooperative Society,379000,428000,402500,2,18-11-2023,28-08-2024,30-09-2024,Completed,TRUE,TRUE,FALSE,,1.13,0.94,33,0.9
MPLADS-00985,DR.MALLU RAVI,Telangana,NAGARKURNOOL(SC),"Railways, Roads, Pathways & Bridges",Municipal Corporation,248000,256000,219700,1,09-02-2024,10-11-2024,23-11-2024,Completed,TRUE,TRUE,FALSE,,1.03,0.86,13,-1.16
MPLADS-00986,DR.MALLU RAVI,Telangana,NAGARKURNOOL(SC),"Railways, Roads, Pathways & Bridges",District PWD,407000,440000,381400,2,24-08-2024,26-07-2025,,In Progress,TRUE,TRUE,FALSE,,1.08,0.87,0,1.26
MPLADS-00987,DR.MALLU RAVI,Telangana,NAGARKURNOOL(SC),Others,Cooperative Society,268000,242000,180500,1,09-05-2023,07-05-2024,,In Progress,TRUE,TRUE,FALSE,,0.9,0.75,390,-1.07
MPLADS-00988,DR.MALLU RAVI,Telangana,NAGARKURNOOL(SC),Other Public Facilities,Gram Panchayat,421000,413000,325800,3,23-03-2023,22-12-2023,18-12-2023,Completed,TRUE,TRUE,FALSE,,0.98,0.79,-4,0.67
MPLADS-00989,DULU MAHATO,Jharkhand,DHANBAD,"Railways, Roads, Pathways & Bridges",District PWD,400000,392000,354700,3,15-07-2024,05-05-2025,01-07-2025,Completed,TRUE,TRUE,FALSE,,0.98,0.9,57,-0.23
MPLADS-00990,DULU MAHATO,Jharkhand,DHANBAD,"Railways, Roads, Pathways & Bridges",Gram Panchayat,467000,480000,403500,2,17-04-2023,10-01-2024,01-03-2024,Completed,TRUE,TRUE,FALSE,,1.03,0.84,51,0.69
MPLADS-00991,DULU MAHATO,Jharkhand,DHANBAD,Others,Zila Parishad,484000,495000,418000,3,13-11-2023,25-07-2024,31-07-2024,Completed,TRUE,TRUE,FALSE,,1.02,0.84,6,1.28
MPLADS-00992,DULU MAHATO,Jharkhand,DHANBAD,"Railways, Roads, Pathways & Bridges",Municipal Corporation,283000,287000,104500,1,15-05-2023,12-11-2023,,In Progress,TRUE,TRUE,FALSE,,1.01,0.36,567,-1.34
MPLADS-00993,DULU MAHATO,Jharkhand,DHANBAD,"Railways, Roads, Pathways & Bridges",Municipal Corporation,322000,345000,0,0,30-11-2023,18-07-2024,,Not Started,TRUE,TRUE,FALSE,,1.07,0,318,-0.73
MPLADS-00994,DURAI VAIKO,Tamil Nadu,TIRUCHIRAPPALLI,"Railways, Roads, Pathways & Bridges",Zila Parishad,1097000,1194000,998300,3,15-07-2024,08-05-2025,14-06-2025,Completed,TRUE,TRUE,FALSE,,1.09,0.84,37,0.59
MPLADS-00995,DURAI VAIKO,Tamil Nadu,TIRUCHIRAPPALLI,"Railways, Roads, Pathways & Bridges",State Rural Dev Agency,982000,1075000,964200,2,28-08-2024,12-04-2025,,In Progress,TRUE,TRUE,FALSE,,1.09,0.9,50,0.24
MPLADS-00996,DURAI VAIKO,Tamil Nadu,TIRUCHIRAPPALLI,"Railways, Roads, Pathways & Bridges",Municipal Corporation,994000,1067000,817900,2,21-03-2024,13-02-2025,,In Progress,TRUE,TRUE,FALSE,,1.07,0.77,108,0.22
MPLADS-00997,Durga Das Uikey,Madhya Pradesh,BETUL(ST),Others,Municipal Corporation,327000,345000,141900,0,08-05-2024,16-12-2024,,In Progress,TRUE,TRUE,FALSE,,1.06,0.41,167,-0.07
MPLADS-00998,Durga Das Uikey,Madhya Pradesh,BETUL(ST),Other Public Facilities,Zila Parishad,374000,366000,321600,4,27-02-2024,19-08-2024,05-10-2024,Completed,TRUE,FALSE,FALSE,,0.98,0.88,47,0.12
MPLADS-00999,Durga Das Uikey,Madhya Pradesh,BETUL(ST),Other Public Facilities,Gram Panchayat,303000,325000,251700,3,19-12-2023,20-06-2024,22-06-2024,Completed,TRUE,TRUE,FALSE,,1.07,0.77,2,-0.18
MPLADS-01000,Durga Das Uikey,Madhya Pradesh,BETUL(ST),Other Public Facilities,State Rural Dev Agency,352000,348000,322700,3,03-05-2024,14-08-2024,28-07-2024,Completed,TRUE,TRUE,FALSE,,0.99,0.93,-17,-0.01
MPLADS-01001,Durga Das Uikey,Madhya Pradesh,BETUL(ST),Other Public Facilities,State Rural Dev Agency,221000,219000,0,0,25-08-2023,27-01-2024,,Not Started,TRUE,TRUE,FALSE,,0.99,0,491,-0.96
MPLADS-01002,Durga Das Uikey,Madhya Pradesh,BETUL(ST),"Railways, Roads, Pathways & Bridges",Gram Panchayat,418000,400000,346400,4,23-03-2024,01-03-2025,15-03-2025,Completed,TRUE,TRUE,FALSE,,0.96,0.87,14,0.95
MPLADS-01003,Durga Das Uikey,Madhya Pradesh,BETUL(ST),Other Public Facilities,State Rural Dev Agency,413000,372000,329300,3,23-01-2024,13-11-2024,04-01-2025,Completed,TRUE,TRUE,FALSE,,0.9,0.89,52,0.17
MPLADS-01004,Dushyant Singh,Rajasthan,JHALAWAR-BARAN,Other Public Facilities,Cooperative Society,449000,475000,0,0,19-09-2024,26-08-2025,,Not Started,TRUE,TRUE,FALSE,,1.06,0,0,-1.14
MPLADS-01005,Dushyant Singh,Rajasthan,JHALAWAR-BARAN,Other Public Facilities,Zila Parishad,446000,469000,0,0,28-06-2024,10-11-2024,,Not Started,TRUE,TRUE,FALSE,,1.05,0,203,-1.19
MPLADS-01006,E. TUKARAM,Karnataka,BELLARY(ST),"Railways, Roads, Pathways & Bridges",Municipal Corporation,712000,664000,560300,3,20-05-2023,12-12-2023,12-12-2023,Completed,TRUE,TRUE,FALSE,,0.93,0.84,0,-0.08
MPLADS-01007,E. TUKARAM,Karnataka,BELLARY(ST),"Railways, Roads, Pathways & Bridges",District PWD,794000,892000,306600,1,18-12-2024,11-05-2025,,In Progress,TRUE,FALSE,FALSE,,1.12,0.34,21,1.76
MPLADS-01008,E. TUKARAM,Karnataka,BELLARY(ST),Other Public Facilities,Zila Parishad,700000,926000,635900,1,01-07-2024,15-12-2024,25-12-2024,Completed,FALSE,TRUE,TRUE,no_tender_high_value,1.32,0.69,10,0.97
MPLADS-01009,E. TUKARAM,Karnataka,BELLARY(ST),Other Public Facilities,Gram Panchayat,634000,683000,192800,0,24-03-2024,29-08-2024,,In Progress,TRUE,TRUE,FALSE,,1.08,0.28,276,0.01
MPLADS-01010,E. TUKARAM,Karnataka,BELLARY(ST),Education,Municipal Corporation,761000,856000,674500,1,11-08-2023,30-03-2024,15-04-2024,Completed,TRUE,TRUE,FALSE,,1.12,0.79,16,1.02
MPLADS-01011,E. TUKARAM,Karnataka,BELLARY(ST),Others,Zila Parishad,427000,485000,265100,1,19-04-2024,29-11-2024,,In Progress,FALSE,TRUE,FALSE,,1.14,0.55,184,-0.98
MPLADS-01012,E.T. MOHAMMED BASHEER,Kerala,MALAPPURAM,Others,Zila Parishad,557000,534000,448000,1,27-02-2023,08-08-2023,23-07-2023,Completed,TRUE,TRUE,FALSE,,0.96,0.84,-16,-1.01
MPLADS-01013,E.T. MOHAMMED BASHEER,Kerala,MALAPPURAM,Others,District PWD,630000,585000,0,0,16-07-2023,12-11-2023,,Not Started,TRUE,TRUE,FALSE,,0.93,0,567,-0.67
MPLADS-01014,E.T. MOHAMMED BASHEER,Kerala,MALAPPURAM,Other Public Facilities,Gram Panchayat,602000,545000,97400,0,05-05-2023,03-10-2023,,Stalled,TRUE,TRUE,FALSE,,0.91,0.18,607,-0.57
MPLADS-01015,E.T. MOHAMMED BASHEER,Kerala,MALAPPURAM,"Railways, Roads, Pathways & Bridges",District PWD,929000,1047000,625700,1,11-09-2023,13-05-2024,,In Progress,FALSE,TRUE,FALSE,,1.13,0.6,384,1.93
MPLADS-01016,E.T. MOHAMMED BASHEER,Kerala,MALAPPURAM,Education,Municipal Corporation,676000,731000,556100,1,17-06-2024,17-01-2025,,In Progress,TRUE,TRUE,FALSE,,1.08,0.76,135,-0.47
MPLADS-01017,E.T. MOHAMMED BASHEER,Kerala,MALAPPURAM,"Railways, Roads, Pathways & Bridges",State Rural Dev Agency,677000,644000,485500,2,27-11-2023,23-10-2024,16-10-2024,Completed,TRUE,TRUE,FALSE,,0.95,0.75,-7,-0.65
MPLADS-01018,EATALA RAJENDER,Telangana,MALKAJGIRI,Drinking Water Facility,Municipal Corporation,403000,425000,384300,3,17-06-2024,01-05-2025,20-05-2025,Completed,TRUE,TRUE,FALSE,,1.05,0.9,19,1.34
MPLADS-01019,EATALA RAJENDER,Telangana,MALKAJGIRI,"Railways, Roads, Pathways & Bridges",Cooperative Society,331000,333000,0,0,23-02-2023,13-09-2023,,Not Started,TRUE,TRUE,FALSE,,1.01,0,627,-0.15
MPLADS-01020,EATALA RAJENDER,Telangana,MALKAJGIRI,"Railways, Roads, Pathways & Bridges",District PWD,265000,242000,192700,3,20-03-2024,11-08-2024,23-07-2024,Completed,TRUE,TRUE,FALSE,,0.91,0.8,-19,-1.35
MPLADS-01021,EATALA RAJENDER,Telangana,MALKAJGIRI,Education,Cooperative Society,436000,414000,0,0,10-02-2024,13-08-2024,,Not Started,FALSE,TRUE,FALSE,,0.95,0,292,1.28
MPLADS-01022,EATALA RAJENDER,Telangana,MALKAJGIRI,"Railways, Roads, Pathways & Bridges",Zila Parishad,407000,370000,228700,2,01-05-2024,14-04-2025,,In Progress,TRUE,TRUE,FALSE,,0.91,0.62,48,0.34
MPLADS-01023,EATALA RAJENDER,Telangana,MALKAJGIRI,Other Public Facilities,Cooperative Society,307000,326000,244900,1,11-06-2023,21-09-2023,,In Progress,TRUE,TRUE,FALSE,,1.06,0.75,619,-0.69
MPLADS-01024,ESWARASAMY K,Tamil Nadu,POLLACHI,Education,District PWD,848000,795000,657300,3,03-03-2023,17-10-2023,30-11-2023,Completed,TRUE,TRUE,FALSE,,0.94,0.83,44,-0.5
MPLADS-01025,ESWARASAMY K,Tamil Nadu,POLLACHI,Other Public Facilities,Cooperative Society,902000,870000,136000,0,09-05-2023,06-04-2024,,In Progress,TRUE,TRUE,FALSE,,0.96,0.16,421,-0.33
MPLADS-01026,ESWARASAMY K,Tamil Nadu,POLLACHI,"Railways, Roads, Pathways & Bridges",Cooperative Society,768000,845000,0,0,22-12-2023,02-04-2024,,Not Started,TRUE,TRUE,FALSE,,1.1,0,425,-0.44
MPLADS-01027,ESWARASAMY K,Tamil Nadu,POLLACHI,"Railways, Roads, Pathways & Bridges",Gram Panchayat,1087000,1086000,978500,1,22-01-2024,03-09-2024,23-10-2024,Completed,TRUE,TRUE,FALSE,,1,0.9,50,0.27
MPLADS-01028,ESWARASAMY K,Tamil Nadu,POLLACHI,"Railways, Roads, Pathways & Bridges",Zila Parishad,754000,807000,590400,2,24-12-2024,26-04-2025,16-04-2025,Completed,TRUE,TRUE,FALSE,,1.07,0.73,-10,-0.55
MPLADS-01029,ESWARASAMY K,Tamil Nadu,POLLACHI,Other Public Facilities,Municipal Corporation,1036000,979000,864400,4,03-08-2024,22-11-2024,16-01-2025,Completed,TRUE,TRUE,FALSE,,0.94,0.88,55,-0.08
MPLADS-01030,Faggan Singh Kulaste,Madhya Pradesh,MANDLA(ST),Drinking Water Facility,Zila Parishad,339000,336000,71500,0,05-09-2024,13-04-2025,,Stalled,TRUE,TRUE,FALSE,,0.99,0.21,49,0.02
MPLADS-01031,Faggan Singh Kulaste,Madhya Pradesh,MANDLA(ST),Other Public Facilities,District PWD,407000,383000,352700,4,05-04-2024,16-10-2024,08-10-2024,Completed,TRUE,TRUE,FALSE,,0.94,0.92,-8,0.25
MPLADS-01032,Faggan Singh Kulaste,Madhya Pradesh,MANDLA(ST),"Railways, Roads, Pathways & Bridges",State Rural Dev Agency,417000,382000,241000,1,15-10-2024,27-06-2025,,In Progress,TRUE,TRUE,FALSE,,0.92,0.63,0,0.69
MPLADS-01033,Faggan Singh Kulaste,Madhya Pradesh,MANDLA(ST),Others,Cooperative Society,327000,349000,0,0,08-01-2024,21-11-2024,,Not Started,TRUE,TRUE,FALSE,,1.07,0,192,-0.05
MPLADS-01034,Faggan Singh Kulaste,Madhya Pradesh,MANDLA(ST),"Railways, Roads, Pathways & Bridges",State Rural Dev Agency,402000,393000,0,0,05-07-2024,07-11-2024,,Not Started,TRUE,TRUE,FALSE,,0.98,0,206,0.85
MPLADS-01035,Faggan Singh Kulaste,Madhya Pradesh,MANDLA(ST),Other Public Facilities,District PWD,221000,214000,78800,3,07-06-2023,10-08-2022,,Stalled,TRUE,TRUE,TRUE,delayed_stalled,0.97,0.37,1026,-1
MPLADS-01036,Faggan Singh Kulaste,Madhya Pradesh,MANDLA(ST),Other Public Facilities,Zila Parishad,248000,279000,136000,1,09-04-2023,26-11-2023,,In Progress,TRUE,FALSE,TRUE,no_mp_recommendation,1.12,0.49,553,-0.52
MPLADS-01037,G. KUMAR NAIK,Karnataka,RAICHUR(ST),Education,District PWD,752000,824000,0,0,02-07-2023,01-02-2024,,Not Started,TRUE,TRUE,FALSE,,1.1,0,486,0.84
MPLADS-01038,G. KUMAR NAIK,Karnataka,RAICHUR(ST),Other Public Facilities,State Rural Dev Agency,698000,668000,233500,0,02-02-2023,17-07-2023,,In Progress,TRUE,TRUE,FALSE,,0.96,0.35,685,-0.05
MPLADS-01039,G. KUMAR NAIK,Karnataka,RAICHUR(ST),"Railways, Roads, Pathways & Bridges",State Rural Dev Agency,614000,692000,280700,1,30-09-2024,26-01-2025,,In Progress,TRUE,TRUE,FALSE,,1.13,0.41,126,0.15
MPLADS-01040,G. KUMAR NAIK,Karnataka,RAICHUR(ST),Other Public Facilities,District PWD,462000,522000,422500,3,14-03-2023,15-11-2023,24-11-2023,Completed,TRUE,TRUE,FALSE,,1.13,0.81,9,-0.63
MPLADS-01041,G. KUMAR NAIK,Karnataka,RAICHUR(ST),"Railways, Roads, Pathways & Bridges",Gram Panchayat,776000,785000,0,0,24-04-2024,14-01-2025,,Not Started,TRUE,TRUE,FALSE,,1.01,0,138,0.9
MPLADS-01042,G. KUMAR NAIK,Karnataka,RAICHUR(ST),Other Public Facilities,State Rural Dev Agency,748000,762000,0,0,13-01-2024,28-09-2024,,Not Started,TRUE,TRUE,FALSE,,1.02,0,246,0.32
MPLADS-01043,G. KUMAR NAIK,Karnataka,RAICHUR(ST),Others,Zila Parishad,632000,702000,411800,1,11-02-2023,18-12-2023,,In Progress,TRUE,TRUE,FALSE,,1.11,0.59,531,0.71
MPLADS-01044,GAIKWAD VARSHA EKNATH,Maharashtra,MUMBAI NORTH-CENTRAL,"Railways, Roads, Pathways & Bridges",Zila Parishad,423000,610000,385900,4,15-06-2024,10-10-2024,11-10-2024,Completed,FALSE,TRUE,TRUE,no_tender_high_value,1.44,0.63,1,0.05
MPLADS-01045,GAIKWAD VARSHA EKNATH,Maharashtra,MUMBAI NORTH-CENTRAL,Others,Zila Parishad,484000,441000,284200,2,17-07-2023,25-04-2024,,In Progress,TRUE,TRUE,FALSE,,0.91,0.64,402,-0.84
MPLADS-01046,GAIKWAD VARSHA EKNATH,Maharashtra,MUMBAI NORTH-CENTRAL,"Railways, Roads, Pathways & Bridges",Cooperative Society,652000,592000,385400,2,25-07-2024,19-06-2025,,In Progress,TRUE,TRUE,FALSE,,0.91,0.65,0,-0.08
MPLADS-01047,GAIKWAD VARSHA EKNATH,Maharashtra,MUMBAI NORTH-CENTRAL,Education,District PWD,471000,480000,423000,2,13-08-2024,11-04-2025,11-05-2025,Completed,TRUE,TRUE,FALSE,,1.02,0.88,30,-0.56
MPLADS-01048,GAIKWAD VARSHA EKNATH,Maharashtra,MUMBAI NORTH-CENTRAL,Others,Cooperative Society,446000,509000,0,0,20-06-2023,22-09-2023,,Not Started,TRUE,TRUE,FALSE,,1.14,0,618,-0.46
MPLADS-01049,GAIKWAD VARSHA EKNATH,Maharashtra,MUMBAI NORTH-CENTRAL,Education,Municipal Corporation,553000,577000,427600,3,11-06-2023,06-01-2024,,In Progress,TRUE,TRUE,FALSE,,1.04,0.74,512,-0.27
MPLADS-01050,GAIKWAD VARSHA EKNATH,Maharashtra,MUMBAI NORTH-CENTRAL,Other Public Facilities,Cooperative Society,477000,502000,97900,0,17-07-2024,24-03-2025,,Stalled,TRUE,TRUE,FALSE,,1.05,0.2,69,-0.45
MPLADS-01051,Gajendra Singh Patel,Madhya Pradesh,KHARGONE(ST),Other Public Facilities,State Rural Dev Agency,355000,404000,0,0,16-03-2024,31-12-2024,,Not Started,TRUE,TRUE,FALSE,,1.14,0,152,0.4
MPLADS-01052,Gajendra Singh Patel,Madhya Pradesh,KHARGONE(ST),Others,Municipal Corporation,398000,402000,359900,2,08-08-2023,15-04-2024,12-06-2024,Completed,TRUE,TRUE,FALSE,,1.01,0.9,58,0.23
MPLADS-01053,Gajendra Singh Patel,Madhya Pradesh,KHARGONE(ST),"Railways, Roads, Pathways & Bridges",Municipal Corporation,308000,322000,274900,2,08-04-2024,16-02-2025,16-04-2025,Completed,TRUE,TRUE,FALSE,,1.05,0.85,59,-0.19
MPLADS-01054,Gajendra Singh Patel,Madhya Pradesh,KHARGONE(ST),"Railways, Roads, Pathways & Bridges",District PWD,385000,405000,361300,3,02-09-2024,24-01-2025,12-02-2025,Completed,TRUE,TRUE,FALSE,,1.05,0.89,19,1.02
MPLADS-01055,Gajendra Singh Shekhawat,Rajasthan,JODHPUR,Sanitation & Public Health,Cooperative Society,533000,564000,166400,1,04-11-2023,05-03-2024,,Stalled,TRUE,TRUE,FALSE,,1.06,0.3,453,-0.34
MPLADS-01056,Gajendra Singh Shekhawat,Rajasthan,JODHPUR,"Railways, Roads, Pathways & Bridges",State Rural Dev Agency,413000,385000,70400,0,10-10-2023,20-09-2024,,Stalled,TRUE,TRUE,FALSE,,0.93,0.18,254,-0.97
MPLADS-01057,Gajendra Singh Shekhawat,Rajasthan,JODHPUR,Other Public Facilities,Municipal Corporation,815000,810000,708900,2,08-06-2023,11-03-2024,26-02-2024,Completed,TRUE,TRUE,FALSE,,0.99,0.88,-14,1.43
MPLADS-01058,Gajendra Singh Shekhawat,Rajasthan,JODHPUR,Others,Municipal Corporation,636000,618000,0,0,11-01-2024,13-05-2024,,Not Started,TRUE,TRUE,FALSE,,0.97,0,384,-0.27
MPLADS-01059,Gajendra Singh Shekhawat,Rajasthan,JODHPUR,Other Public Facilities,District PWD,568000,646000,331200,1,05-04-2023,10-07-2023,,In Progress,TRUE,TRUE,FALSE,,1.14,0.51,692,0.17
MPLADS-01060,Gajendra Singh Shekhawat,Rajasthan,JODHPUR,"Railways, Roads, Pathways & Bridges",Cooperative Society,634000,701000,0,0,29-11-2023,26-03-2024,,Not Started,TRUE,TRUE,FALSE,,1.11,0,432,0.01
MPLADS-01061,Gajendra Singh Shekhawat,Rajasthan,JODHPUR,Other Public Facilities,Municipal Corporation,488000,526000,212800,1,20-12-2024,03-07-2025,,In Progress,TRUE,TRUE,FALSE,,1.08,0.4,0,-0.75
MPLADS-01062,GANAPATHY RAJKUMAR P,Tamil Nadu,COIMBATORE,Other Public Facilities,District PWD,869000,824000,477500,1,08-02-2023,19-12-2023,,In Progress,TRUE,TRUE,FALSE,,0.95,0.58,530,-0.44
MPLADS-01063,GANAPATHY RAJKUMAR P,Tamil Nadu,COIMBATORE,Other Public Facilities,District PWD,780000,748000,688700,2,09-12-2023,24-09-2024,08-09-2024,Completed,TRUE,TRUE,TRUE,duplicate_work,0.96,0.92,-16,-0.61
MPLADS-01064,GANAPATHY RAJKUMAR P,Tamil Nadu,COIMBATORE,"Railways, Roads, Pathways & Bridges",Cooperative Society,698000,640000,303400,1,21-08-2023,18-08-2024,,In Progress,TRUE,TRUE,FALSE,,0.92,0.47,287,-1.05
MPLADS-01065,GANAPATHY RAJKUMAR P,Tamil Nadu,COIMBATORE,Others,State Rural Dev Agency,920000,912000,754200,2,09-10-2024,04-09-2025,15-09-2025,Completed,TRUE,FALSE,TRUE,no_mp_recommendation,0.99,0.83,11,0.49
MPLADS-01066,GANAPATHY RAJKUMAR P,Tamil Nadu,COIMBATORE,"Railways, Roads, Pathways & Bridges",District PWD,834000,817000,665900,2,01-08-2024,04-05-2025,07-05-2025,Completed,TRUE,TRUE,FALSE,,0.98,0.82,3,-0.52
MPLADS-01067,GANAPATHY RAJKUMAR P,Tamil Nadu,COIMBATORE,Education,State Rural Dev Agency,1173000,1166000,708500,1,20-11-2024,19-08-2025,,In Progress,TRUE,TRUE,FALSE,,0.99,0.61,0,0.34
MPLADS-01068,GANAPATHY RAJKUMAR P,Tamil Nadu,COIMBATORE,"Railways, Roads, Pathways & Bridges",Gram Panchayat,641000,626000,418500,1,12-08-2024,23-12-2024,,In Progress,TRUE,TRUE,FALSE,,0.98,0.67,160,-1.09
MPLADS-01069,Ganesan Selvam,Tamil Nadu,KANCHEEPURAM(SC),"Railways, Roads, Pathways & Bridges",District PWD,1149000,1135000,927100,1,01-06-2023,28-01-2024,05-02-2024,Completed,TRUE,TRUE,FALSE,,0.99,0.82,8,0.42
MPLADS-01070,Ganesan Selvam,Tamil Nadu,KANCHEEPURAM(SC),Other Public Facilities,Cooperative Society,923000,878000,708900,2,15-07-2024,14-02-2025,29-03-2025,Completed,TRUE,TRUE,FALSE,,0.95,0.81,43,-0.31
MPLADS-01071,Ganesan Selvam,Tamil Nadu,KANCHEEPURAM(SC),Other Public Facilities,Gram Panchayat,1085000,1147000,0,0,14-05-2023,22-09-2023,,Not Started,TRUE,TRUE,FALSE,,1.06,0,618,0.3
MPLADS-01072,Ganesan Selvam,Tamil Nadu,KANCHEEPURAM(SC),Other Public Facilities,State Rural Dev Agency,620000,622000,384200,2,29-10-2024,28-04-2025,,In Progress,TRUE,TRUE,FALSE,,1,0.62,34,-0.89
MPLADS-01073,Ganesan Selvam,Tamil Nadu,KANCHEEPURAM(SC),"Railways, Roads, Pathways & Bridges",Cooperative Society,963000,1087000,855000,3,10-09-2023,15-07-2024,06-09-2024,Completed,TRUE,TRUE,FALSE,,1.13,0.79,53,0.28
MPLADS-01074,Ganesan Selvam,Tamil Nadu,KANCHEEPURAM(SC),"Railways, Roads, Pathways & Bridges",Municipal Corporation,1199000,1263000,1186400,2,12-08-2024,16-06-2025,03-06-2025,Completed,TRUE,TRUE,FALSE,,1.05,0.94,-13,0.8
MPLADS-01075,Ganesan Selvam,Tamil Nadu,KANCHEEPURAM(SC),Other Public Facilities,Municipal Corporation,619000,684000,626000,3,15-07-2023,16-10-2023,17-11-2023,Completed,TRUE,FALSE,FALSE,,1.11,0.92,32,-0.75
MPLADS-01076,Ganesan Selvam,Tamil Nadu,KANCHEEPURAM(SC),Education,Gram Panchayat,671000,616000,84100,0,23-06-2023,29-02-2024,,Stalled,TRUE,TRUE,FALSE,,0.92,0.14,458,-0.91
MPLADS-01077,Ganesh Singh,Madhya Pradesh,SATNA,Education,Zila Parishad,423000,473000,397400,1,30-09-2024,29-03-2025,25-04-2025,Completed,FALSE,TRUE,FALSE,,1.12,0.84,27,1.8
MPLADS-01078,Ganesh Singh,Madhya Pradesh,SATNA,"Railways, Roads, Pathways & Bridges",District PWD,323000,369000,335200,2,02-12-2024,08-09-2025,25-08-2025,Completed,TRUE,TRUE,FALSE,,1.14,0.91,-14,0.5
MPLADS-01079,Ganesh Singh,Madhya Pradesh,SATNA,Other Public Facilities,Municipal Corporation,394000,415000,362800,2,25-02-2023,19-11-2023,02-11-2023,Completed,TRUE,TRUE,FALSE,,1.05,0.87,-17,0.48
MPLADS-01080,Ganesh Singh,Madhya Pradesh,SATNA,Other Public Facilities,Gram Panchayat,260000,237000,208000,2,15-01-2023,09-06-2023,04-06-2023,Completed,TRUE,TRUE,FALSE,,0.91,0.88,-5,-0.83
MPLADS-01081,GAURAV GOGOI,Assam,JORHAT,Other Public Facilities,State Rural Dev Agency,423000,412000,349900,2,24-01-2023,18-12-2023,26-01-2024,Completed,TRUE,TRUE,FALSE,,0.97,0.85,39,-0.66
MPLADS-01082,GAURAV GOGOI,Assam,JORHAT,Other Public Facilities,Zila Parishad,365000,369000,0,0,19-06-2024,04-10-2024,,Not Started,TRUE,TRUE,FALSE,,1.01,0,240,-1.05
MPLADS-01083,GAURAV GOGOI,Assam,JORHAT,"Railways, Roads, Pathways & Bridges",Cooperative Society,576000,643000,373300,2,12-12-2024,17-07-2025,,In Progress,FALSE,TRUE,FALSE,,1.12,0.58,0,0.72
MPLADS-01084,GAURAV GOGOI,Assam,JORHAT,Other Public Facilities,Cooperative Society,546000,550000,466900,2,23-06-2024,25-04-2025,11-05-2025,Completed,TRUE,TRUE,FALSE,,1.01,0.85,16,0.62
MPLADS-01085,GENIBEN NAGAJI THAKOR,Gujarat,BANASKANTHA,Drinking Water Facility,District PWD,307000,340000,301000,3,24-09-2024,05-01-2025,22-02-2025,Completed,TRUE,TRUE,FALSE,,1.11,0.89,48,0.64
MPLADS-01086,GENIBEN NAGAJI THAKOR,Gujarat,BANASKANTHA,"Railways, Roads, Pathways & Bridges",Municipal Corporation,246000,239000,131600,1,02-02-2024,24-09-2024,,In Progress,TRUE,TRUE,FALSE,,0.97,0.55,250,-0.55
MPLADS-01087,GENIBEN NAGAJI THAKOR,Gujarat,BANASKANTHA,Drinking Water Facility,Zila Parishad,283000,309000,266400,3,21-04-2023,20-11-2023,02-01-2024,Completed,TRUE,TRUE,FALSE,,1.09,0.86,43,0.07
MPLADS-01088,GENIBEN NAGAJI THAKOR,Gujarat,BANASKANTHA,"Railways, Roads, Pathways & Bridges",Gram Panchayat,216000,218000,146300,2,25-01-2024,11-08-2024,,In Progress,TRUE,TRUE,FALSE,,1.01,0.67,294,-0.71
MPLADS-01089,GENIBEN NAGAJI THAKOR,Gujarat,BANASKANTHA,"Railways, Roads, Pathways & Bridges",Gram Panchayat,229000,239000,197600,2,03-09-2024,28-03-2025,,In Progress,TRUE,TRUE,FALSE,,1.04,0.83,65,-0.55
MPLADS-01090,GENIBEN NAGAJI THAKOR,Gujarat,BANASKANTHA,"Railways, Roads, Pathways & Bridges",State Rural Dev Agency,310000,345000,117900,1,28-07-2024,04-01-2025,,Stalled,FALSE,TRUE,FALSE,,1.11,0.34,148,0.26
MPLADS-01091,GENIBEN NAGAJI THAKOR,Gujarat,BANASKANTHA,Other Public Facilities,Municipal Corporation,203000,213000,181000,3,09-11-2023,02-03-2024,27-04-2024,Completed,TRUE,TRUE,FALSE,,1.05,0.85,56,-1.18
MPLADS-01092,GENIBEN NAGAJI THAKOR,Gujarat,BANASKANTHA,Other Public Facilities,State Rural Dev Agency,318000,333000,283000,4,01-12-2024,02-07-2025,19-08-2025,Completed,TRUE,TRUE,FALSE,,1.05,0.85,48,0.95
MPLADS-01093,Giridhari Yadav,Bihar,BANKA,"Railways, Roads, Pathways & Bridges",District PWD,629000,626000,0,0,10-10-2023,10-05-2024,,Not Started,TRUE,TRUE,FALSE,,1,0,387,-0.15
MPLADS-01094,Giridhari Yadav,Bihar,BANKA,Education,Gram Panchayat,605000,565000,195300,1,22-07-2024,02-11-2024,,Stalled,TRUE,TRUE,FALSE,,0.93,0.35,211,-0.6
MPLADS-01095,Giridhari Yadav,Bihar,BANKA,Other Public Facilities,Cooperative Society,734000,688000,571300,1,03-11-2024,08-07-2025,08-07-2025,Completed,TRUE,TRUE,FALSE,,0.94,0.83,0,0.1
MPLADS-01096,Giridhari Yadav,Bihar,BANKA,Others,State Rural Dev Agency,545000,508000,0,0,19-09-2024,10-02-2025,,Not Started,TRUE,TRUE,FALSE,,0.93,0,111,-0.84
MPLADS-01097,Giriraj Singh,Bihar,BEGUSARAI,Other Public Facilities,Gram Panchayat,589000,570000,462800,2,06-06-2023,30-10-2023,01-12-2023,Completed,TRUE,TRUE,FALSE,,0.97,0.81,32,-0.47
MPLADS-01098,Giriraj Singh,Bihar,BEGUSARAI,"Railways, Roads, Pathways & Bridges",Cooperative Society,704000,733000,726700,3,09-07-2024,31-05-2025,21-05-2025,Not Started,TRUE,TRUE,TRUE,ghost_project,1.04,0.99,-10,0.2
MPLADS-01099,Giriraj Singh,Bihar,BEGUSARAI,Other Public Facilities,State Rural Dev Agency,601000,683000,0,0,27-07-2023,02-12-2023,,Not Started,TRUE,TRUE,FALSE,,1.14,0,547,0.08
MPLADS-01100,Giriraj Singh,Bihar,BEGUSARAI,Education,Cooperative Society,816000,802000,725200,2,19-05-2023,07-05-2024,28-06-2024,Completed,TRUE,TRUE,FALSE,,0.98,0.9,52,1.17
MPLADS-01101,Giriraj Singh,Bihar,BEGUSARAI,Other Public Facilities,Cooperative Society,832000,801000,78600,0,01-08-2024,27-02-2025,,Stalled,TRUE,TRUE,FALSE,,0.96,0.1,94,0.65
MPLADS-01102,GM Harish Balayogi,Andhra Pradesh,AMALAPURAM(SC),Other Public Facilities,District PWD,476000,688000,465700,4,02-05-2023,31-07-2023,31-07-2023,Completed,FALSE,TRUE,TRUE,no_tender_high_value,1.45,0.68,0,2.81
MPLADS-01103,GM Harish Balayogi,Andhra Pradesh,AMALAPURAM(SC),Others,Gram Panchayat,495000,540000,0,0,23-11-2023,17-03-2024,,Not Started,TRUE,TRUE,FALSE,,1.09,0,441,0.71
MPLADS-01104,GM Harish Balayogi,Andhra Pradesh,AMALAPURAM(SC),"Railways, Roads, Pathways & Bridges",District PWD,340000,375000,107800,0,14-10-2024,18-02-2025,,Stalled,TRUE,TRUE,FALSE,,1.1,0.29,103,-0.67
MPLADS-01105,GM Harish Balayogi,Andhra Pradesh,AMALAPURAM(SC),Others,Municipal Corporation,574000,596000,505100,2,15-05-2023,28-09-2023,03-10-2023,Completed,TRUE,TRUE,FALSE,,1.04,0.85,5,1.22
MPLADS-01106,GM Harish Balayogi,Andhra Pradesh,AMALAPURAM(SC),"Railways, Roads, Pathways & Bridges",Cooperative Society,368000,421000,230800,1,12-09-2024,22-01-2025,,In Progress,TRUE,TRUE,FALSE,,1.14,0.55,130,-0.29
MPLADS-01107,GM Harish Balayogi,Andhra Pradesh,AMALAPURAM(SC),"Railways, Roads, Pathways & Bridges",State Rural Dev Agency,475000,512000,439800,2,27-01-2023,02-11-2023,07-11-2023,Completed,TRUE,TRUE,FALSE,,1.08,0.86,5,0.46
MPLADS-01108,GODAM NAGESH,Telangana,ADILABAD(ST),"Railways, Roads, Pathways & Bridges",Gram Panchayat,319000,349000,249400,1,11-09-2024,15-06-2025,,In Progress,TRUE,TRUE,FALSE,,1.09,0.71,0,0.06
MPLADS-01109,GODAM NAGESH,Telangana,ADILABAD(ST),Other Public Facilities,Gram Panchayat,395000,409000,262200,1,18-05-2024,13-11-2024,,In Progress,TRUE,FALSE,TRUE,no_mp_recommendation,1.04,0.64,200,0.61
MPLADS-01110,GODAM NAGESH,Telangana,ADILABAD(ST),Others,Cooperative Society,325000,364000,97800,1,16-01-2023,20-08-2022,,Stalled,TRUE,TRUE,TRUE,delayed_stalled,1.12,0.27,1016,0.8
MPLADS-01111,GODAM NAGESH,Telangana,ADILABAD(ST),Education,Gram Panchayat,335000,369000,0,0,27-07-2023,04-02-2024,,Not Started,TRUE,TRUE,FALSE,,1.1,0,483,0.58
MPLADS-01112,GODAM NAGESH,Telangana,ADILABAD(ST),"Railways, Roads, Pathways & Bridges",Zila Parishad,424000,391000,271300,2,23-09-2024,18-06-2025,,In Progress,TRUE,TRUE,FALSE,,0.92,0.69,0,0.62
MPLADS-01113,GODAM NAGESH,Telangana,ADILABAD(ST),Education,Gram Panchayat,372000,341000,283300,3,13-03-2024,21-11-2024,01-01-2025,Completed,FALSE,TRUE,FALSE,,0.92,0.83,41,0.14
MPLADS-01114,GODAM NAGESH,Telangana,ADILABAD(ST),Other Public Facilities,State Rural Dev Agency,416000,425000,369300,4,17-11-2023,13-07-2024,04-09-2024,Completed,TRUE,TRUE,FALSE,,1.02,0.87,53,0.85
MPLADS-01115,GODAM NAGESH,Telangana,ADILABAD(ST),Education,District PWD,282000,282000,128300,2,21-06-2024,03-01-2025,,In Progress,TRUE,TRUE,FALSE,,1,0.45,149,-0.78
MPLADS-01116,GOPINATH K,Tamil Nadu,KRISHNAGIRI,"Railways, Roads, Pathways & Bridges",Zila Parishad,1071000,1201000,541300,1,07-04-2024,04-09-2024,,In Progress,TRUE,TRUE,FALSE,,1.12,0.45,270,0.61
MPLADS-01117,GOPINATH K,Tamil Nadu,KRISHNAGIRI,Drinking Water Facility,Gram Panchayat,1134000,1237000,897100,1,15-06-2024,01-02-2025,,In Progress,TRUE,TRUE,FALSE,,1.09,0.73,120,1.34
MPLADS-01118,GOPINATH K,Tamil Nadu,KRISHNAGIRI,Education,Gram Panchayat,1155000,1253000,0,0,12-06-2024,06-02-2025,,Not Started,TRUE,TRUE,FALSE,,1.08,0,115,0.53
MPLADS-01119,GOPINATH K,Tamil Nadu,KRISHNAGIRI,Education,Zila Parishad,920000,979000,0,0,12-02-2024,04-09-2024,,Not Started,TRUE,TRUE,FALSE,,1.06,0,270,-0.09
MPLADS-01120,GOVIND MAKTHAPPA KARJOL,Karnataka,CHITRADURGA(SC),Education,Zila Parishad,806000,926000,807800,4,08-03-2024,05-07-2024,04-07-2024,Completed,TRUE,TRUE,FALSE,,1.15,0.87,-1,1.42
MPLADS-01121,GOVIND MAKTHAPPA KARJOL,Karnataka,CHITRADURGA(SC),Others,District PWD,463000,418000,0,0,19-04-2024,31-08-2024,,Not Started,TRUE,TRUE,FALSE,,0.9,0,274,-1.51
MPLADS-01122,GOVIND MAKTHAPPA KARJOL,Karnataka,CHITRADURGA(SC),"Railways, Roads, Pathways & Bridges",Zila Parishad,634000,705000,0,0,04-07-2023,07-10-2023,,Not Started,TRUE,TRUE,FALSE,,1.11,0,603,0.25
MPLADS-01123,GOVIND MAKTHAPPA KARJOL,Karnataka,CHITRADURGA(SC),"Railways, Roads, Pathways & Bridges",State Rural Dev Agency,786000,763000,586700,3,07-02-2024,11-11-2024,14-12-2024,Completed,TRUE,TRUE,FALSE,,0.97,0.77,33,0.72
MPLADS-01124,GOVIND MAKTHAPPA KARJOL,Karnataka,CHITRADURGA(SC),Other Public Facilities,Municipal Corporation,615000,647000,0,0,30-12-2024,12-09-2025,,Not Started,TRUE,TRUE,FALSE,,1.05,0,0,-0.14
MPLADS-01125,GOVIND MAKTHAPPA KARJOL,Karnataka,CHITRADURGA(SC),Education,Cooperative Society,538000,520000,183700,1,09-12-2024,03-08-2025,,In Progress,TRUE,TRUE,FALSE,,0.97,0.35,0,-0.88
MPLADS-01126,GOVIND MAKTHAPPA KARJOL,Karnataka,CHITRADURGA(SC),Education,District PWD,460000,497000,387100,2,07-05-2023,02-10-2023,28-09-2023,Completed,TRUE,TRUE,FALSE,,1.08,0.78,-4,-1.01
MPLADS-01127,Gumma Thanuja Rani,Andhra Pradesh,ARAKU(ST),Education,State Rural Dev Agency,298000,305000,110900,1,20-06-2024,17-02-2025,,In Progress,TRUE,TRUE,TRUE,duplicate_work,1.02,0.36,104,-0.81
MPLADS-01128,Gumma Thanuja Rani,Andhra Pradesh,ARAKU(ST),Other Public Facilities,Municipal Corporation,339000,326000,277000,2,13-06-2023,20-04-2024,14-06-2024,Completed,TRUE,TRUE,FALSE,,0.96,0.85,55,-1.21
MPLADS-01129,Gumma Thanuja Rani,Andhra Pradesh,ARAKU(ST),"Railways, Roads, Pathways & Bridges",Zila Parishad,381000,357000,0,0,02-08-2024,14-05-2025,,Not Started,TRUE,TRUE,FALSE,,0.94,0,18,-0.82
MPLADS-01130,Gumma Thanuja Rani,Andhra Pradesh,ARAKU(ST),"Railways, Roads, Pathways & Bridges",Cooperative Society,290000,320000,0,0,03-07-2023,18-11-2023,,Not Started,TRUE,TRUE,FALSE,,1.1,0,561,-1.13
MPLADS-01131,Gumma Thanuja Rani,Andhra Pradesh,ARAKU(ST),Education,Zila Parishad,456000,446000,354000,2,01-04-2024,23-07-2024,21-07-2024,Completed,TRUE,TRUE,FALSE,,0.98,0.79,-2,-0.14
MPLADS-01132,Gumma Thanuja Rani,Andhra Pradesh,ARAKU(ST),Education,Gram Panchayat,477000,461000,368000,3,04-01-2023,07-04-2023,,In Progress,TRUE,TRUE,FALSE,,0.97,0.8,786,-0.06
MPLADS-01133,GURMEET SINGH MEET HAYER,Punjab,SANGRUR,Drinking Water Facility,Zila Parishad,248000,254000,0,0,10-07-2024,26-10-2024,,Not Started,TRUE,FALSE,TRUE,no_mp_recommendation,1.02,0,218,0.62
MPLADS-01134,GURMEET SINGH MEET HAYER,Punjab,SANGRUR,Other Public Facilities,State Rural Dev Agency,183000,195000,106200,2,25-08-2024,20-03-2025,,In Progress,TRUE,TRUE,FALSE,,1.07,0.54,73,-0.75
MPLADS-01135,GURMEET SINGH MEET HAYER,Punjab,SANGRUR,Other Public Facilities,Cooperative Society,217000,233000,210800,2,06-09-2024,04-08-2025,23-08-2025,Completed,TRUE,TRUE,FALSE,,1.07,0.9,19,0.08
MPLADS-01136,GURMEET SINGH MEET HAYER,Punjab,SANGRUR,Education,District PWD,265000,286000,0,0,24-07-2024,10-02-2025,,Not Started,TRUE,TRUE,FALSE,,1.08,0,111,1.12
MPLADS-01137,GURMEET SINGH MEET HAYER,Punjab,SANGRUR,Education,State Rural Dev Agency,183000,173000,140100,2,30-10-2024,20-08-2025,20-08-2025,Completed,TRUE,TRUE,FALSE,,0.95,0.81,0,-1.08
MPLADS-01138,GURMEET SINGH MEET HAYER,Punjab,SANGRUR,Education,Gram Panchayat,282000,281000,262600,3,09-09-2024,29-12-2024,17-12-2024,Completed,TRUE,TRUE,FALSE,,1,0.93,-12,1.03
MPLADS-01139,GURMEET SINGH MEET HAYER,Punjab,SANGRUR,Education,Cooperative Society,150000,154000,142800,2,02-07-2023,15-02-2024,07-02-2024,Completed,TRUE,TRUE,FALSE,,1.03,0.93,-8,-1.45
MPLADS-01140,Gyaneshwar Patil,Madhya Pradesh,KHANDWA,"Railways, Roads, Pathways & Bridges",Cooperative Society,251000,286000,116400,1,01-09-2024,23-07-2025,,In Progress,TRUE,TRUE,FALSE,,1.14,0.41,0,-0.71
MPLADS-01141,Gyaneshwar Patil,Madhya Pradesh,KHANDWA,Drinking Water Facility,Municipal Corporation,218000,233000,184900,1,15-08-2024,05-04-2025,26-05-2025,Completed,FALSE,TRUE,FALSE,,1.07,0.79,51,-1.34
MPLADS-01142,Gyaneshwar Patil,Madhya Pradesh,KHANDWA,Other Public Facilities,State Rural Dev Agency,383000,357000,0,0,13-01-2024,30-07-2024,,Not Started,TRUE,TRUE,FALSE,,0.93,0,306,0.06
MPLADS-01143,H.D. KUMARASWAMY,Karnataka,MANDYA,Others,Municipal Corporation,519000,567000,469700,3,08-03-2023,07-09-2023,30-08-2023,Completed,TRUE,TRUE,FALSE,,1.09,0.83,-8,-0.34
MPLADS-01144,H.D. KUMARASWAMY,Karnataka,MANDYA,Other Public Facilities,State Rural Dev Agency,621000,636000,368200,1,04-12-2023,20-09-2024,,In Progress,TRUE,TRUE,FALSE,,1.02,0.58,254,-0.18
MPLADS-01145,H.D. KUMARASWAMY,Karnataka,MANDYA,Other Public Facilities,District PWD,800000,1206000,547800,1,01-03-2023,07-07-2023,13-08-2023,Completed,FALSE,TRUE,TRUE,no_tender_high_value,1.51,0.45,37,2.08
MPLADS-01146,H.D. KUMARASWAMY,Karnataka,MANDYA,Drinking Water Facility,Cooperative Society,475000,484000,483100,2,10-05-2024,05-03-2025,,Not Started,TRUE,TRUE,TRUE,ghost_project,1.02,1,88,-1.16
MPLADS-01147,H.D. KUMARASWAMY,Karnataka,MANDYA,Drinking Water Facility,State Rural Dev Agency,840000,900000,753700,2,22-10-2023,07-09-2024,20-09-2024,Completed,TRUE,TRUE,FALSE,,1.07,0.84,13,1.58
MPLADS-01148,HARENDRA SINGH MALIK,Uttar Pradesh,MUZAFFARNAGAR,Others,State Rural Dev Agency,260000,703000,620400,3,30-09-2024,27-08-2025,31-08-2025,Completed,TRUE,TRUE,TRUE,cost_overrun,2.7,0.88,4,4.39
MPLADS-01149,HARENDRA SINGH MALIK,Uttar Pradesh,MUZAFFARNAGAR,Education,Zila Parishad,322000,311000,254900,2,09-10-2024,11-04-2025,,In Progress,TRUE,TRUE,FALSE,,0.97,0.82,51,-0.41
MPLADS-01150,HARENDRA SINGH MALIK,Uttar Pradesh,MUZAFFARNAGAR,Others,Gram Panchayat,241000,247000,202000,1,26-12-2024,02-09-2025,25-10-2025,Completed,TRUE,TRUE,FALSE,,1.02,0.82,53,-1.42
MPLADS-01151,HARENDRA SINGH MALIK,Uttar Pradesh,MUZAFFARNAGAR,Other Public Facilities,State Rural Dev Agency,428000,411000,0,0,02-10-2024,28-08-2025,,Not Started,TRUE,TRUE,FALSE,,0.96,0,0,0.14
MPLADS-01152,HARENDRA SINGH MALIK,Uttar Pradesh,MUZAFFARNAGAR,Other Public Facilities,Cooperative Society,447000,476000,403200,1,29-02-2024,26-09-2024,10-09-2024,Completed,TRUE,TRUE,FALSE,,1.06,0.85,-16,0.52
MPLADS-01153,HARENDRA SINGH MALIK,Uttar Pradesh,MUZAFFARNAGAR,Other Public Facilities,District PWD,342000,318000,283400,3,06-08-2023,01-01-2024,18-12-2023,Completed,TRUE,TRUE,FALSE,,0.93,0.89,-14,-0.39
MPLADS-01154,HARENDRA SINGH MALIK,Uttar Pradesh,MUZAFFARNAGAR,Other Public Facilities,District PWD,348000,687000,356400,3,12-11-2023,03-10-2024,01-11-2024,Completed,FALSE,TRUE,TRUE,no_tender_high_value,1.97,0.52,29,1.73
MPLADS-01155,HARENDRA SINGH MALIK,Uttar Pradesh,MUZAFFARNAGAR,Education,District PWD,443000,1315000,1115300,3,03-12-2024,03-09-2025,15-08-2025,Completed,TRUE,TRUE,TRUE,cost_overrun,2.97,0.85,-19,4.52
MPLADS-01156,HARIBHAI PATEL,Gujarat,MAHESANA,"Railways, Roads, Pathways & Bridges",Gram Panchayat,296000,299000,262900,3,29-06-2023,06-10-2023,11-10-2023,Completed,TRUE,TRUE,FALSE,,1.01,0.88,5,-0.09
MPLADS-01157,HARIBHAI PATEL,Gujarat,MAHESANA,Other Public Facilities,Cooperative Society,244000,226000,0,0,30-04-2024,11-10-2024,,Not Started,TRUE,TRUE,FALSE,,0.93,0,233,-0.95
MPLADS-01158,HARIBHAI PATEL,Gujarat,MAHESANA,Others,Gram Panchayat,279000,252000,0,0,16-04-2024,22-08-2024,,Not Started,TRUE,TRUE,FALSE,,0.9,0,283,-0.49
MPLADS-01159,HARISH CHANDRA MEENA,Rajasthan,TONK-SAWAI MADHOPUR,Other Public Facilities,Municipal Corporation,642000,736000,0,0,27-02-2023,15-12-2023,,Not Started,TRUE,TRUE,FALSE,,1.15,0,534,0.86
MPLADS-01160,HARISH CHANDRA MEENA,Rajasthan,TONK-SAWAI MADHOPUR,Other Public Facilities,Municipal Corporation,502000,462000,269500,2,22-07-2024,01-03-2025,,In Progress,TRUE,TRUE,FALSE,,0.92,0.58,92,-1.24
MPLADS-01161,HARISH CHANDRA MEENA,Rajasthan,TONK-SAWAI MADHOPUR,Other Public Facilities,Gram Panchayat,597000,622000,143200,1,09-03-2023,29-10-2023,,Stalled,TRUE,TRUE,FALSE,,1.04,0.23,581,-0.01
MPLADS-01162,HARISH CHANDRA MEENA,Rajasthan,TONK-SAWAI MADHOPUR,"Railways, Roads, Pathways & Bridges",Zila Parishad,659000,691000,258700,0,03-10-2024,15-02-2025,,In Progress,TRUE,TRUE,FALSE,,1.05,0.37,106,-0.02
MPLADS-01163,HARISH CHANDRA MEENA,Rajasthan,TONK-SAWAI MADHOPUR,Others,Municipal Corporation,576000,551000,512600,2,01-09-2024,16-01-2025,18-02-2025,Completed,TRUE,TRUE,FALSE,,0.96,0.93,33,-0.8
MPLADS-01164,HARISH CHANDRA MEENA,Rajasthan,TONK-SAWAI MADHOPUR,Others,Zila Parishad,574000,562000,512100,4,27-12-2024,01-08-2025,12-08-2025,Completed,TRUE,TRUE,FALSE,,0.98,0.91,11,-0.71
MPLADS-01165,HARISH CHANDRA MEENA,Rajasthan,TONK-SAWAI MADHOPUR,Others,Municipal Corporation,539000,602000,117100,0,16-01-2024,15-11-2024,,In Progress,TRUE,TRUE,FALSE,,1.12,0.19,198,-0.4
MPLADS-01166,HARISH CHANDRA MEENA,Rajasthan,TONK-SAWAI MADHOPUR,"Railways, Roads, Pathways & Bridges",District PWD,647000,637000,559200,3,29-06-2023,24-12-2023,24-01-2024,Completed,TRUE,TRUE,FALSE,,0.98,0.88,31,-0.19
MPLADS-01167,HARISH CHANDRA MEENA,Rajasthan,TONK-SAWAI MADHOPUR,Other Public Facilities,Zila Parishad,766000,740000,294800,1,30-03-2024,17-11-2024,,In Progress,TRUE,TRUE,FALSE,,0.97,0.4,196,0.89
MPLADS-01168,Harsh Malhotra,Delhi,EAST DELHI,Other Public Facilities,Municipal Corporation,2051000,1887000,1601400,2,14-07-2023,07-02-2024,02-03-2024,Completed,TRUE,TRUE,FALSE,,0.92,0.85,24,-1.39
MPLADS-01169,Harsh Malhotra,Delhi,EAST DELHI,Other Public Facilities,State Rural Dev Agency,2645000,2601000,2564700,2,02-12-2023,24-09-2024,25-10-2024,Not Started,TRUE,TRUE,TRUE,ghost_project,0.98,0.99,31,0.18
MPLADS-01170,Harsh Malhotra,Delhi,EAST DELHI,Other Public Facilities,Gram Panchayat,2214000,2514000,1225500,1,23-11-2024,03-10-2025,,Stalled,TRUE,TRUE,FALSE,,1.14,0.49,0,-0.01
MPLADS-01171,Harsh Malhotra,Delhi,EAST DELHI,"Railways, Roads, Pathways & Bridges",District PWD,1937000,1908000,0,0,31-12-2024,09-08-2025,,Not Started,TRUE,TRUE,FALSE,,0.99,0,0,-0.81
MPLADS-01172,Harsh Malhotra,Delhi,EAST DELHI,Sanitation & Public Health,District PWD,1875000,2146000,0,0,04-12-2024,02-04-2025,,Not Started,TRUE,TRUE,FALSE,,1.14,0,60,0
MPLADS-01173,Hasmukh Bhai Soma Bhai Patel,Gujarat,AHMEDABAD EAST,"Railways, Roads, Pathways & Bridges",State Rural Dev Agency,255000,235000,131800,1,16-04-2023,29-07-2023,,In Progress,TRUE,TRUE,FALSE,,0.92,0.56,673,-0.58
MPLADS-01174,Hasmukh Bhai Soma Bhai Patel,Gujarat,AHMEDABAD EAST,Other Public Facilities,Municipal Corporation,194000,207000,119000,2,16-11-2023,28-04-2024,,In Progress,TRUE,TRUE,FALSE,,1.07,0.57,399,-1.29
MPLADS-01175,Hasmukh Bhai Soma Bhai Patel,Gujarat,AHMEDABAD EAST,Drinking Water Facility,Municipal Corporation,243000,250000,111800,2,11-10-2023,23-04-2024,,In Progress,TRUE,TRUE,FALSE,,1.03,0.45,404,-1.02
MPLADS-01176,Hasmukh Bhai Soma Bhai Patel,Gujarat,AHMEDABAD EAST,Education,State Rural Dev Agency,251000,270000,231700,2,02-06-2023,09-12-2023,24-01-2024,Completed,TRUE,TRUE,FALSE,,1.08,0.86,46,0.03
MPLADS-01177,Hasmukh Bhai Soma Bhai Patel,Gujarat,AHMEDABAD EAST,Other Public Facilities,Municipal Corporation,207000,230000,190500,4,10-06-2024,29-03-2025,26-03-2025,Completed,TRUE,TRUE,FALSE,,1.11,0.83,-3,-0.88
MPLADS-01178,Hasmukh Bhai Soma Bhai Patel,Gujarat,AHMEDABAD EAST,"Railways, Roads, Pathways & Bridges",Zila Parishad,272000,247000,52600,0,25-05-2023,10-12-2023,,Stalled,TRUE,TRUE,FALSE,,0.91,0.21,539,-0.49
MPLADS-01179,Hasmukh Bhai Soma Bhai Patel,Gujarat,AHMEDABAD EAST,Others,District PWD,283000,313000,277400,4,14-03-2023,09-11-2023,24-10-2023,Completed,TRUE,TRUE,FALSE,,1.11,0.89,-16,-0.12
MPLADS-01180,Hasmukh Bhai Soma Bhai Patel,Gujarat,AHMEDABAD EAST,Other Public Facilities,Gram Panchayat,229000,219000,166700,3,14-05-2023,06-10-2023,28-11-2023,Completed,TRUE,TRUE,FALSE,,0.96,0.76,53,-1.08
MPLADS-01181,Hasmukh Bhai Soma Bhai Patel,Gujarat,AHMEDABAD EAST,Other Public Facilities,State Rural Dev Agency,260000,267000,220300,1,25-02-2023,30-09-2023,30-09-2023,Completed,TRUE,TRUE,FALSE,,1.03,0.83,0,-0.22
MPLADS-01182,IMRAN MASOOD,Uttar Pradesh,SAHARANPUR,Drinking Water Facility,Municipal Corporation,308000,335000,0,0,06-10-2024,04-04-2025,,Not Started,TRUE,TRUE,FALSE,,1.09,0,58,-0.24
MPLADS-01183,IMRAN MASOOD,Uttar Pradesh,SAHARANPUR,Education,State Rural Dev Agency,458000,438000,0,0,07-12-2023,21-08-2024,,Not Started,TRUE,TRUE,FALSE,,0.96,0,284,0.21
MPLADS-01184,IMRAN MASOOD,Uttar Pradesh,SAHARANPUR,"Railways, Roads, Pathways & Bridges",Zila Parishad,344000,370000,107500,1,22-03-2023,08-11-2023,,Stalled,TRUE,TRUE,FALSE,,1.08,0.29,571,0.05
MPLADS-01185,IMRAN MASOOD,Uttar Pradesh,SAHARANPUR,"Railways, Roads, Pathways & Bridges",Gram Panchayat,251000,285000,0,0,06-04-2023,17-10-2023,,Not Started,TRUE,TRUE,FALSE,,1.14,0,593,-0.62
MPLADS-01186,IMRAN MASOOD,Uttar Pradesh,SAHARANPUR,Other Public Facilities,Zila Parishad,306000,330000,153900,2,14-11-2023,20-03-2024,,In Progress,TRUE,TRUE,FALSE,,1.08,0.47,438,-0.32
MPLADS-01187,IMRAN MASOOD,Uttar Pradesh,SAHARANPUR,"Railways, Roads, Pathways & Bridges",Municipal Corporation,397000,451000,373300,2,18-08-2023,09-04-2024,02-05-2024,Completed,TRUE,TRUE,FALSE,,1.14,0.83,23,0.69
MPLADS-01188,IMRAN MASOOD,Uttar Pradesh,SAHARANPUR,Education,Municipal Corporation,341000,358000,341700,4,06-02-2024,01-02-2025,28-03-2025,Completed,TRUE,TRUE,FALSE,,1.05,0.95,55,-0.18
MPLADS-01189,IMRAN MASOOD,Uttar Pradesh,SAHARANPUR,Education,Gram Panchayat,453000,455000,234800,2,09-04-2024,20-12-2024,,In Progress,TRUE,TRUE,FALSE,,1,0.52,163,0.3
MPLADS-01190,IMRAN MASOOD,Uttar Pradesh,SAHARANPUR,Others,State Rural Dev Agency,288000,313000,0,0,17-04-2024,06-12-2024,,Not Started,TRUE,TRUE,FALSE,,1.09,0,177,-0.57
MPLADS-01191,IMRAN MASOOD,Uttar Pradesh,SAHARANPUR,Other Public Facilities,District PWD,359000,382000,343800,2,11-05-2023,05-11-2023,,In Progress,TRUE,TRUE,FALSE,,1.06,0.9,574,-0.02
MPLADS-01192,Indra Hang Subba,Sikkim,SIKKIM,Sanitation & Public Health,Gram Panchayat,950000,973000,439100,1,30-11-2023,05-04-2024,,In Progress,TRUE,TRUE,FALSE,,1.02,0.45,422,0
MPLADS-01193,Indra Hang Subba,Sikkim,SIKKIM,"Railways, Roads, Pathways & Bridges",Zila Parishad,693000,785000,276400,1,15-02-2024,28-10-2024,,In Progress,TRUE,TRUE,FALSE,,1.13,0.35,216,0.73
MPLADS-01194,Indra Hang Subba,Sikkim,SIKKIM,Other Public Facilities,State Rural Dev Agency,1089000,1080000,1009100,4,08-05-2024,27-04-2025,11-06-2025,Completed,TRUE,TRUE,FALSE,,0.99,0.93,45,0.71
MPLADS-01195,Indra Hang Subba,Sikkim,SIKKIM,"Railways, Roads, Pathways & Bridges",State Rural Dev Agency,782000,760000,0,0,17-03-2024,28-08-2024,,Not Started,TRUE,TRUE,FALSE,,0.97,0,277,0.41
MPLADS-01196,Indra Hang Subba,Sikkim,SIKKIM,"Railways, Roads, Pathways & Bridges",Cooperative Society,662000,641000,554200,1,11-12-2024,04-05-2025,03-05-2025,Completed,TRUE,TRUE,FALSE,,0.97,0.86,-1,-1.14
MPLADS-01197,Indra Hang Subba,Sikkim,SIKKIM,Education,Municipal Corporation,866000,804000,0,0,10-08-2024,12-05-2025,,Not Started,TRUE,TRUE,FALSE,,0.93,0,20,0
MPLADS-01198,Indra Hang Subba,Sikkim,SIKKIM,Other Public Facilities,Gram Panchayat,1064000,958000,880300,4,22-07-2024,09-07-2025,23-08-2025,Completed,TRUE,TRUE,FALSE,,0.9,0.92,45,-0.71
MPLADS-01199,IQRA CHOUDHARY,Uttar Pradesh,KAIRANA,Other Public Facilities,Gram Panchayat,453000,485000,275300,2,13-03-2023,14-11-2023,,In Progress,TRUE,TRUE,FALSE,,1.07,0.57,565,0.57
MPLADS-01200,IQRA CHOUDHARY,Uttar Pradesh,KAIRANA,Drinking Water Facility,Zila Parishad,447000,411000,278400,2,02-12-2023,16-07-2024,,In Progress,TRUE,TRUE,FALSE,,0.92,0.68,320,0.21
MPLADS-01201,IQRA CHOUDHARY,Uttar Pradesh,KAIRANA,Other Public Facilities,Zila Parishad,366000,413000,113700,0,17-08-2024,01-08-2025,,Stalled,TRUE,FALSE,FALSE,,1.13,0.28,0,0.15
MPLADS-01202,IQRA CHOUDHARY,Uttar Pradesh,KAIRANA,Education,State Rural Dev Agency,355000,400000,326900,1,07-11-2024,25-09-2025,16-09-2025,Completed,TRUE,TRUE,FALSE,,1.13,0.82,-9,0.03
MPLADS-01203,ISHA KHAN CHOUDHURY,West Bengal,MALDAHA DAKSHIN,Others,State Rural Dev Agency,631000,684000,581100,3,02-04-2024,09-10-2024,21-09-2024,Completed,TRUE,TRUE,FALSE,,1.08,0.85,-18,0.18
MPLADS-01204,ISHA KHAN CHOUDHURY,West Bengal,MALDAHA DAKSHIN,Education,Municipal Corporation,735000,790000,634100,3,26-11-2024,05-09-2025,24-09-2025,Completed,TRUE,TRUE,FALSE,,1.07,0.8,19,0.78
MPLADS-01205,ISHA KHAN CHOUDHURY,West Bengal,MALDAHA DAKSHIN,Drinking Water Facility,Zila Parishad,629000,597000,370300,1,02-04-2023,23-09-2023,,In Progress,TRUE,TRUE,FALSE,,0.95,0.62,617,-0.35
MPLADS-01206,ISHA KHAN CHOUDHURY,West Bengal,MALDAHA DAKSHIN,"Railways, Roads, Pathways & Bridges",District PWD,768000,754000,748800,3,29-10-2023,02-04-2024,27-03-2024,Not Started,TRUE,TRUE,TRUE,ghost_project,0.98,0.99,-6,0.26
MPLADS-01207,ISHA KHAN CHOUDHURY,West Bengal,MALDAHA DAKSHIN,"Railways, Roads, Pathways & Bridges",Municipal Corporation,630000,647000,501100,1,21-12-2024,26-09-2025,,In Progress,TRUE,TRUE,FALSE,,1.03,0.77,0,-0.14
MPLADS-01208,ISHA KHAN CHOUDHURY,West Bengal,MALDAHA DAKSHIN,"Railways, Roads, Pathways & Bridges",Municipal Corporation,555000,520000,454800,3,01-02-2023,20-07-2023,24-07-2023,Completed,TRUE,TRUE,FALSE,,0.94,0.87,4,-0.62
MPLADS-01209,ISHA KHAN CHOUDHURY,West Bengal,MALDAHA DAKSHIN,Other Public Facilities,Cooperative Society,599000,647000,536300,1,29-12-2024,29-06-2025,02-07-2025,Completed,TRUE,TRUE,FALSE,,1.08,0.83,3,-0.06
MPLADS-01210,ISHA KHAN CHOUDHURY,West Bengal,MALDAHA DAKSHIN,Education,Municipal Corporation,843000,911000,553400,2,27-06-2023,19-10-2023,,In Progress,TRUE,TRUE,FALSE,,1.08,0.61,591,1.6
MPLADS-01211,ISHA KHAN CHOUDHURY,West Bengal,MALDAHA DAKSHIN,Other Public Facilities,Zila Parishad,699000,772000,769800,3,03-03-2024,20-09-2024,18-09-2024,Completed,TRUE,TRUE,FALSE,,1.1,1,-2,0.43
MPLADS-01212,ISHA KHAN CHOUDHURY,West Bengal,MALDAHA DAKSHIN,Other Public Facilities,Gram Panchayat,845000,951000,842800,4,12-01-2023,08-12-2023,21-01-2024,Completed,FALSE,TRUE,FALSE,,1.13,0.89,44,1.13
MPLADS-01213,JAGADISH CHANDRA BARMA BASUNIA,West Bengal,COOCHBEHAR(SC),"Railways, Roads, Pathways & Bridges",Cooperative Society,751000,707000,647800,2,04-11-2024,09-05-2025,10-05-2025,Completed,TRUE,TRUE,FALSE,,0.94,0.92,1,0.08
MPLADS-01214,JAGADISH CHANDRA BARMA BASUNIA,West Bengal,COOCHBEHAR(SC),Other Public Facilities,Gram Panchayat,477000,525000,0,0,01-03-2024,08-09-2024,,Not Started,TRUE,TRUE,FALSE,,1.1,0,266,-0.53
MPLADS-01215,JAGADISH CHANDRA BARMA BASUNIA,West Bengal,COOCHBEHAR(SC),Other Public Facilities,Gram Panchayat,525000,589000,472500,2,30-09-2024,16-06-2025,30-06-2025,Completed,TRUE,TRUE,FALSE,,1.12,0.8,14,-0.28
MPLADS-01216,JAGADISH CHANDRA BARMA BASUNIA,West Bengal,COOCHBEHAR(SC),Others,State Rural Dev Agency,761000,724000,653000,2,29-01-2024,29-07-2024,11-09-2024,Completed,TRUE,TRUE,FALSE,,0.95,0.9,44,0.48
MPLADS-01217,JAGADISH CHANDRA BARMA BASUNIA,West Bengal,COOCHBEHAR(SC),Other Public Facilities,Gram Panchayat,601000,573000,0,0,25-05-2024,12-02-2025,,Not Started,TRUE,TRUE,FALSE,,0.95,0,109,-0.34
MPLADS-01218,JAGADISH CHANDRA BARMA BASUNIA,West Bengal,COOCHBEHAR(SC),Education,Gram Panchayat,634000,677000,485200,3,13-07-2024,08-03-2025,,In Progress,FALSE,TRUE,TRUE,duplicate_work,1.07,0.72,85,0.01
MPLADS-01219,JAGADISH SHETTAR,Karnataka,BELGAUM,Education,District PWD,792000,753000,628100,3,22-12-2024,12-04-2025,25-05-2025,Completed,TRUE,TRUE,FALSE,,0.95,0.83,43,0.44
MPLADS-01220,JAGADISH SHETTAR,Karnataka,BELGAUM,Other Public Facilities,Municipal Corporation,641000,710000,358700,1,26-05-2023,17-12-2023,,In Progress,TRUE,TRUE,FALSE,,1.11,0.51,532,0.11
MPLADS-01221,JAGADISH SHETTAR,Karnataka,BELGAUM,"Railways, Roads, Pathways & Bridges",Zila Parishad,635000,656000,338000,2,21-04-2024,26-02-2025,,In Progress,TRUE,TRUE,FALSE,,1.03,0.52,95,-0.14
MPLADS-01222,JAGADISH SHETTAR,Karnataka,BELGAUM,"Railways, Roads, Pathways & Bridges",Cooperative Society,443000,495000,328100,1,28-04-2024,16-08-2024,,In Progress,TRUE,TRUE,FALSE,,1.12,0.66,289,-1.44
MPLADS-01223,JAGADISH SHETTAR,Karnataka,BELGAUM,Other Public Facilities,Municipal Corporation,595000,666000,117700,0,10-10-2024,30-03-2025,,In Progress,TRUE,TRUE,FALSE,,1.12,0.18,63,-0.06
MPLADS-01224,JAGADISH SHETTAR,Karnataka,BELGAUM,Others,Gram Panchayat,807000,780000,0,0,01-07-2024,03-02-2025,,Not Started,TRUE,TRUE,FALSE,,0.97,0,118,1.32
MPLADS-01225,JAGADISH SHETTAR,Karnataka,BELGAUM,Others,Municipal Corporation,843000,808000,513100,1,10-08-2024,26-05-2025,,In Progress,TRUE,TRUE,TRUE,duplicate_work,0.96,0.64,6,1.54
MPLADS-01226,Jagannath Sarkar,West Bengal,RANAGHAT(SC),Drinking Water Facility,Municipal Corporation,645000,584000,444000,1,24-10-2023,28-07-2024,31-07-2024,Completed,TRUE,TRUE,FALSE,,0.91,0.76,3,-0.39
MPLADS-01227,Jagdambika Pal,Uttar Pradesh,DOMARIYAGANJ,Other Public Facilities,State Rural Dev Agency,405000,376000,329700,3,31-07-2024,06-03-2025,20-02-2025,Completed,TRUE,TRUE,FALSE,,0.93,0.88,-14,-0.06
MPLADS-01228,Jagdambika Pal,Uttar Pradesh,DOMARIYAGANJ,"Railways, Roads, Pathways & Bridges",District PWD,353000,363000,326700,2,22-02-2023,01-02-2024,,In Progress,TRUE,TRUE,FALSE,,1.03,0.9,486,0
MPLADS-01229,Jagdambika Pal,Uttar Pradesh,DOMARIYAGANJ,Others,Municipal Corporation,411000,399000,309600,2,21-10-2023,07-09-2024,,In Progress,TRUE,TRUE,FALSE,,0.97,0.78,267,0.52
MPLADS-01230,Jagdambika Pal,Uttar Pradesh,DOMARIYAGANJ,Other Public Facilities,District PWD,421000,399000,318100,3,16-09-2023,24-06-2024,27-06-2024,Completed,TRUE,TRUE,FALSE,,0.95,0.8,3,0.07
MPLADS-01231,Jagdambika Pal,Uttar Pradesh,DOMARIYAGANJ,"Railways, Roads, Pathways & Bridges",Cooperative Society,231000,249000,105200,0,25-04-2023,09-09-2023,,In Progress,TRUE,TRUE,FALSE,,1.08,0.42,631,-0.91
MPLADS-01232,JAI PARKASH,Haryana,HISAR,Others,Zila Parishad,564000,553000,442200,2,02-04-2024,26-09-2024,11-10-2024,Completed,TRUE,TRUE,FALSE,,0.98,0.8,15,0.61
MPLADS-01233,JAI PARKASH,Haryana,HISAR,Other Public Facilities,District PWD,413000,411000,356700,2,11-05-2024,05-04-2025,08-05-2025,Completed,TRUE,TRUE,FALSE,,1,0.87,33,-0.72
MPLADS-01234,JAI PARKASH,Haryana,HISAR,Other Public Facilities,Gram Panchayat,335000,363000,61000,0,29-05-2023,07-01-2024,,In Progress,TRUE,FALSE,TRUE,no_mp_recommendation,1.08,0.17,511,-1.16
MPLADS-01235,Jai Prakash,Uttar Pradesh,HARDOI (SC),"Railways, Roads, Pathways & Bridges",Zila Parishad,298000,1021000,864600,3,28-01-2024,04-12-2024,24-01-2025,Completed,TRUE,TRUE,TRUE,cost_overrun,3.43,0.85,51,5.2
MPLADS-01236,Jai Prakash,Uttar Pradesh,HARDOI (SC),"Railways, Roads, Pathways & Bridges",District PWD,274000,253000,123900,1,14-08-2024,19-02-2025,,In Progress,TRUE,TRUE,FALSE,,0.92,0.49,102,-0.87
MPLADS-01237,Jai Prakash,Uttar Pradesh,HARDOI (SC),"Railways, Roads, Pathways & Bridges",Cooperative Society,381000,387000,329000,4,23-02-2023,07-10-2023,21-10-2023,Completed,TRUE,TRUE,FALSE,,1.02,0.85,14,0.19
MPLADS-01238,Jai Prakash,Uttar Pradesh,HARDOI (SC),"Railways, Roads, Pathways & Bridges",Municipal Corporation,350000,379000,309500,1,29-06-2024,27-02-2025,22-04-2025,Completed,TRUE,TRUE,FALSE,,1.08,0.82,54,0.12
MPLADS-01239,Jai Prakash,Uttar Pradesh,HARDOI (SC),Other Public Facilities,Gram Panchayat,298000,280000,68200,0,29-05-2023,23-01-2024,,In Progress,TRUE,TRUE,FALSE,,0.94,0.24,495,-0.61
MPLADS-01240,Jai Prakash,Uttar Pradesh,HARDOI (SC),"Railways, Roads, Pathways & Bridges",District PWD,392000,414000,350800,3,27-01-2024,16-06-2024,,In Progress,TRUE,TRUE,FALSE,,1.06,0.85,350,0.4
MPLADS-01241,Jai Prakash,Uttar Pradesh,HARDOI (SC),Education,Gram Panchayat,306000,322000,85400,1,10-04-2023,23-03-2024,,Stalled,TRUE,TRUE,FALSE,,1.05,0.27,435,-0.36
MPLADS-01242,Jai Prakash,Uttar Pradesh,HARDOI (SC),"Railways, Roads, Pathways & Bridges",Municipal Corporation,338000,379000,148400,1,17-09-2024,10-01-2025,,Stalled,TRUE,TRUE,FALSE,,1.12,0.39,142,0.12
MPLADS-01243,Janardan Mishra,Madhya Pradesh,REWA,Education,Cooperative Society,288000,293000,243100,2,11-04-2023,09-10-2023,28-09-2023,Completed,TRUE,TRUE,FALSE,,1.02,0.83,-11,-0.6
MPLADS-01244,Janardan Mishra,Madhya Pradesh,REWA,"Railways, Roads, Pathways & Bridges",Municipal Corporation,314000,358000,259000,3,05-09-2023,04-01-2024,,In Progress,TRUE,TRUE,FALSE,,1.14,0.72,514,0.34
MPLADS-01245,Janardan Mishra,Madhya Pradesh,REWA,"Railways, Roads, Pathways & Bridges",Cooperative Society,322000,346000,246500,3,24-11-2024,02-08-2025,,In Progress,TRUE,TRUE,FALSE,,1.07,0.71,0,0.16
MPLADS-01246,Janardan Mishra,Madhya Pradesh,REWA,"Railways, Roads, Pathways & Bridges",District PWD,362000,374000,0,0,09-01-2023,22-07-2023,,Not Started,FALSE,TRUE,TRUE,duplicate_work,1.03,0,680,0.57
MPLADS-01247,Janardan Mishra,Madhya Pradesh,REWA,Other Public Facilities,Zila Parishad,404000,414000,349000,2,02-12-2024,14-10-2025,26-10-2025,Completed,TRUE,TRUE,FALSE,,1.02,0.84,12,0.48
MPLADS-01248,JASHUBHAI BHILUBHAI RATHVA,Gujarat,CHHOTA UDAIPUR(ST),Sanitation & Public Health,Cooperative Society,213000,199000,163900,2,04-02-2023,19-01-2024,03-03-2024,Completed,TRUE,TRUE,FALSE,,0.93,0.82,44,-1.89
MPLADS-01249,JASHUBHAI BHILUBHAI RATHVA,Gujarat,CHHOTA UDAIPUR(ST),Education,District PWD,253000,278000,93100,1,11-08-2023,28-03-2024,,Stalled,TRUE,TRUE,FALSE,,1.1,0.33,430,0.17
MPLADS-01250,JASHUBHAI BHILUBHAI RATHVA,Gujarat,CHHOTA UDAIPUR(ST),"Railways, Roads, Pathways & Bridges",Cooperative Society,257000,263000,0,0,30-03-2023,30-09-2023,,Not Started,TRUE,TRUE,FALSE,,1.02,0,610,-0.36
MPLADS-01251,JASHUBHAI BHILUBHAI RATHVA,Gujarat,CHHOTA UDAIPUR(ST),Education,Zila Parishad,190000,208000,0,0,02-08-2024,17-12-2024,,Not Started,TRUE,TRUE,FALSE,,1.09,0,166,-1.02
MPLADS-01252,Jaswantsinh Sumanbhai Bhabhor,Gujarat,DAHOD(ST),Others,Gram Panchayat,347000,963000,926400,2,17-09-2023,30-08-2024,06-10-2024,Completed,TRUE,TRUE,TRUE,cost_overrun,2.78,0.96,37,3.83
MPLADS-01253,Jaswantsinh Sumanbhai Bhabhor,Gujarat,DAHOD(ST),Education,Municipal Corporation,200000,199000,0,0,11-10-2023,30-07-2024,,Not Started,TRUE,TRUE,FALSE,,1,0,306,-1.18
MPLADS-01254,Jaswantsinh Sumanbhai Bhabhor,Gujarat,DAHOD(ST),Education,Gram Panchayat,298000,333000,291100,2,21-09-2023,02-01-2024,12-01-2024,Completed,TRUE,TRUE,FALSE,,1.12,0.87,10,1.11
MPLADS-01255,Jaswantsinh Sumanbhai Bhabhor,Gujarat,DAHOD(ST),Other Public Facilities,Municipal Corporation,240000,228000,184100,2,02-02-2024,14-01-2025,27-12-2024,Completed,TRUE,TRUE,FALSE,,0.95,0.81,-18,-0.92
MPLADS-01256,Jaswantsinh Sumanbhai Bhabhor,Gujarat,DAHOD(ST),"Railways, Roads, Pathways & Bridges",State Rural Dev Agency,277000,284000,262800,4,02-07-2023,27-12-2023,18-12-2023,Completed,TRUE,TRUE,FALSE,,1.03,0.93,-9,-0.2
MPLADS-01257,Jaswantsinh Sumanbhai Bhabhor,Gujarat,DAHOD(ST),Sanitation & Public Health,Gram Panchayat,296000,281000,223700,2,07-02-2024,25-07-2024,18-07-2024,Completed,TRUE,TRUE,FALSE,,0.95,0.8,-7,-0.23
MPLADS-01258,Jaswantsinh Sumanbhai Bhabhor,Gujarat,DAHOD(ST),"Railways, Roads, Pathways & Bridges",Municipal Corporation,283000,295000,198800,2,12-08-2023,26-07-2024,,In Progress,TRUE,TRUE,FALSE,,1.04,0.67,310,-0.12
MPLADS-01259,Jaswantsinh Sumanbhai Bhabhor,Gujarat,DAHOD(ST),Other Public Facilities,Gram Panchayat,234000,226000,179200,3,16-04-2023,25-07-2023,29-07-2023,Completed,TRUE,TRUE,FALSE,,0.97,0.79,4,-0.95
MPLADS-01260,Jaswantsinh Sumanbhai Bhabhor,Gujarat,DAHOD(ST),"Railways, Roads, Pathways & Bridges",District PWD,227000,244000,0,0,20-01-2023,21-11-2023,,Not Started,TRUE,TRUE,FALSE,,1.07,0,558,-0.51
MPLADS-01261,JITAN RAM MANJHI,Bihar,GAYA (SC),Drinking Water Facility,Gram Panchayat,554000,569000,489900,2,11-11-2024,15-02-2025,20-02-2025,Completed,TRUE,TRUE,FALSE,,1.03,0.86,5,-0.34
MPLADS-01262,JITAN RAM MANJHI,Bihar,GAYA (SC),"Railways, Roads, Pathways & Bridges",Gram Panchayat,541000,539000,110200,3,11-08-2024,22-05-2024,22-08-2025,Stalled,TRUE,TRUE,TRUE,delayed_stalled,1,0.2,457,-0.44
MPLADS-01263,JITAN RAM MANJHI,Bihar,GAYA (SC),Education,District PWD,770000,775000,667300,3,22-03-2024,18-11-2024,17-11-2024,Completed,TRUE,TRUE,FALSE,,1.01,0.86,-1,0.97
MPLADS-01264,JITAN RAM MANJHI,Bihar,GAYA (SC),Other Public Facilities,Gram Panchayat,506000,546000,509700,2,07-07-2024,13-05-2025,20-05-2025,Completed,TRUE,TRUE,FALSE,,1.08,0.93,7,-0.59
MPLADS-01265,JITAN RAM MANJHI,Bihar,GAYA (SC),"Railways, Roads, Pathways & Bridges",Cooperative Society,605000,598000,371400,1,05-05-2023,02-01-2024,,In Progress,TRUE,TRUE,FALSE,,0.99,0.62,516,-0.24
MPLADS-01266,JITAN RAM MANJHI,Bihar,GAYA (SC),"Railways, Roads, Pathways & Bridges",District PWD,617000,632000,528000,2,07-11-2023,04-04-2024,05-04-2024,Completed,TRUE,TRUE,FALSE,,1.02,0.84,1,-0.13
MPLADS-01267,JITENDRA KUMAR DOHARE,Uttar Pradesh,ETAWAH(SC),"Railways, Roads, Pathways & Bridges",Gram Panchayat,263000,286000,196100,2,10-01-2024,16-08-2024,,In Progress,TRUE,TRUE,FALSE,,1.09,0.69,289,-0.61
MPLADS-01268,JITENDRA KUMAR DOHARE,Uttar Pradesh,ETAWAH(SC),Other Public Facilities,Gram Panchayat,235000,230000,161300,1,24-10-2023,15-07-2024,,In Progress,TRUE,TRUE,FALSE,,0.98,0.7,321,-0.9
MPLADS-01269,JITENDRA KUMAR DOHARE,Uttar Pradesh,ETAWAH(SC),"Railways, Roads, Pathways & Bridges",Cooperative Society,428000,458000,374300,1,07-11-2024,18-04-2025,23-05-2025,Completed,TRUE,TRUE,FALSE,,1.07,0.82,35,0.75
MPLADS-01270,JITENDRA KUMAR DOHARE,Uttar Pradesh,ETAWAH(SC),Others,Cooperative Society,311000,288000,259100,2,06-12-2024,19-07-2025,29-08-2025,Completed,TRUE,TRUE,FALSE,,0.93,0.9,41,-0.89
MPLADS-01271,JITENDRA KUMAR DOHARE,Uttar Pradesh,ETAWAH(SC),"Railways, Roads, Pathways & Bridges",State Rural Dev Agency,287000,329000,275600,3,14-07-2023,05-12-2023,31-12-2023,Completed,TRUE,TRUE,FALSE,,1.15,0.84,26,-0.27
MPLADS-01272,JITENDRA KUMAR DOHARE,Uttar Pradesh,ETAWAH(SC),Other Public Facilities,Municipal Corporation,459000,434000,273400,1,02-09-2023,28-06-2024,,In Progress,TRUE,TRUE,FALSE,,0.95,0.63,338,0.27
MPLADS-01273,JITENDRA KUMAR DOHARE,Uttar Pradesh,ETAWAH(SC),"Railways, Roads, Pathways & Bridges",District PWD,328000,360000,217700,1,26-05-2024,29-12-2024,,In Progress,TRUE,TRUE,FALSE,,1.1,0.6,154,-0.03
MPLADS-01274,JITENDRA KUMAR DOHARE,Uttar Pradesh,ETAWAH(SC),Other Public Facilities,Gram Panchayat,316000,315000,267900,3,07-02-2023,15-11-2023,09-01-2024,Completed,TRUE,TRUE,FALSE,,1,0.85,55,-0.41
MPLADS-01275,JITENDRA KUMAR DOHARE,Uttar Pradesh,ETAWAH(SC),Other Public Facilities,Cooperative Society,252000,240000,205400,1,02-05-2023,16-12-2023,28-11-2023,Completed,TRUE,TRUE,FALSE,,0.95,0.86,-18,-0.84
MPLADS-01276,Jitendra Singh,Jammu And Kashmir,UDHAMPUR,Other Public Facilities,District PWD,1508000,1655000,1268400,3,03-07-2024,22-04-2025,22-05-2025,Completed,TRUE,TRUE,FALSE,,1.1,0.77,30,-0.26
MPLADS-01277,Jitendra Singh,Jammu And Kashmir,UDHAMPUR,Sanitation & Public Health,State Rural Dev Agency,1076000,1191000,793800,2,25-05-2023,31-10-2023,,In Progress,FALSE,TRUE,FALSE,,1.11,0.67,579,-0.71
MPLADS-01278,Jitendra Singh,Jammu And Kashmir,UDHAMPUR,Education,Cooperative Society,1308000,1385000,1290400,2,16-02-2023,09-12-2023,12-01-2024,Completed,TRUE,FALSE,FALSE,,1.06,0.93,34,0.25
MPLADS-01279,Jitendra Singh,Jammu And Kashmir,UDHAMPUR,Drinking Water Facility,State Rural Dev Agency,1733000,1766000,605500,1,21-02-2023,16-10-2023,,Stalled,TRUE,TRUE,FALSE,,1.02,0.34,594,0.28
MPLADS-01280,Jitendra Singh,Jammu And Kashmir,UDHAMPUR,Others,District PWD,1124000,1291000,0,0,24-06-2023,24-10-2023,,Not Started,TRUE,TRUE,FALSE,,1.15,0,586,-0.77
MPLADS-01281,Jitendra Singh,Jammu And Kashmir,UDHAMPUR,Others,Zila Parishad,1204000,1303000,940700,3,24-05-2024,02-04-2025,,In Progress,TRUE,TRUE,FALSE,,1.08,0.72,60,-0.71
MPLADS-01282,Jitendra Singh,Jammu And Kashmir,UDHAMPUR,Others,Gram Panchayat,1251000,1348000,1119800,3,12-03-2024,11-07-2024,23-07-2024,Completed,TRUE,TRUE,FALSE,,1.08,0.83,12,-0.49
MPLADS-01283,Jitendra Singh,Jammu And Kashmir,UDHAMPUR,Drinking Water Facility,Municipal Corporation,1592000,1820000,1639400,4,29-11-2023,13-03-2024,07-04-2024,Completed,TRUE,TRUE,FALSE,,1.14,0.9,25,0.42
MPLADS-01284,Jitendra Singh,Jammu And Kashmir,UDHAMPUR,Drinking Water Facility,District PWD,1043000,1085000,0,0,07-08-2023,04-02-2024,,Not Started,TRUE,TRUE,FALSE,,1.04,0,483,-1.47
MPLADS-01285,JITIN PRASADA,Uttar Pradesh,PILIBHIT,Education,State Rural Dev Agency,277000,312000,238300,2,08-10-2023,23-02-2024,25-02-2024,Completed,TRUE,TRUE,FALSE,,1.13,0.76,2,-0.41
MPLADS-01286,JITIN PRASADA,Uttar Pradesh,PILIBHIT,Other Public Facilities,District PWD,252000,230000,196900,3,18-06-2023,27-12-2023,02-02-2024,Completed,TRUE,FALSE,TRUE,no_mp_recommendation,0.91,0.86,37,-0.9
MPLADS-01287,JITIN PRASADA,Uttar Pradesh,PILIBHIT,Education,Gram Panchayat,362000,359000,216600,2,09-10-2024,21-09-2025,,In Progress,TRUE,FALSE,FALSE,,0.99,0.6,0,-0.17
MPLADS-01288,JITIN PRASADA,Uttar Pradesh,PILIBHIT,Other Public Facilities,Cooperative Society,274000,267000,221600,3,24-03-2023,05-01-2024,23-12-2023,Completed,TRUE,TRUE,FALSE,,0.97,0.83,-13,-0.69
MPLADS-01289,JITIN PRASADA,Uttar Pradesh,PILIBHIT,Other Public Facilities,Gram Panchayat,400000,370000,0,0,30-08-2024,13-06-2025,,Not Started,TRUE,TRUE,FALSE,,0.92,0,0,-0.09
MPLADS-01290,JOBA MAJHI,Jharkhand,SINGHBHUM(ST),Education,Gram Panchayat,317000,330000,291100,2,09-12-2024,16-11-2025,27-11-2025,Completed,TRUE,TRUE,FALSE,,1.04,0.88,11,-0.96
MPLADS-01291,JOBA MAJHI,Jharkhand,SINGHBHUM(ST),Other Public Facilities,State Rural Dev Agency,401000,455000,380600,1,26-02-2024,28-06-2024,25-06-2024,Completed,TRUE,TRUE,FALSE,,1.13,0.84,-3,-0.3
MPLADS-01292,JOYANTA BASUMATARY,Assam,KOKRAJHAR (ST),Education,Municipal Corporation,605000,1552000,1463200,1,04-07-2023,03-06-2024,,In Progress,TRUE,TRUE,TRUE,cost_overrun,2.57,0.94,363,2.97
MPLADS-01293,JOYANTA BASUMATARY,Assam,KOKRAJHAR (ST),Other Public Facilities,State Rural Dev Agency,568000,618000,515200,1,23-12-2023,05-12-2024,20-11-2024,Completed,TRUE,TRUE,FALSE,,1.09,0.83,-15,1.25
MPLADS-01294,JOYANTA BASUMATARY,Assam,KOKRAJHAR (ST),Other Public Facilities,State Rural Dev Agency,390000,376000,158000,1,08-04-2023,05-10-2023,,In Progress,TRUE,TRUE,FALSE,,0.96,0.42,605,-0.99
MPLADS-01295,JOYANTA BASUMATARY,Assam,KOKRAJHAR (ST),Drinking Water Facility,District PWD,507000,505000,72400,0,13-08-2023,19-01-2024,,In Progress,TRUE,TRUE,FALSE,,1,0.14,499,0.31
MPLADS-01296,JOYANTA BASUMATARY,Assam,KOKRAJHAR (ST),Education,Gram Panchayat,527000,574000,531700,3,18-07-2023,16-04-2024,15-04-2024,Completed,TRUE,TRUE,FALSE,,1.09,0.93,-1,0
MPLADS-01297,JOYANTA BASUMATARY,Assam,KOKRAJHAR (ST),Sanitation & Public Health,Cooperative Society,452000,471000,445200,4,24-05-2024,06-03-2025,23-02-2025,Completed,TRUE,TRUE,FALSE,,1.04,0.95,-11,0.65
MPLADS-01298,JUNE MALIAH,West Bengal,MEDINIPUR,Education,Gram Panchayat,514000,525000,504900,4,08-01-2024,21-11-2024,16-01-2025,Not Started,TRUE,TRUE,TRUE,ghost_project,1.02,0.96,56,-1.02
MPLADS-01299,JUNE MALIAH,West Bengal,MEDINIPUR,Education,Zila Parishad,828000,925000,843900,3,14-02-2023,15-10-2023,20-10-2023,Not Started,TRUE,TRUE,TRUE,ghost_project,1.12,0.91,5,1.69
MPLADS-01300,JUNE MALIAH,West Bengal,MEDINIPUR,"Railways, Roads, Pathways & Bridges",Cooperative Society,787000,797000,638800,1,30-01-2023,28-07-2023,,In Progress,TRUE,TRUE,FALSE,,1.01,0.8,674,0.42
MPLADS-01301,JUNE MALIAH,West Bengal,MEDINIPUR,Other Public Facilities,Cooperative Society,823000,935000,546000,1,31-03-2024,16-10-2024,,In Progress,TRUE,TRUE,FALSE,,1.14,0.58,228,1.07
MPLADS-01302,JYOTIRADITYA M. SCINDIA,Madhya Pradesh,GUNA,Other Public Facilities,Zila Parishad,377000,411000,345000,2,30-11-2023,28-10-2024,05-12-2024,Completed,TRUE,TRUE,FALSE,,1.09,0.84,38,0.45
MPLADS-01303,JYOTIRADITYA M. SCINDIA,Madhya Pradesh,GUNA,"Railways, Roads, Pathways & Bridges",Gram Panchayat,215000,206000,0,0,27-02-2024,23-06-2024,,Not Started,TRUE,TRUE,FALSE,,0.96,0,343,-1.87
MPLADS-01304,JYOTIRADITYA M. SCINDIA,Madhya Pradesh,GUNA,"Railways, Roads, Pathways & Bridges",State Rural Dev Agency,220000,248000,147900,2,22-08-2024,22-11-2024,,In Progress,TRUE,TRUE,FALSE,,1.13,0.6,191,-1.26
MPLADS-01305,JYOTIRADITYA M. SCINDIA,Madhya Pradesh,GUNA,"Railways, Roads, Pathways & Bridges",Zila Parishad,409000,459000,361300,3,10-04-2024,04-01-2025,06-02-2025,Completed,TRUE,TRUE,FALSE,,1.12,0.79,33,1.81
MPLADS-01306,JYOTIRADITYA M. SCINDIA,Madhya Pradesh,GUNA,"Railways, Roads, Pathways & Bridges",District PWD,334000,309000,282600,2,09-10-2024,17-09-2025,09-09-2025,Completed,TRUE,TRUE,FALSE,,0.93,0.91,-8,-0.37
MPLADS-01307,JYOTIRADITYA M. SCINDIA,Madhya Pradesh,GUNA,Other Public Facilities,Gram Panchayat,377000,398000,259300,2,09-12-2024,11-05-2025,,In Progress,TRUE,TRUE,FALSE,,1.06,0.65,21,0.36
MPLADS-01308,Jyotsna Charandas Mahant,Chhattisgarh,KORBA,Other Public Facilities,Municipal Corporation,384000,360000,304400,3,14-04-2024,08-01-2025,11-02-2025,Completed,TRUE,TRUE,FALSE,,0.94,0.85,34,-1.48
MPLADS-01309,Jyotsna Charandas Mahant,Chhattisgarh,KORBA,Drinking Water Facility,Zila Parishad,592000,671000,541500,2,10-09-2024,19-07-2025,18-08-2025,Completed,TRUE,TRUE,FALSE,,1.13,0.81,30,1.45
MPLADS-01310,Jyotsna Charandas Mahant,Chhattisgarh,KORBA,"Railways, Roads, Pathways & Bridges",State Rural Dev Agency,618000,647000,156000,0,14-08-2024,14-04-2025,,Stalled,TRUE,TRUE,FALSE,,1.05,0.24,48,0.44
MPLADS-01311,Jyotsna Charandas Mahant,Chhattisgarh,KORBA,Drinking Water Facility,Gram Panchayat,322000,339000,0,0,15-05-2024,25-02-2025,,Not Started,TRUE,TRUE,FALSE,,1.05,0,96,-1.2
MPLADS-01312,Jyotsna Charandas Mahant,Chhattisgarh,KORBA,Other Public Facilities,Zila Parishad,383000,366000,316500,2,13-10-2023,24-02-2024,04-03-2024,Completed,TRUE,TRUE,FALSE,,0.96,0.86,9,-1.42
MPLADS-01313,Jyotsna Charandas Mahant,Chhattisgarh,KORBA,Other Public Facilities,Zila Parishad,537000,516000,446700,3,02-12-2023,16-04-2024,12-06-2024,Completed,TRUE,TRUE,FALSE,,0.96,0.87,57,0.07
MPLADS-01314,Jyotsna Charandas Mahant,Chhattisgarh,KORBA,Others,Gram Panchayat,418000,450000,0,0,10-08-2024,08-01-2025,,Not Started,TRUE,TRUE,FALSE,,1.08,0,144,-0.95
MPLADS-01315,K E PRAKASH,Tamil Nadu,ERODE,Other Public Facilities,Cooperative Society,903000,834000,675600,3,31-05-2024,15-10-2024,04-10-2024,Completed,TRUE,TRUE,FALSE,,0.92,0.81,-11,-0.41
MPLADS-01316,K E PRAKASH,Tamil Nadu,ERODE,"Railways, Roads, Pathways & Bridges",District PWD,756000,849000,528300,1,11-04-2023,23-01-2024,,In Progress,TRUE,TRUE,FALSE,,1.12,0.62,495,-0.43
MPLADS-01317,K E PRAKASH,Tamil Nadu,ERODE,Other Public Facilities,Municipal Corporation,904000,1005000,684000,2,10-12-2024,22-08-2025,,In Progress,TRUE,TRUE,FALSE,,1.11,0.68,0,-0.03
MPLADS-01318,K E PRAKASH,Tamil Nadu,ERODE,"Railways, Roads, Pathways & Bridges",Municipal Corporation,614000,571000,223400,1,02-09-2023,27-05-2024,,In Progress,TRUE,TRUE,FALSE,,0.93,0.39,370,-1.25
MPLADS-01319,K RADHAKRISHNAN,Kerala,ALATHUR(SC),Other Public Facilities,District PWD,854000,879000,692400,2,15-06-2023,05-05-2024,,In Progress,TRUE,TRUE,FALSE,,1.03,0.79,392,0.13
MPLADS-01320,K RADHAKRISHNAN,Kerala,ALATHUR(SC),"Railways, Roads, Pathways & Bridges",Zila Parishad,504000,554000,341600,1,10-04-2024,31-10-2024,,In Progress,TRUE,TRUE,FALSE,,1.1,0.62,213,-1.23
MPLADS-01321,K RADHAKRISHNAN,Kerala,ALATHUR(SC),"Railways, Roads, Pathways & Bridges",Cooperative Society,910000,1009000,581600,1,15-01-2024,13-09-2024,,In Progress,TRUE,FALSE,FALSE,,1.11,0.58,261,1.69
MPLADS-01322,K RADHAKRISHNAN,Kerala,ALATHUR(SC),Others,Municipal Corporation,539000,541000,523200,3,14-03-2023,14-09-2023,03-10-2023,Completed,TRUE,TRUE,FALSE,,1,0.97,19,-0.96
MPLADS-01323,K RADHAKRISHNAN,Kerala,ALATHUR(SC),Sanitation & Public Health,State Rural Dev Agency,546000,561000,0,0,12-03-2024,15-08-2024,,Not Started,TRUE,TRUE,FALSE,,1.03,0,290,-0.01
MPLADS-01324,K Subbarayan,Tamil Nadu,TIRUPPUR,Education,Cooperative Society,993000,1017000,0,0,01-08-2023,19-06-2024,,Not Started,TRUE,TRUE,FALSE,,1.02,0,347,0
MPLADS-01325,K Subbarayan,Tamil Nadu,TIRUPPUR,"Railways, Roads, Pathways & Bridges",District PWD,688000,728000,532900,1,26-02-2023,17-08-2023,,In Progress,TRUE,TRUE,FALSE,,1.06,0.73,654,-0.79
MPLADS-01326,K Subbarayan,Tamil Nadu,TIRUPPUR,"Railways, Roads, Pathways & Bridges",Municipal Corporation,921000,869000,772900,2,24-04-2023,14-10-2023,19-10-2023,Completed,TRUE,TRUE,FALSE,,0.94,0.89,5,-0.37
MPLADS-01327,K Subbarayan,Tamil Nadu,TIRUPPUR,"Railways, Roads, Pathways & Bridges",Zila Parishad,1083000,1020000,635200,1,29-06-2023,04-10-2023,,In Progress,TRUE,TRUE,FALSE,,0.94,0.62,606,0.08
MPLADS-01328,K Subbarayan,Tamil Nadu,TIRUPPUR,"Railways, Roads, Pathways & Bridges",Gram Panchayat,951000,1071000,322000,1,22-05-2023,22-03-2024,,Stalled,TRUE,TRUE,FALSE,,1.13,0.3,436,0.23
MPLADS-01329,K Subbarayan,Tamil Nadu,TIRUPPUR,Education,Zila Parishad,933000,861000,0,0,17-08-2024,20-05-2025,,Not Started,TRUE,TRUE,FALSE,,0.92,0,12,-0.35
MPLADS-01330,K Subbarayan,Tamil Nadu,TIRUPPUR,Others,Municipal Corporation,763000,690000,565900,2,25-11-2023,22-07-2024,27-08-2024,Completed,TRUE,TRUE,FALSE,,0.9,0.82,36,-0.93
MPLADS-01331,K. C VENUGOPAL,Kerala,ALAPPUZHA,Sanitation & Public Health,State Rural Dev Agency,581000,592000,520000,4,25-02-2023,21-08-2023,22-08-2023,Completed,TRUE,TRUE,FALSE,,1.02,0.88,1,0.47
MPLADS-01332,K. C VENUGOPAL,Kerala,ALAPPUZHA,"Railways, Roads, Pathways & Bridges",Municipal Corporation,856000,981000,487000,1,06-05-2023,09-08-2023,,In Progress,TRUE,TRUE,FALSE,,1.15,0.5,662,1.51
MPLADS-01333,K. C VENUGOPAL,Kerala,ALAPPUZHA,Education,District PWD,926000,836000,652800,2,07-04-2024,14-12-2024,,In Progress,TRUE,TRUE,FALSE,,0.9,0.78,169,0.18
MPLADS-01334,K. C VENUGOPAL,Kerala,ALAPPUZHA,Other Public Facilities,Zila Parishad,519000,556000,0,0,12-07-2023,14-04-2024,,Not Started,TRUE,TRUE,FALSE,,1.07,0,413,-0.55
MPLADS-01335,K. C VENUGOPAL,Kerala,ALAPPUZHA,Others,District PWD,873000,795000,131500,0,23-10-2023,29-05-2024,,Stalled,TRUE,TRUE,FALSE,,0.91,0.17,368,0.76
MPLADS-01336,K. C VENUGOPAL,Kerala,ALAPPUZHA,Education,Cooperative Society,686000,785000,633200,2,14-12-2024,07-04-2025,30-05-2025,Completed,TRUE,TRUE,TRUE,duplicate_work,1.14,0.81,53,-0.14
MPLADS-01337,K. C VENUGOPAL,Kerala,ALAPPUZHA,Other Public Facilities,Zila Parishad,876000,867000,765700,3,24-01-2023,20-08-2023,01-09-2023,Completed,TRUE,TRUE,FALSE,,0.99,0.88,12,0.1
MPLADS-01338,K. C VENUGOPAL,Kerala,ALAPPUZHA,"Railways, Roads, Pathways & Bridges",Municipal Corporation,530000,534000,448700,2,30-04-2024,25-08-2024,23-09-2024,Completed,TRUE,TRUE,FALSE,,1.01,0.84,29,-1.36
MPLADS-01339,K. C VENUGOPAL,Kerala,ALAPPUZHA,Sanitation & Public Health,State Rural Dev Agency,482000,472000,391200,3,13-07-2023,14-04-2024,02-05-2024,Completed,TRUE,TRUE,FALSE,,0.98,0.83,18,-1.39
MPLADS-01340,K. RAJASHEKAR BASAVARAJ HITNAL,Karnataka,KOPPAL,Others,Municipal Corporation,541000,616000,519500,3,22-10-2024,03-02-2025,11-03-2025,Completed,TRUE,TRUE,FALSE,,1.14,0.84,36,0.04
MPLADS-01341,K. RAJASHEKAR BASAVARAJ HITNAL,Karnataka,KOPPAL,Drinking Water Facility,Gram Panchayat,516000,555000,119600,1,12-05-2024,01-10-2024,,In Progress,TRUE,TRUE,FALSE,,1.08,0.22,243,-0.7
MPLADS-01342,K. RAJASHEKAR BASAVARAJ HITNAL,Karnataka,KOPPAL,"Railways, Roads, Pathways & Bridges",Zila Parishad,506000,486000,421500,3,13-04-2024,02-11-2024,01-11-2024,Completed,TRUE,TRUE,FALSE,,0.96,0.87,-1,-1.51
MPLADS-01343,K. RAJASHEKAR BASAVARAJ HITNAL,Karnataka,KOPPAL,Other Public Facilities,District PWD,722000,754000,658500,2,24-09-2023,16-01-2024,20-02-2024,Completed,TRUE,TRUE,FALSE,,1.04,0.87,35,0.29
MPLADS-01344,K. RAJASHEKAR BASAVARAJ HITNAL,Karnataka,KOPPAL,Education,Zila Parishad,570000,635000,610800,4,01-06-2023,03-10-2023,28-10-2023,Not Started,TRUE,TRUE,TRUE,ghost_project,1.11,0.96,25,-0.23
MPLADS-01345,K. RAJASHEKAR BASAVARAJ HITNAL,Karnataka,KOPPAL,Other Public Facilities,Cooperative Society,804000,811000,376100,1,29-12-2024,10-08-2025,,In Progress,TRUE,TRUE,FALSE,,1.01,0.46,0,0.51
MPLADS-01346,K. RAJASHEKAR BASAVARAJ HITNAL,Karnataka,KOPPAL,Other Public Facilities,District PWD,713000,661000,203500,1,10-12-2024,21-10-2025,,Stalled,TRUE,TRUE,FALSE,,0.93,0.31,0,-0.08
MPLADS-01347,K. RAJASHEKAR BASAVARAJ HITNAL,Karnataka,KOPPAL,"Railways, Roads, Pathways & Bridges",Municipal Corporation,754000,750000,237500,1,12-02-2023,09-06-2023,,Stalled,TRUE,TRUE,FALSE,,0.99,0.32,723,0.62
MPLADS-01348,K. RAJASHEKAR BASAVARAJ HITNAL,Karnataka,KOPPAL,Others,Municipal Corporation,788000,710000,614400,2,08-07-2023,18-01-2024,03-03-2024,Completed,TRUE,TRUE,FALSE,,0.9,0.87,45,0.78
MPLADS-01349,KADIYAM KAVYA,Telangana,WARANGEL(SC),Drinking Water Facility,Municipal Corporation,401000,439000,386400,4,01-06-2023,02-04-2024,08-05-2024,Completed,TRUE,TRUE,FALSE,,1.09,0.88,36,1.5
MPLADS-01350,KADIYAM KAVYA,Telangana,WARANGEL(SC),"Railways, Roads, Pathways & Bridges",Zila Parishad,250000,286000,74800,1,05-05-2023,28-03-2024,,Stalled,TRUE,TRUE,FALSE,,1.14,0.26,430,-0.77
MPLADS-01351,KADIYAM KAVYA,Telangana,WARANGEL(SC),Others,State Rural Dev Agency,341000,362000,189400,1,14-04-2024,09-12-2024,,Stalled,TRUE,TRUE,FALSE,,1.06,0.52,174,0.77
MPLADS-01352,KADIYAM KAVYA,Telangana,WARANGEL(SC),Drinking Water Facility,Municipal Corporation,259000,251000,214300,4,03-06-2024,14-10-2024,10-10-2024,Completed,TRUE,TRUE,FALSE,,0.97,0.85,-4,-0.75
MPLADS-01353,KADIYAM KAVYA,Telangana,WARANGEL(SC),"Railways, Roads, Pathways & Bridges",Gram Panchayat,281000,294000,195600,2,10-08-2024,24-04-2025,,In Progress,TRUE,TRUE,FALSE,,1.05,0.67,38,-0.66
MPLADS-01354,KADIYAM KAVYA,Telangana,WARANGEL(SC),"Railways, Roads, Pathways & Bridges",Zila Parishad,285000,323000,172400,2,13-12-2023,25-10-2024,,In Progress,TRUE,TRUE,FALSE,,1.13,0.53,219,-0.28
MPLADS-01355,KADIYAM KAVYA,Telangana,WARANGEL(SC),"Railways, Roads, Pathways & Bridges",Zila Parishad,314000,327000,294300,2,25-11-2024,15-04-2025,,In Progress,TRUE,TRUE,FALSE,,1.04,0.9,47,-0.23
MPLADS-01356,KADIYAM KAVYA,Telangana,WARANGEL(SC),Other Public Facilities,Zila Parishad,407000,399000,317000,3,01-04-2024,15-02-2025,04-02-2025,Completed,TRUE,TRUE,FALSE,,0.98,0.79,-11,0.45
MPLADS-01357,Kakoli Ghosh Dastidar,West Bengal,BARASAT,"Railways, Roads, Pathways & Bridges",Zila Parishad,651000,660000,501900,3,20-08-2024,20-02-2025,,In Progress,TRUE,TRUE,FALSE,,1.01,0.76,101,-0.09
MPLADS-01358,Kakoli Ghosh Dastidar,West Bengal,BARASAT,Others,District PWD,549000,592000,526500,3,24-01-2023,10-08-2023,13-09-2023,Completed,TRUE,TRUE,FALSE,,1.08,0.89,34,-0.51
MPLADS-01359,Kakoli Ghosh Dastidar,West Bengal,BARASAT,Others,State Rural Dev Agency,750000,854000,718500,2,08-06-2024,23-04-2025,14-06-2025,Completed,TRUE,TRUE,FALSE,,1.14,0.84,52,1.47
MPLADS-01360,Kakoli Ghosh Dastidar,West Bengal,BARASAT,Education,Gram Panchayat,442000,456000,198300,1,27-02-2023,13-10-2023,,Stalled,TRUE,TRUE,FALSE,,1.03,0.43,597,-1.49
MPLADS-01361,Kakoli Ghosh Dastidar,West Bengal,BARASAT,Others,Municipal Corporation,829000,780000,708600,3,14-01-2024,23-07-2024,05-08-2024,Completed,FALSE,TRUE,FALSE,,0.94,0.91,13,0.91
MPLADS-01362,Kalaben Mohanbhai Delkar,The Dadra And Nagar Haveli And Daman And Diu,DADRA & NAGAR HAVELI (ST),Drinking Water Facility,Gram Panchayat,1311000,1262000,0,0,01-04-2024,07-01-2025,,Not Started,TRUE,TRUE,TRUE,duplicate_work,0.96,0,145,-0.69
MPLADS-01363,Kalaben Mohanbhai Delkar,The Dadra And Nagar Haveli And Daman And Diu,DADRA & NAGAR HAVELI (ST),"Railways, Roads, Pathways & Bridges",Gram Panchayat,1015000,1129000,0,0,01-03-2024,01-06-2024,,Not Started,TRUE,TRUE,FALSE,,1.11,0,365,-0.96
MPLADS-01364,Kalaben Mohanbhai Delkar,The Dadra And Nagar Haveli And Daman And Diu,DADRA & NAGAR HAVELI (ST),Other Public Facilities,Zila Parishad,1278000,1229000,1011100,1,29-02-2024,31-05-2024,30-05-2024,Completed,TRUE,TRUE,FALSE,,0.96,0.82,-1,-0.22
MPLADS-01365,Kalaben Mohanbhai Delkar,The Dadra And Nagar Haveli And Daman And Diu,DADRA & NAGAR HAVELI (ST),Other Public Facilities,District PWD,1128000,1164000,485700,1,07-11-2023,16-07-2024,,In Progress,TRUE,TRUE,FALSE,,1.03,0.42,320,-0.48
MPLADS-01366,Kalaben Mohanbhai Delkar,The Dadra And Nagar Haveli And Daman And Diu,DADRA & NAGAR HAVELI (ST),Education,Municipal Corporation,1405000,1445000,0,0,27-08-2024,09-06-2025,,Not Started,TRUE,TRUE,FALSE,,1.03,0,0,0.71
MPLADS-01367,Kalaben Mohanbhai Delkar,The Dadra And Nagar Haveli And Daman And Diu,DADRA & NAGAR HAVELI (ST),"Railways, Roads, Pathways & Bridges",Zila Parishad,1505000,1478000,1340200,3,29-02-2024,27-09-2024,28-10-2024,Completed,TRUE,TRUE,FALSE,,0.98,0.91,31,1.03
MPLADS-01368,Kalaben Mohanbhai Delkar,The Dadra And Nagar Haveli And Daman And Diu,DADRA & NAGAR HAVELI (ST),Other Public Facilities,District PWD,1493000,1620000,1440400,2,24-07-2023,03-05-2024,25-05-2024,Completed,TRUE,TRUE,FALSE,,1.09,0.89,22,1.33
MPLADS-01369,Kalanidhi Veeraswamy,Tamil Nadu,CHENNAI NORTH,Other Public Facilities,Gram Panchayat,1065000,1212000,0,0,06-11-2023,18-02-2024,,Not Started,TRUE,TRUE,FALSE,,1.14,0,469,0.44
MPLADS-01370,Kalanidhi Veeraswamy,Tamil Nadu,CHENNAI NORTH,Education,Cooperative Society,806000,744000,646300,2,18-08-2023,18-04-2024,06-05-2024,Completed,FALSE,TRUE,FALSE,,0.92,0.87,18,-0.62
MPLADS-01371,Kalanidhi Veeraswamy,Tamil Nadu,CHENNAI NORTH,Other Public Facilities,Gram Panchayat,1052000,1149000,771800,3,13-10-2024,16-09-2025,,In Progress,TRUE,TRUE,FALSE,,1.09,0.67,0,0.3
MPLADS-01372,Kalanidhi Veeraswamy,Tamil Nadu,CHENNAI NORTH,"Railways, Roads, Pathways & Bridges",District PWD,702000,708000,405300,2,03-07-2023,19-01-2024,,In Progress,TRUE,TRUE,FALSE,,1.01,0.57,499,-0.84
MPLADS-01373,Kalanidhi Veeraswamy,Tamil Nadu,CHENNAI NORTH,Other Public Facilities,Municipal Corporation,1059000,1088000,570800,2,11-10-2023,06-02-2024,,In Progress,TRUE,TRUE,FALSE,,1.03,0.52,481,0.16
MPLADS-01374,KALI CHARAN MUNDA,Jharkhand,KHUNTI(ST),"Railways, Roads, Pathways & Bridges",Cooperative Society,471000,524000,277300,2,18-08-2024,15-03-2025,,In Progress,TRUE,TRUE,FALSE,,1.11,0.53,78,1.15
MPLADS-01375,KALI CHARAN MUNDA,Jharkhand,KHUNTI(ST),Other Public Facilities,Cooperative Society,450000,500000,138200,1,02-05-2024,20-10-2024,,Stalled,TRUE,TRUE,FALSE,,1.11,0.28,224,-0.15
MPLADS-01376,KALI CHARAN MUNDA,Jharkhand,KHUNTI(ST),Others,Zila Parishad,525000,489000,409300,4,12-08-2024,24-06-2025,06-07-2025,Completed,TRUE,TRUE,FALSE,,0.93,0.84,12,1.2
MPLADS-01377,KALI CHARAN SINGH,Jharkhand,CHATRA,"Railways, Roads, Pathways & Bridges",District PWD,491000,519000,259400,2,24-11-2023,13-06-2024,,In Progress,TRUE,TRUE,FALSE,,1.06,0.5,353,1.1
MPLADS-01378,KALI CHARAN SINGH,Jharkhand,CHATRA,Sanitation & Public Health,District PWD,445000,411000,340700,2,07-10-2023,14-05-2024,10-05-2024,Completed,TRUE,TRUE,FALSE,,0.92,0.83,-4,0.34
MPLADS-01379,KALI CHARAN SINGH,Jharkhand,CHATRA,Other Public Facilities,Zila Parishad,528000,528000,458700,4,24-10-2023,19-03-2024,19-04-2024,Completed,TRUE,TRUE,TRUE,duplicate_work,1,0.87,31,-0.07
MPLADS-01380,KALI CHARAN SINGH,Jharkhand,CHATRA,Sanitation & Public Health,State Rural Dev Agency,484000,453000,397700,3,05-10-2024,08-04-2025,19-04-2025,Completed,TRUE,TRUE,FALSE,,0.94,0.88,11,0.81
MPLADS-01381,KALI CHARAN SINGH,Jharkhand,CHATRA,Others,Municipal Corporation,518000,484000,0,0,27-11-2023,12-04-2024,,Not Started,TRUE,TRUE,FALSE,,0.93,0,415,1.12
MPLADS-01382,KALI CHARAN SINGH,Jharkhand,CHATRA,"Railways, Roads, Pathways & Bridges",State Rural Dev Agency,446000,502000,279600,1,05-10-2023,23-09-2024,,In Progress,TRUE,TRUE,FALSE,,1.13,0.56,251,0.92
MPLADS-01383,KALIPADA SAREN,West Bengal,JHARGRAM(ST),Others,Municipal Corporation,626000,682000,0,0,27-12-2023,18-10-2024,,Not Started,FALSE,TRUE,FALSE,,1.09,0,226,0.17
MPLADS-01384,KALIPADA SAREN,West Bengal,JHARGRAM(ST),Other Public Facilities,Zila Parishad,821000,836000,729500,1,11-05-2024,25-04-2025,23-04-2025,Completed,TRUE,TRUE,FALSE,,1.02,0.87,-2,0.68
MPLADS-01385,KALIPADA SAREN,West Bengal,JHARGRAM(ST),Others,State Rural Dev Agency,801000,920000,586100,2,08-06-2023,10-03-2024,,In Progress,TRUE,TRUE,FALSE,,1.15,0.64,448,1.96
MPLADS-01386,KALIPADA SAREN,West Bengal,JHARGRAM(ST),Others,Cooperative Society,621000,643000,499400,2,20-09-2024,20-04-2025,,In Progress,TRUE,TRUE,FALSE,,1.04,0.78,42,-0.13
MPLADS-01387,KALIPADA SAREN,West Bengal,JHARGRAM(ST),Drinking Water Facility,District PWD,454000,509000,225700,0,18-07-2024,15-02-2025,,In Progress,TRUE,TRUE,FALSE,,1.12,0.44,106,-0.65
MPLADS-01388,KALIPADA SAREN,West Bengal,JHARGRAM(ST),"Railways, Roads, Pathways & Bridges",Municipal Corporation,739000,683000,0,0,30-04-2023,03-04-2024,,Not Started,TRUE,TRUE,FALSE,,0.92,0,424,-0.01
MPLADS-01389,Kalyan Banerjee,West Bengal,SREERAMPUR,Other Public Facilities,State Rural Dev Agency,813000,857000,739600,2,08-12-2024,28-04-2025,30-04-2025,Completed,TRUE,FALSE,TRUE,no_mp_recommendation,1.05,0.86,2,0.76
MPLADS-01390,Kalyan Banerjee,West Bengal,SREERAMPUR,Others,District PWD,541000,586000,0,0,19-06-2024,15-01-2025,,Not Started,TRUE,TRUE,FALSE,,1.08,0,137,-0.56
MPLADS-01391,KALYAN VAIJINATHRAO KALE,Maharashtra,JALNA,Others,Zila Parishad,455000,510000,192700,2,02-05-2023,03-02-2023,05-05-2024,Stalled,TRUE,TRUE,TRUE,delayed_stalled,1.12,0.38,457,-0.46
MPLADS-01392,KALYAN VAIJINATHRAO KALE,Maharashtra,JALNA,"Railways, Roads, Pathways & Bridges",Cooperative Society,551000,519000,436700,3,11-11-2023,05-11-2024,24-10-2024,Completed,TRUE,TRUE,FALSE,,0.94,0.84,-12,-0.63
MPLADS-01393,KALYAN VAIJINATHRAO KALE,Maharashtra,JALNA,Other Public Facilities,District PWD,587000,625000,235500,3,25-04-2023,20-07-2022,17-09-2023,Stalled,TRUE,TRUE,TRUE,delayed_stalled,1.06,0.38,424,0.06
MPLADS-01394,KALYAN VAIJINATHRAO KALE,Maharashtra,JALNA,Others,District PWD,396000,385000,324700,2,21-07-2023,11-12-2023,22-11-2023,Completed,TRUE,TRUE,FALSE,,0.97,0.84,-19,-1.15
MPLADS-01395,KALYAN VAIJINATHRAO KALE,Maharashtra,JALNA,Other Public Facilities,Cooperative Society,470000,483000,371400,2,25-04-2024,25-03-2025,29-04-2025,Completed,TRUE,TRUE,FALSE,,1.03,0.77,35,-0.53
MPLADS-01396,KAMAKHYA PRASAD TASA,Assam,Kaziranga,Other Public Facilities,Zila Parishad,450000,740000,0,0,11-01-2023,03-06-2023,,Not Started,FALSE,TRUE,TRUE,no_tender_high_value,1.64,0,729,2.38
MPLADS-01397,KAMAKHYA PRASAD TASA,Assam,Kaziranga,Other Public Facilities,District PWD,372000,384000,26700,0,24-08-2024,26-03-2025,,Stalled,TRUE,TRUE,FALSE,,1.03,0.07,67,-0.92
MPLADS-01398,KAMAKHYA PRASAD TASA,Assam,Kaziranga,Others,Municipal Corporation,566000,573000,0,0,30-05-2023,01-09-2023,,Not Started,TRUE,TRUE,FALSE,,1.01,0,639,0.69
MPLADS-01399,KAMAKHYA PRASAD TASA,Assam,Kaziranga,Other Public Facilities,Zila Parishad,472000,502000,441000,2,27-12-2023,07-05-2024,07-06-2024,Completed,TRUE,TRUE,FALSE,,1.06,0.88,31,0.18
MPLADS-01400,KAMAKHYA PRASAD TASA,Assam,Kaziranga,Other Public Facilities,District PWD,317000,318000,94900,0,01-06-2024,11-03-2025,,In Progress,TRUE,TRUE,FALSE,,1,0.3,82,-1.53
MPLADS-01401,KAMAKHYA PRASAD TASA,Assam,Kaziranga,Other Public Facilities,State Rural Dev Agency,494000,517000,421700,3,25-06-2024,29-12-2024,16-01-2025,Completed,TRUE,TRUE,FALSE,,1.05,0.82,18,0.32
MPLADS-01402,KAMAKHYA PRASAD TASA,Assam,Kaziranga,Education,State Rural Dev Agency,364000,347000,155000,1,05-01-2023,06-04-2023,,Stalled,TRUE,TRUE,FALSE,,0.95,0.45,787,-0.69
MPLADS-01403,Kamaljeet Sehrawat,Delhi,WEST DELHI,"Railways, Roads, Pathways & Bridges",Cooperative Society,1623000,1751000,819200,2,25-12-2024,27-06-2025,,In Progress,TRUE,TRUE,FALSE,,1.08,0.47,0,-1.12
MPLADS-01404,Kamaljeet Sehrawat,Delhi,WEST DELHI,"Railways, Roads, Pathways & Bridges",Zila Parishad,1888000,1860000,1686000,3,20-04-2023,08-11-2023,15-11-2023,Completed,TRUE,TRUE,FALSE,,0.99,0.91,7,-0.9
MPLADS-01405,Kamaljeet Sehrawat,Delhi,WEST DELHI,"Railways, Roads, Pathways & Bridges",District PWD,2174000,2412000,1943800,3,10-06-2024,26-09-2024,20-11-2024,Completed,TRUE,TRUE,FALSE,,1.11,0.81,55,0.18
MPLADS-01406,Kamaljeet Sehrawat,Delhi,WEST DELHI,Other Public Facilities,Cooperative Society,2646000,2882000,2241800,3,22-04-2024,22-08-2024,07-10-2024,Completed,TRUE,FALSE,TRUE,no_mp_recommendation,1.09,0.78,46,0.79
MPLADS-01407,Kamaljeet Sehrawat,Delhi,WEST DELHI,Other Public Facilities,District PWD,3041000,3269000,1724500,1,23-10-2023,16-03-2024,,In Progress,FALSE,TRUE,FALSE,,1.07,0.53,442,1.64
MPLADS-01408,Kamaljeet Sehrawat,Delhi,WEST DELHI,Others,Gram Panchayat,1816000,1951000,1386300,3,30-01-2024,15-09-2024,29-08-2024,Completed,TRUE,TRUE,FALSE,,1.07,0.71,-17,-0.96
MPLADS-01409,Kamaljeet Sehrawat,Delhi,WEST DELHI,Other Public Facilities,Zila Parishad,2452000,2347000,853500,1,20-08-2023,21-12-2023,,In Progress,TRUE,TRUE,FALSE,,0.96,0.36,528,-0.38
MPLADS-01410,Kamaljeet Sehrawat,Delhi,WEST DELHI,Others,Municipal Corporation,2534000,2844000,0,0,13-03-2023,06-12-2023,,Not Started,TRUE,TRUE,FALSE,,1.12,0,543,1.03
MPLADS-01411,KAMLESH JANGDE,Chhattisgarh,JANJGIR CHAMPA(SC),Drinking Water Facility,Gram Panchayat,429000,453000,368200,2,03-07-2023,06-05-2024,08-05-2024,Completed,TRUE,TRUE,FALSE,,1.06,0.81,2,-0.29
MPLADS-01412,KAMLESH JANGDE,Chhattisgarh,JANJGIR CHAMPA(SC),Other Public Facilities,Gram Panchayat,354000,391000,231200,1,24-03-2024,05-12-2024,,In Progress,TRUE,TRUE,FALSE,,1.1,0.59,178,-1.17
MPLADS-01413,KAMLESH JANGDE,Chhattisgarh,JANJGIR CHAMPA(SC),Drinking Water Facility,Zila Parishad,339000,387000,260800,2,15-02-2024,25-05-2024,,In Progress,TRUE,TRUE,FALSE,,1.14,0.67,372,-0.82
MPLADS-01414,KAMLESH JANGDE,Chhattisgarh,JANJGIR CHAMPA(SC),Sanitation & Public Health,Gram Panchayat,427000,391000,341600,2,08-03-2023,24-11-2023,20-12-2023,Completed,TRUE,TRUE,FALSE,,0.92,0.87,26,-0.62
MPLADS-01415,KAMLESH JANGDE,Chhattisgarh,JANJGIR CHAMPA(SC),Education,Cooperative Society,482000,446000,373400,1,06-05-2023,16-04-2024,25-04-2024,Completed,TRUE,TRUE,FALSE,,0.93,0.84,9,-0.19
MPLADS-01416,KAMLESH JANGDE,Chhattisgarh,JANJGIR CHAMPA(SC),Education,Gram Panchayat,500000,514000,307700,2,18-08-2024,25-05-2025,,In Progress,TRUE,TRUE,FALSE,,1.03,0.6,7,0.57
MPLADS-01417,KAMLESH JANGDE,Chhattisgarh,JANJGIR CHAMPA(SC),"Railways, Roads, Pathways & Bridges",Gram Panchayat,580000,535000,312100,1,31-12-2023,14-11-2024,,In Progress,TRUE,TRUE,FALSE,,0.92,0.58,199,-0.03
MPLADS-01418,KAMLESH JANGDE,Chhattisgarh,JANJGIR CHAMPA(SC),Other Public Facilities,Municipal Corporation,360000,330000,283000,3,07-06-2024,03-11-2024,25-10-2024,Completed,TRUE,TRUE,FALSE,,0.92,0.86,-9,-1.78
MPLADS-01419,KAMLESH JANGDE,Chhattisgarh,JANJGIR CHAMPA(SC),Other Public Facilities,District PWD,517000,544000,172600,1,16-05-2024,05-12-2024,,In Progress,TRUE,TRUE,FALSE,,1.05,0.32,178,0.35
MPLADS-01420,Kamlesh Paswan,Uttar Pradesh,BANSGAON(SC),Other Public Facilities,Zila Parishad,278000,312000,0,0,24-02-2023,16-01-2024,,Not Started,TRUE,FALSE,FALSE,,1.12,0,502,-0.43
MPLADS-01421,Kamlesh Paswan,Uttar Pradesh,BANSGAON(SC),"Railways, Roads, Pathways & Bridges",State Rural Dev Agency,346000,364000,249000,2,27-01-2024,10-07-2024,,In Progress,TRUE,TRUE,FALSE,,1.05,0.68,326,0
MPLADS-01422,Kamlesh Paswan,Uttar Pradesh,BANSGAON(SC),"Railways, Roads, Pathways & Bridges",Gram Panchayat,404000,1241000,1046800,0,09-04-2023,22-02-2024,,Not Started,TRUE,TRUE,TRUE,cost_overrun,3.07,0.84,465,6.94
MPLADS-01423,Kangana Ranaut,Himachal Pradesh,MANDI,Others,Municipal Corporation,336000,305000,283400,3,22-04-2024,26-07-2024,24-08-2024,Completed,TRUE,TRUE,FALSE,,0.91,0.93,29,-0.97
MPLADS-01424,Kangana Ranaut,Himachal Pradesh,MANDI,Education,District PWD,370000,969000,927300,1,09-07-2024,12-04-2025,28-03-2025,Completed,TRUE,TRUE,TRUE,cost_overrun,2.62,0.96,-15,0
MPLADS-01425,Kangana Ranaut,Himachal Pradesh,MANDI,Others,Gram Panchayat,521000,521000,0,0,16-03-2024,24-12-2024,,Not Started,TRUE,TRUE,FALSE,,1,0,159,0.97
MPLADS-01426,Kangana Ranaut,Himachal Pradesh,MANDI,Other Public Facilities,Municipal Corporation,368000,379000,190300,1,29-03-2024,07-11-2024,,In Progress,FALSE,TRUE,TRUE,duplicate_work,1.03,0.5,206,-0.88
MPLADS-01427,Kangana Ranaut,Himachal Pradesh,MANDI,Others,Gram Panchayat,327000,307000,254100,4,24-12-2024,29-08-2025,30-09-2025,Completed,TRUE,TRUE,FALSE,,0.94,0.83,32,-0.95
MPLADS-01428,Kangana Ranaut,Himachal Pradesh,MANDI,"Railways, Roads, Pathways & Bridges",State Rural Dev Agency,467000,507000,0,0,14-05-2024,13-12-2024,,Not Started,TRUE,TRUE,FALSE,,1.09,0,170,1.36
MPLADS-01429,Kangana Ranaut,Himachal Pradesh,MANDI,Other Public Facilities,Zila Parishad,409000,426000,89500,0,02-12-2024,08-09-2025,,In Progress,TRUE,TRUE,FALSE,,1.04,0.21,0,-0.45
MPLADS-01430,Kani K Navas,Tamil Nadu,RAMANATHAPURAM,"Railways, Roads, Pathways & Bridges",Gram Panchayat,1132000,1211000,1025300,3,02-06-2024,28-02-2025,29-03-2025,Completed,TRUE,TRUE,FALSE,,1.07,0.85,29,0.64
MPLADS-01431,Kani K Navas,Tamil Nadu,RAMANATHAPURAM,Education,District PWD,1166000,1253000,962400,2,23-09-2024,02-03-2025,,In Progress,TRUE,TRUE,FALSE,,1.07,0.77,91,0.53
MPLADS-01432,Kani K Navas,Tamil Nadu,RAMANATHAPURAM,Sanitation & Public Health,Cooperative Society,689000,722000,519600,2,29-01-2023,24-07-2023,,In Progress,TRUE,TRUE,FALSE,,1.05,0.72,678,-1.71
MPLADS-01433,Kani K Navas,Tamil Nadu,RAMANATHAPURAM,Education,District PWD,916000,979000,848200,4,20-08-2024,09-08-2025,09-08-2025,Completed,TRUE,TRUE,FALSE,,1.07,0.87,0,-0.09
MPLADS-01434,Kanimozhi Karunanidhi,Tamil Nadu,THOOTHUKKUDI,Other Public Facilities,Cooperative Society,696000,708000,658200,4,14-03-2024,26-01-2025,08-01-2025,Completed,TRUE,TRUE,FALSE,,1.02,0.93,-18,-0.7
MPLADS-01435,Kanimozhi Karunanidhi,Tamil Nadu,THOOTHUKKUDI,Others,Cooperative Society,974000,939000,770600,3,08-09-2023,17-08-2024,28-09-2024,Completed,TRUE,TRUE,FALSE,,0.96,0.82,42,0.67
MPLADS-01436,Kanimozhi Karunanidhi,Tamil Nadu,THOOTHUKKUDI,Other Public Facilities,State Rural Dev Agency,1165000,1256000,0,0,09-03-2023,16-09-2023,,Not Started,TRUE,TRUE,FALSE,,1.08,0,624,0.54
MPLADS-01437,Kanimozhi Karunanidhi,Tamil Nadu,THOOTHUKKUDI,"Railways, Roads, Pathways & Bridges",State Rural Dev Agency,839000,840000,729600,3,30-11-2023,13-04-2024,26-03-2024,Completed,TRUE,TRUE,FALSE,,1,0.87,-18,-0.45
MPLADS-01438,Kanimozhi Karunanidhi,Tamil Nadu,THOOTHUKKUDI,Others,Municipal Corporation,815000,856000,689900,3,07-03-2024,17-02-2025,11-02-2025,Completed,TRUE,TRUE,FALSE,,1.05,0.81,-6,0.13
MPLADS-01439,Kanimozhi Karunanidhi,Tamil Nadu,THOOTHUKKUDI,Other Public Facilities,Gram Panchayat,659000,735000,417700,2,22-01-2024,30-11-2024,,In Progress,TRUE,TRUE,FALSE,,1.12,0.57,183,-0.64
MPLADS-01440,Kanimozhi Karunanidhi,Tamil Nadu,THOOTHUKKUDI,Sanitation & Public Health,Cooperative Society,767000,865000,460500,1,13-04-2023,21-10-2023,,In Progress,TRUE,TRUE,FALSE,,1.13,0.53,589,-0.98
MPLADS-01441,Kanimozhi Karunanidhi,Tamil Nadu,THOOTHUKKUDI,"Railways, Roads, Pathways & Bridges",Zila Parishad,927000,929000,740000,3,14-12-2023,27-05-2024,18-05-2024,Completed,TRUE,TRUE,FALSE,,1,0.8,-9,-0.19
MPLADS-01442,Kanimozhi Karunanidhi,Tamil Nadu,THOOTHUKKUDI,Other Public Facilities,State Rural Dev Agency,843000,949000,339700,1,23-05-2024,22-01-2025,,In Progress,TRUE,TRUE,FALSE,,1.13,0.36,130,-0.15
MPLADS-01443,KANWAR SINGH TANWAR,Uttar Pradesh,AMROHA,Other Public Facilities,Gram Panchayat,422000,457000,396100,2,08-08-2023,04-08-2024,05-08-2024,Completed,FALSE,TRUE,FALSE,,1.08,0.87,1,0.41
MPLADS-01444,KANWAR SINGH TANWAR,Uttar Pradesh,AMROHA,Other Public Facilities,State Rural Dev Agency,255000,280000,182100,1,20-08-2023,12-04-2024,,In Progress,TRUE,TRUE,FALSE,,1.1,0.65,415,-0.61
MPLADS-01445,KANWAR SINGH TANWAR,Uttar Pradesh,AMROHA,Other Public Facilities,State Rural Dev Agency,379000,361000,310000,3,08-04-2023,15-07-2023,,In Progress,TRUE,TRUE,FALSE,,0.95,0.86,687,-0.14
MPLADS-01446,KANWAR SINGH TANWAR,Uttar Pradesh,AMROHA,Others,Municipal Corporation,353000,384000,292300,1,01-05-2024,27-11-2024,05-01-2025,Completed,TRUE,TRUE,FALSE,,1.09,0.76,39,0.33
MPLADS-01447,KANWAR SINGH TANWAR,Uttar Pradesh,AMROHA,Education,Zila Parishad,378000,342000,0,0,31-05-2024,15-03-2025,,Not Started,TRUE,TRUE,FALSE,,0.9,0,78,-0.26
MPLADS-01448,KANWAR SINGH TANWAR,Uttar Pradesh,AMROHA,Education,State Rural Dev Agency,335000,373000,339100,3,29-02-2024,28-12-2024,31-12-2024,Completed,TRUE,TRUE,FALSE,,1.11,0.91,3,-0.11
MPLADS-01449,KARAN BHUSHAN SINGH,Uttar Pradesh,KAISERGANJ,Other Public Facilities,Zila Parishad,340000,335000,0,0,04-07-2023,26-05-2024,,Not Started,TRUE,TRUE,FALSE,,0.99,0,371,-0.29
MPLADS-01450,KARAN BHUSHAN SINGH,Uttar Pradesh,KAISERGANJ,"Railways, Roads, Pathways & Bridges",Gram Panchayat,372000,369000,149600,1,13-08-2024,05-03-2025,,In Progress,TRUE,TRUE,FALSE,,0.99,0.41,88,0.04
MPLADS-01451,KARAN BHUSHAN SINGH,Uttar Pradesh,KAISERGANJ,"Railways, Roads, Pathways & Bridges",Gram Panchayat,449000,424000,73500,0,02-10-2023,30-06-2024,,Stalled,TRUE,TRUE,FALSE,,0.94,0.17,336,0.48
MPLADS-01452,KARAN BHUSHAN SINGH,Uttar Pradesh,KAISERGANJ,Other Public Facilities,Gram Panchayat,407000,400000,280700,1,02-08-2024,26-03-2025,,In Progress,TRUE,TRUE,FALSE,,0.98,0.7,67,0.08
MPLADS-01453,KARAN BHUSHAN SINGH,Uttar Pradesh,KAISERGANJ,"Railways, Roads, Pathways & Bridges",Gram Panchayat,343000,316000,270900,4,01-06-2023,17-04-2024,24-05-2024,Completed,TRUE,TRUE,FALSE,,0.92,0.86,37,-0.38
MPLADS-01454,KARAN BHUSHAN SINGH,Uttar Pradesh,KAISERGANJ,Other Public Facilities,Zila Parishad,370000,423000,366500,3,25-02-2024,17-11-2024,31-10-2024,Completed,TRUE,TRUE,FALSE,,1.14,0.87,-17,0.21
MPLADS-01455,KARAN BHUSHAN SINGH,Uttar Pradesh,KAISERGANJ,Others,Cooperative Society,415000,434000,374700,2,27-02-2024,27-11-2024,25-01-2025,Completed,TRUE,TRUE,FALSE,,1.05,0.86,59,0.97
MPLADS-01456,KARAN BHUSHAN SINGH,Uttar Pradesh,KAISERGANJ,Other Public Facilities,District PWD,372000,349000,285300,1,07-09-2024,31-01-2025,01-03-2025,Completed,TRUE,TRUE,FALSE,,0.94,0.82,29,-0.21
MPLADS-01457,KARAN BHUSHAN SINGH,Uttar Pradesh,KAISERGANJ,"Railways, Roads, Pathways & Bridges",Gram Panchayat,424000,416000,0,0,09-09-2023,20-04-2024,,Not Started,TRUE,TRUE,FALSE,,0.98,0,407,0.42
MPLADS-01458,KARTICK CHANDRA PAUL,West Bengal,RAIGANJ,Education,Zila Parishad,495000,533000,287200,2,08-03-2024,04-12-2024,,In Progress,FALSE,TRUE,FALSE,,1.08,0.54,179,-0.96
MPLADS-01459,KARTICK CHANDRA PAUL,West Bengal,RAIGANJ,Education,Zila Parishad,625000,573000,442300,3,30-01-2023,18-08-2023,28-09-2023,Completed,TRUE,TRUE,FALSE,,0.92,0.77,41,-0.69
MPLADS-01460,KARTICK CHANDRA PAUL,West Bengal,RAIGANJ,Education,District PWD,617000,664000,0,0,21-10-2024,05-10-2025,,Not Started,TRUE,TRUE,FALSE,,1.08,0,0,-0.08
MPLADS-01461,KARTICK CHANDRA PAUL,West Bengal,RAIGANJ,Education,District PWD,779000,820000,0,0,26-02-2023,26-06-2023,,Not Started,TRUE,TRUE,FALSE,,1.05,0,706,0.98
MPLADS-01462,KARTICK CHANDRA PAUL,West Bengal,RAIGANJ,"Railways, Roads, Pathways & Bridges",Gram Panchayat,655000,676000,0,0,21-02-2024,16-01-2025,,Not Started,TRUE,TRUE,FALSE,,1.03,0,136,-0.03
MPLADS-01463,KARTICK CHANDRA PAUL,West Bengal,RAIGANJ,"Railways, Roads, Pathways & Bridges",District PWD,534000,597000,524400,3,24-05-2023,08-10-2023,22-10-2023,Completed,TRUE,TRUE,FALSE,,1.12,0.88,14,-0.33
MPLADS-01464,KARTICK CHANDRA PAUL,West Bengal,RAIGANJ,Education,State Rural Dev Agency,590000,657000,331600,2,18-06-2024,15-02-2025,,In Progress,TRUE,TRUE,FALSE,,1.11,0.5,106,-0.12
MPLADS-01465,KARTICK CHANDRA PAUL,West Bengal,RAIGANJ,Others,Municipal Corporation,825000,810000,479300,2,15-09-2023,31-08-2024,,In Progress,TRUE,TRUE,FALSE,,0.98,0.59,274,1.13
MPLADS-01466,Kaushalendra Kumar,Bihar,NALANDA,Others,Cooperative Society,527000,494000,0,0,04-12-2023,27-03-2024,,Not Started,TRUE,TRUE,FALSE,,0.94,0,431,-0.96
MPLADS-01467,Kaushalendra Kumar,Bihar,NALANDA,"Railways, Roads, Pathways & Bridges",Zila Parishad,475000,463000,120000,0,30-08-2023,13-02-2024,,Stalled,TRUE,TRUE,FALSE,,0.97,0.26,474,-0.69
MPLADS-01468,Kaushalendra Kumar,Bihar,NALANDA,Other Public Facilities,Gram Panchayat,734000,709000,694900,3,09-10-2023,14-03-2024,10-05-2024,Not Started,TRUE,TRUE,TRUE,ghost_project,0.97,0.98,57,0.2
MPLADS-01469,Kaushalendra Kumar,Bihar,NALANDA,Other Public Facilities,Gram Panchayat,549000,570000,428900,1,30-06-2024,16-04-2025,31-03-2025,Completed,TRUE,TRUE,FALSE,,1.04,0.75,-16,-0.47
MPLADS-01470,Kaushalendra Kumar,Bihar,NALANDA,Drinking Water Facility,Zila Parishad,472000,503000,185300,1,01-05-2024,26-09-2024,,In Progress,TRUE,TRUE,FALSE,,1.07,0.37,248,-0.53
MPLADS-01471,Kaushalendra Kumar,Bihar,NALANDA,"Railways, Roads, Pathways & Bridges",Cooperative Society,426000,389000,204600,1,07-01-2024,24-12-2024,,In Progress,TRUE,TRUE,FALSE,,0.91,0.53,159,-0.93
MPLADS-01472,Kaushalendra Kumar,Bihar,NALANDA,Other Public Facilities,District PWD,445000,413000,361300,2,12-09-2024,29-04-2025,16-05-2025,Completed,TRUE,TRUE,FALSE,,0.93,0.87,17,-1.23
MPLADS-01473,Kaushalendra Kumar,Bihar,NALANDA,Education,Gram Panchayat,811000,852000,358500,1,08-12-2024,14-08-2025,,Stalled,TRUE,TRUE,FALSE,,1.05,0.42,0,1.54
MPLADS-01474,Khagen Murmu,West Bengal,MALDAHA UTTAR,Other Public Facilities,Cooperative Society,446000,494000,322000,1,13-11-2023,20-03-2024,,In Progress,TRUE,TRUE,FALSE,,1.11,0.65,438,-0.65
MPLADS-01475,Khagen Murmu,West Bengal,MALDAHA UTTAR,Other Public Facilities,District PWD,569000,537000,368400,2,05-05-2023,26-03-2024,,In Progress,TRUE,TRUE,FALSE,,0.94,0.69,432,-0.49
MPLADS-01476,Khagen Murmu,West Bengal,MALDAHA UTTAR,Education,Zila Parishad,507000,505000,175300,1,07-02-2024,01-01-2025,,Stalled,TRUE,TRUE,FALSE,,1,0.35,151,-1.15
MPLADS-01477,Khagen Murmu,West Bengal,MALDAHA UTTAR,"Railways, Roads, Pathways & Bridges",Cooperative Society,511000,570000,480500,2,01-11-2023,17-05-2024,28-04-2024,Completed,TRUE,TRUE,FALSE,,1.12,0.84,-19,-0.43
MPLADS-01478,Khalilur Rahaman,West Bengal,JANGIPUR,Education,District PWD,763000,758000,0,0,21-11-2023,26-04-2024,,Not Started,TRUE,TRUE,FALSE,,0.99,0,401,0.56
MPLADS-01479,Khalilur Rahaman,West Bengal,JANGIPUR,Education,Gram Panchayat,859000,848000,0,0,08-10-2023,15-09-2024,,Not Started,TRUE,TRUE,FALSE,,0.99,0,259,1.17
MPLADS-01480,Khalilur Rahaman,West Bengal,JANGIPUR,"Railways, Roads, Pathways & Bridges",District PWD,780000,786000,365100,1,27-02-2024,03-02-2025,,Stalled,TRUE,TRUE,FALSE,,1.01,0.46,118,0.38
MPLADS-01481,Khalilur Rahaman,West Bengal,JANGIPUR,"Railways, Roads, Pathways & Bridges",State Rural Dev Agency,520000,523000,288700,2,14-06-2023,06-04-2024,,In Progress,TRUE,FALSE,TRUE,no_mp_recommendation,1.01,0.55,421,-0.61
MPLADS-01482,Khalilur Rahaman,West Bengal,JANGIPUR,Other Public Facilities,District PWD,556000,567000,330300,1,14-07-2024,24-10-2024,,In Progress,TRUE,FALSE,FALSE,,1.02,0.58,220,-0.37
MPLADS-01483,Khalilur Rahaman,West Bengal,JANGIPUR,Other Public Facilities,Zila Parishad,699000,767000,458900,2,18-10-2024,26-03-2025,,In Progress,TRUE,TRUE,FALSE,,1.1,0.6,67,0.41
MPLADS-01484,Khalilur Rahaman,West Bengal,JANGIPUR,Other Public Facilities,District PWD,574000,595000,499700,3,04-01-2023,14-05-2023,30-05-2023,Completed,TRUE,TRUE,FALSE,,1.04,0.84,16,-0.26
MPLADS-01485,Kinjarapu Ram Mohan Naidu,Andhra Pradesh,SRIKAKULAM,Education,Cooperative Society,309000,286000,257100,4,24-04-2023,14-11-2023,18-11-2023,Completed,TRUE,TRUE,FALSE,,0.93,0.9,4,-0.9
MPLADS-01486,Kinjarapu Ram Mohan Naidu,Andhra Pradesh,SRIKAKULAM,Education,Municipal Corporation,506000,522000,0,0,14-05-2023,21-02-2024,,Not Started,TRUE,TRUE,FALSE,,1.03,0,466,0.23
MPLADS-01487,Kinjarapu Ram Mohan Naidu,Andhra Pradesh,SRIKAKULAM,Others,Cooperative Society,440000,487000,232000,0,07-04-2024,14-10-2024,,In Progress,TRUE,TRUE,FALSE,,1.11,0.48,230,0.22
MPLADS-01488,Kinjarapu Ram Mohan Naidu,Andhra Pradesh,SRIKAKULAM,Drinking Water Facility,Gram Panchayat,343000,362000,0,0,30-08-2024,24-08-2025,,Not Started,TRUE,TRUE,FALSE,,1.06,0,0,-1.03
MPLADS-01489,Kinjarapu Ram Mohan Naidu,Andhra Pradesh,SRIKAKULAM,Other Public Facilities,State Rural Dev Agency,434000,444000,362300,3,12-01-2024,22-12-2024,11-02-2025,Completed,TRUE,TRUE,FALSE,,1.02,0.82,51,0.1
MPLADS-01490,Kiren Rijiju,Arunachal Pradesh,ARUNACHAL WEST,"Railways, Roads, Pathways & Bridges",State Rural Dev Agency,728000,687000,589800,1,18-08-2023,05-05-2024,17-04-2024,Completed,FALSE,TRUE,FALSE,,0.94,0.86,-18,0.71
MPLADS-01491,Kiren Rijiju,Arunachal Pradesh,ARUNACHAL WEST,Education,Municipal Corporation,511000,576000,488600,1,03-10-2024,28-08-2025,28-08-2025,Completed,TRUE,TRUE,FALSE,,1.13,0.85,0,0
MPLADS-01492,Kiren Rijiju,Arunachal Pradesh,ARUNACHAL WEST,Other Public Facilities,State Rural Dev Agency,522000,558000,0,0,19-12-2024,27-03-2025,,Not Started,FALSE,TRUE,FALSE,,1.07,0,66,0.16
MPLADS-01493,Kiren Rijiju,Arunachal Pradesh,ARUNACHAL WEST,Other Public Facilities,State Rural Dev Agency,474000,528000,425100,3,24-09-2023,08-01-2024,06-01-2024,Completed,TRUE,TRUE,FALSE,,1.11,0.81,-2,-0.15
MPLADS-01494,Kiren Rijiju,Arunachal Pradesh,ARUNACHAL WEST,Other Public Facilities,Gram Panchayat,514000,569000,500000,3,01-05-2023,11-01-2024,22-01-2024,Completed,TRUE,TRUE,FALSE,,1.11,0.88,11,0.28
MPLADS-01495,Kiren Rijiju,Arunachal Pradesh,ARUNACHAL WEST,Other Public Facilities,Municipal Corporation,456000,456000,405400,3,20-11-2024,23-05-2025,,In Progress,TRUE,TRUE,FALSE,,1,0.89,9,-0.92
MPLADS-01496,Kiren Rijiju,Arunachal Pradesh,ARUNACHAL WEST,Others,Zila Parishad,506000,508000,301600,2,22-10-2023,23-08-2024,,In Progress,TRUE,TRUE,FALSE,,1,0.59,282,-0.71
MPLADS-01497,Kirti Vardhan Singh,Uttar Pradesh,GONDA,Others,Zila Parishad,387000,381000,299800,1,06-09-2024,03-05-2025,19-06-2025,Completed,TRUE,TRUE,FALSE,,0.98,0.79,47,0.29
MPLADS-01498,Kirti Vardhan Singh,Uttar Pradesh,GONDA,Other Public Facilities,Municipal Corporation,429000,427000,336700,2,04-03-2024,22-12-2024,21-01-2025,Completed,TRUE,FALSE,FALSE,,1,0.79,30,0.23
MPLADS-01499,Kirti Vardhan Singh,Uttar Pradesh,GONDA,"Railways, Roads, Pathways & Bridges",Cooperative Society,395000,440000,263100,2,30-08-2023,03-06-2024,,In Progress,TRUE,TRUE,FALSE,,1.11,0.6,363,0.61
MPLADS-01500,Kirti Vardhan Singh,Uttar Pradesh,GONDA,"Railways, Roads, Pathways & Bridges",Municipal Corporation,425000,442000,208000,2,24-10-2024,30-07-2025,,In Progress,FALSE,TRUE,FALSE,,1.04,0.47,0,0.62
MPLADS-01501,Kirti Vardhan Singh,Uttar Pradesh,GONDA,"Railways, Roads, Pathways & Bridges",Gram Panchayat,439000,409000,347900,3,10-12-2024,26-06-2025,13-08-2025,Completed,TRUE,TRUE,FALSE,,0.93,0.85,48,0.36
MPLADS-01502,Kishan Reddy Gangapuram,Telangana,SECUNDERABAD,Others,Municipal Corporation,261000,282000,252500,3,03-09-2024,13-07-2025,16-08-2025,Completed,TRUE,TRUE,FALSE,,1.08,0.9,34,-0.46
MPLADS-01503,Kishan Reddy Gangapuram,Telangana,SECUNDERABAD,Other Public Facilities,Cooperative Society,412000,455000,256500,1,29-08-2023,30-12-2023,,In Progress,TRUE,TRUE,FALSE,,1.1,0.56,519,1.32
MPLADS-01504,Kishan Reddy Gangapuram,Telangana,SECUNDERABAD,Other Public Facilities,State Rural Dev Agency,317000,349000,269700,1,04-09-2024,13-02-2025,,In Progress,TRUE,FALSE,FALSE,,1.1,0.77,108,-0.33
MPLADS-01505,Kishan Reddy Gangapuram,Telangana,SECUNDERABAD,Drinking Water Facility,Zila Parishad,243000,265000,222000,3,26-09-2024,10-03-2025,25-03-2025,Completed,TRUE,TRUE,FALSE,,1.09,0.84,15,-0.59
MPLADS-01506,Kishan Reddy Gangapuram,Telangana,SECUNDERABAD,"Railways, Roads, Pathways & Bridges",Gram Panchayat,364000,411000,339500,1,26-07-2024,28-04-2025,11-06-2025,Completed,TRUE,TRUE,FALSE,,1.13,0.83,44,0.88
MPLADS-01507,Kishan Reddy Gangapuram,Telangana,SECUNDERABAD,"Railways, Roads, Pathways & Bridges",State Rural Dev Agency,419000,452000,0,0,14-12-2023,04-09-2024,,Not Started,TRUE,TRUE,FALSE,,1.08,0,270,1.42
MPLADS-01508,Kishan Reddy Gangapuram,Telangana,SECUNDERABAD,Education,Zila Parishad,231000,253000,211400,2,19-03-2024,20-12-2024,06-01-2025,Completed,TRUE,TRUE,FALSE,,1.1,0.84,17,-1.23
MPLADS-01509,Kishan Reddy Gangapuram,Telangana,SECUNDERABAD,Other Public Facilities,Gram Panchayat,398000,409000,0,0,26-05-2024,28-09-2024,,Not Started,TRUE,TRUE,FALSE,,1.03,0,246,0.61
MPLADS-01510,Kishan Reddy Gangapuram,Telangana,SECUNDERABAD,Other Public Facilities,Municipal Corporation,306000,339000,100200,1,17-10-2023,29-08-2023,,Stalled,TRUE,TRUE,TRUE,delayed_stalled,1.11,0.3,642,-0.48
MPLADS-01511,KISHORI LAL,Uttar Pradesh,AMETHI,Education,Gram Panchayat,440000,422000,355100,3,13-06-2024,06-11-2024,02-01-2025,Completed,TRUE,TRUE,FALSE,,0.96,0.84,57,0.13
MPLADS-01512,KISHORI LAL,Uttar Pradesh,AMETHI,"Railways, Roads, Pathways & Bridges",Gram Panchayat,359000,348000,198400,1,04-06-2023,19-09-2023,,In Progress,TRUE,TRUE,FALSE,,0.97,0.57,621,-0.12
MPLADS-01513,KISHORI LAL,Uttar Pradesh,AMETHI,"Railways, Roads, Pathways & Bridges",Gram Panchayat,248000,270000,239300,4,24-02-2023,05-10-2023,12-10-2023,Completed,TRUE,TRUE,FALSE,,1.09,0.89,7,-0.74
MPLADS-01514,KISHORI LAL,Uttar Pradesh,AMETHI,Other Public Facilities,Gram Panchayat,436000,427000,360000,3,24-09-2023,05-04-2024,04-05-2024,Completed,TRUE,TRUE,FALSE,,0.98,0.84,29,0.23
MPLADS-01515,KONDA VISHWESHWAR REDDY,Telangana,CHELVELLA,Education,Gram Panchayat,310000,280000,227600,2,11-02-2023,22-12-2023,30-12-2023,Completed,TRUE,TRUE,FALSE,,0.9,0.81,8,-0.81
MPLADS-01516,KONDA VISHWESHWAR REDDY,Telangana,CHELVELLA,Others,Municipal Corporation,356000,405000,347100,2,19-05-2024,18-05-2025,27-05-2025,Completed,TRUE,TRUE,FALSE,,1.14,0.86,9,1.42
MPLADS-01517,KONDA VISHWESHWAR REDDY,Telangana,CHELVELLA,Other Public Facilities,Cooperative Society,442000,467000,419600,4,06-04-2023,08-02-2024,21-03-2024,Completed,TRUE,TRUE,FALSE,,1.06,0.9,42,1.51
MPLADS-01518,KONDA VISHWESHWAR REDDY,Telangana,CHELVELLA,Other Public Facilities,Zila Parishad,226000,222000,0,0,04-06-2024,11-10-2024,,Not Started,TRUE,TRUE,FALSE,,0.98,0,233,-2.3
MPLADS-01519,KONDA VISHWESHWAR REDDY,Telangana,CHELVELLA,Others,Zila Parishad,229000,219000,25000,0,20-08-2024,11-02-2025,,Stalled,FALSE,TRUE,FALSE,,0.96,0.11,110,-1.42
MPLADS-01520,KONDA VISHWESHWAR REDDY,Telangana,CHELVELLA,Sanitation & Public Health,District PWD,269000,253000,31800,0,02-03-2024,04-08-2024,,Stalled,TRUE,TRUE,FALSE,,0.94,0.13,301,-0.91
MPLADS-01521,KONDA VISHWESHWAR REDDY,Telangana,CHELVELLA,Drinking Water Facility,Gram Panchayat,234000,253000,215300,2,03-12-2023,31-05-2024,02-07-2024,Completed,TRUE,TRUE,FALSE,,1.08,0.85,32,-0.73
MPLADS-01522,KOTA SRINIVAS POOJARY,Karnataka,UDUPI CHIKMAGALUR,"Railways, Roads, Pathways & Bridges",Zila Parishad,631000,585000,301600,2,18-01-2024,21-07-2024,,In Progress,TRUE,TRUE,FALSE,,0.93,0.52,315,-0.71
MPLADS-01523,KOTA SRINIVAS POOJARY,Karnataka,UDUPI CHIKMAGALUR,Others,Gram Panchayat,580000,609000,487500,3,30-01-2023,21-12-2023,11-12-2023,Completed,TRUE,TRUE,FALSE,,1.05,0.8,-10,-0.01
MPLADS-01524,KOTA SRINIVAS POOJARY,Karnataka,UDUPI CHIKMAGALUR,Education,District PWD,509000,509000,62300,0,05-10-2024,23-01-2025,,Stalled,TRUE,FALSE,FALSE,,1,0.12,129,-0.95
MPLADS-01525,KOTA SRINIVAS POOJARY,Karnataka,UDUPI CHIKMAGALUR,"Railways, Roads, Pathways & Bridges",Cooperative Society,787000,805000,470400,2,02-11-2024,07-07-2025,,In Progress,TRUE,TRUE,FALSE,,1.02,0.58,0,1.06
MPLADS-01526,KOTA SRINIVAS POOJARY,Karnataka,UDUPI CHIKMAGALUR,Education,Municipal Corporation,503000,546000,438600,2,05-08-2024,07-12-2024,26-11-2024,Completed,TRUE,FALSE,TRUE,no_mp_recommendation,1.09,0.8,-11,-0.74
MPLADS-01527,KOTA SRINIVAS POOJARY,Karnataka,UDUPI CHIKMAGALUR,Drinking Water Facility,State Rural Dev Agency,611000,658000,0,0,27-11-2023,14-08-2024,,Not Started,TRUE,TRUE,FALSE,,1.08,0,291,-0.02
MPLADS-01528,KOTA SRINIVAS POOJARY,Karnataka,UDUPI CHIKMAGALUR,Other Public Facilities,Gram Panchayat,545000,534000,471900,4,26-01-2024,23-08-2024,27-08-2024,Completed,TRUE,TRUE,FALSE,,0.98,0.88,4,-0.58
MPLADS-01529,KOTA SRINIVAS POOJARY,Karnataka,UDUPI CHIKMAGALUR,Other Public Facilities,Gram Panchayat,491000,443000,378500,3,02-04-2023,12-07-2023,12-07-2023,Completed,TRUE,TRUE,FALSE,,0.9,0.85,0,-0.95
MPLADS-01530,Kripanath Mallah,Assam,KARIMGANJ (SC),Other Public Facilities,Municipal Corporation,378000,381000,97500,0,19-10-2023,09-07-2024,,In Progress,TRUE,TRUE,FALSE,,1.01,0.26,327,-0.94
MPLADS-01531,Kripanath Mallah,Assam,KARIMGANJ (SC),"Railways, Roads, Pathways & Bridges",Cooperative Society,306000,277000,0,0,17-05-2024,17-08-2024,,Not Started,TRUE,FALSE,TRUE,no_mp_recommendation,0.91,0,288,-1.16
MPLADS-01532,Kripanath Mallah,Assam,KARIMGANJ (SC),"Railways, Roads, Pathways & Bridges",State Rural Dev Agency,370000,1075000,958200,3,09-09-2024,02-03-2025,21-02-2025,Completed,TRUE,TRUE,TRUE,cost_overrun,2.91,0.89,-9,2.94
MPLADS-01533,Kripanath Mallah,Assam,KARIMGANJ (SC),"Railways, Roads, Pathways & Bridges",State Rural Dev Agency,473000,510000,218600,1,24-07-2023,09-05-2024,,In Progress,TRUE,TRUE,FALSE,,1.08,0.43,388,0.04
MPLADS-01534,Kripanath Mallah,Assam,KARIMGANJ (SC),Other Public Facilities,State Rural Dev Agency,566000,591000,534200,2,06-09-2024,02-04-2025,03-05-2025,Completed,TRUE,TRUE,FALSE,,1.04,0.9,31,1
MPLADS-01535,Kripanath Mallah,Assam,KARIMGANJ (SC),Drinking Water Facility,Municipal Corporation,343000,343000,290100,2,10-07-2023,25-11-2023,04-12-2023,Completed,TRUE,TRUE,FALSE,,1,0.85,9,-1.15
MPLADS-01536,Kripanath Mallah,Assam,KARIMGANJ (SC),Others,Gram Panchayat,604000,561000,187400,1,19-04-2024,02-02-2025,,In Progress,TRUE,TRUE,FALSE,,0.93,0.33,119,0.53
MPLADS-01537,Kripanath Mallah,Assam,KARIMGANJ (SC),Other Public Facilities,Gram Panchayat,370000,403000,125700,1,23-06-2024,15-12-2024,,In Progress,TRUE,TRUE,FALSE,,1.09,0.31,168,-0.74
MPLADS-01538,Kripanath Mallah,Assam,KARIMGANJ (SC),Other Public Facilities,Zila Parishad,435000,477000,50700,0,23-03-2023,31-01-2024,,Stalled,TRUE,TRUE,FALSE,,1.1,0.11,487,-0.05
MPLADS-01539,Krishan Pal Gurjar,Haryana,FARIDABAD,Others,Municipal Corporation,504000,466000,58500,0,01-12-2024,09-08-2025,,Stalled,TRUE,TRUE,FALSE,,0.92,0.13,0,-0.24
MPLADS-01540,Krishan Pal Gurjar,Haryana,FARIDABAD,"Railways, Roads, Pathways & Bridges",District PWD,385000,348000,285900,4,05-08-2024,15-04-2025,04-06-2025,Completed,TRUE,TRUE,FALSE,,0.9,0.82,50,-1.65
MPLADS-01541,Krishan Pal Gurjar,Haryana,FARIDABAD,"Railways, Roads, Pathways & Bridges",State Rural Dev Agency,621000,696000,625200,2,06-06-2024,31-03-2025,25-04-2025,Completed,TRUE,TRUE,FALSE,,1.12,0.9,25,1.26
MPLADS-01542,Krishan Pal Gurjar,Haryana,FARIDABAD,Sanitation & Public Health,District PWD,446000,490000,417600,3,17-09-2023,11-07-2024,01-09-2024,Completed,TRUE,TRUE,FALSE,,1.1,0.85,52,-0.19
MPLADS-01543,KRISHNA DEVI SHIVSHANKER PATEL,Uttar Pradesh,BANDA,"Railways, Roads, Pathways & Bridges",Gram Panchayat,231000,249000,138100,1,27-04-2023,25-08-2023,,In Progress,TRUE,TRUE,FALSE,,1.08,0.55,646,-0.91
MPLADS-01544,KRISHNA DEVI SHIVSHANKER PATEL,Uttar Pradesh,BANDA,"Railways, Roads, Pathways & Bridges",State Rural Dev Agency,361000,361000,306800,2,16-02-2023,18-11-2023,03-11-2023,Completed,TRUE,TRUE,FALSE,,1,0.85,-15,-0.02
MPLADS-01545,KRISHNA DEVI SHIVSHANKER PATEL,Uttar Pradesh,BANDA,"Railways, Roads, Pathways & Bridges",Municipal Corporation,247000,278000,0,0,10-04-2024,15-01-2025,,Not Started,TRUE,TRUE,FALSE,,1.13,0,137,-0.68
MPLADS-01546,KRISHNA DEVI SHIVSHANKER PATEL,Uttar Pradesh,BANDA,"Railways, Roads, Pathways & Bridges",Municipal Corporation,456000,488000,388800,3,11-07-2023,31-01-2024,07-03-2024,Completed,TRUE,TRUE,FALSE,,1.07,0.8,36,0.99
MPLADS-01547,KRISHNA DEVI SHIVSHANKER PATEL,Uttar Pradesh,BANDA,Other Public Facilities,District PWD,342000,345000,271000,3,20-11-2024,21-02-2025,16-04-2025,Completed,TRUE,FALSE,FALSE,,1.01,0.79,54,-0.24
MPLADS-01548,KRISHNA DEVI SHIVSHANKER PATEL,Uttar Pradesh,BANDA,Others,Cooperative Society,460000,515000,449300,3,14-01-2023,13-01-2024,13-01-2024,Completed,TRUE,TRUE,FALSE,,1.12,0.87,0,2
MPLADS-01549,KRISHNA DEVI SHIVSHANKER PATEL,Uttar Pradesh,BANDA,Other Public Facilities,State Rural Dev Agency,284000,263000,180800,1,08-09-2024,02-09-2025,,In Progress,TRUE,TRUE,FALSE,,0.93,0.69,0,-0.71
MPLADS-01550,KRISHNA DEVI SHIVSHANKER PATEL,Uttar Pradesh,BANDA,"Railways, Roads, Pathways & Bridges",Municipal Corporation,339000,325000,169300,1,05-01-2024,10-10-2024,,In Progress,TRUE,TRUE,FALSE,,0.96,0.52,234,-0.3
MPLADS-01551,KRISHNA DEVI SHIVSHANKER PATEL,Uttar Pradesh,BANDA,"Railways, Roads, Pathways & Bridges",District PWD,269000,268000,216500,2,31-03-2023,19-08-2023,01-10-2023,Completed,FALSE,TRUE,FALSE,,1,0.81,43,-0.76
MPLADS-01552,KRISHNA DEVI SHIVSHANKER PATEL,Uttar Pradesh,BANDA,"Railways, Roads, Pathways & Bridges",Cooperative Society,261000,251000,68400,1,13-12-2024,04-11-2025,,Stalled,TRUE,TRUE,FALSE,,0.96,0.27,0,-0.89
MPLADS-01553,KRISHNA DEVI SHIVSHANKER PATEL,Uttar Pradesh,BANDA,Other Public Facilities,State Rural Dev Agency,308000,298000,212300,3,29-05-2023,25-01-2024,,In Progress,TRUE,TRUE,FALSE,,0.97,0.71,493,-0.51
MPLADS-01554,Krishna Prasad Tenneti,Andhra Pradesh,BAPATLA,"Railways, Roads, Pathways & Bridges",Gram Panchayat,504000,466000,408100,3,15-07-2023,09-01-2024,19-01-2024,Completed,TRUE,TRUE,FALSE,,0.92,0.88,10,0.08
MPLADS-01555,Krishna Prasad Tenneti,Andhra Pradesh,BAPATLA,"Railways, Roads, Pathways & Bridges",Gram Panchayat,535000,541000,181900,1,23-01-2023,26-11-2022,17-01-2024,Stalled,TRUE,TRUE,TRUE,delayed_stalled,1.01,0.34,417,0.7
MPLADS-01556,Krishna Prasad Tenneti,Andhra Pradesh,BAPATLA,Sanitation & Public Health,Zila Parishad,318000,317000,116300,1,11-05-2024,18-01-2025,,In Progress,TRUE,TRUE,FALSE,,1,0.37,134,-1.39
MPLADS-01557,Krishna Prasad Tenneti,Andhra Pradesh,BAPATLA,"Railways, Roads, Pathways & Bridges",District PWD,511000,581000,284000,1,29-10-2023,23-02-2024,,In Progress,TRUE,TRUE,FALSE,,1.14,0.49,464,1.03
MPLADS-01558,Krishna Prasad Tenneti,Andhra Pradesh,BAPATLA,Other Public Facilities,Gram Panchayat,311000,299000,121700,1,16-04-2023,12-02-2024,,In Progress,TRUE,TRUE,FALSE,,0.96,0.41,475,-1.51
MPLADS-01559,Krishna Prasad Tenneti,Andhra Pradesh,BAPATLA,Others,Gram Panchayat,411000,459000,250100,2,15-08-2024,16-03-2025,,In Progress,TRUE,TRUE,FALSE,,1.12,0.54,77,-0.04
MPLADS-01560,Krishna Prasad Tenneti,Andhra Pradesh,BAPATLA,"Railways, Roads, Pathways & Bridges",Cooperative Society,467000,429000,163900,0,14-02-2024,30-12-2024,,In Progress,TRUE,TRUE,FALSE,,0.92,0.38,153,-0.23
MPLADS-01561,Krishna Prasad Tenneti,Andhra Pradesh,BAPATLA,"Railways, Roads, Pathways & Bridges",State Rural Dev Agency,403000,421000,343400,3,14-05-2024,04-04-2025,31-05-2025,Completed,TRUE,FALSE,FALSE,,1.04,0.82,57,-0.29
MPLADS-01562,Krishna Prasad Tenneti,Andhra Pradesh,BAPATLA,Other Public Facilities,Gram Panchayat,417000,408000,170500,1,20-11-2023,05-07-2024,,In Progress,TRUE,TRUE,FALSE,,0.98,0.42,331,-0.3
MPLADS-01563,Krishna Prasad Tenneti,Andhra Pradesh,BAPATLA,Other Public Facilities,Cooperative Society,444000,497000,258200,1,30-04-2023,25-12-2023,,In Progress,TRUE,TRUE,FALSE,,1.12,0.52,524,0.69
MPLADS-01564,Krishna Prasad Tenneti,Andhra Pradesh,BAPATLA,"Railways, Roads, Pathways & Bridges",Municipal Corporation,467000,462000,460500,3,22-03-2024,07-02-2025,23-02-2025,Not Started,TRUE,TRUE,TRUE,ghost_project,0.99,1,16,0.05
MPLADS-01565,KRITI DEVI DEBBARMAN,Tripura,TRIPURA EAST(ST),Education,Municipal Corporation,1247000,1358000,1136100,1,24-03-2024,14-01-2025,03-02-2025,Completed,TRUE,TRUE,FALSE,,1.09,0.84,20,0
MPLADS-01566,KRITI DEVI DEBBARMAN,Tripura,TRIPURA EAST(ST),Other Public Facilities,Municipal Corporation,1475000,1620000,0,0,08-09-2024,15-05-2025,,Not Started,TRUE,TRUE,FALSE,,1.1,0,17,0.71
MPLADS-01567,KRITI DEVI DEBBARMAN,Tripura,TRIPURA EAST(ST),Others,Cooperative Society,1079000,1060000,971100,2,29-12-2024,22-12-2025,09-02-2026,Completed,TRUE,FALSE,TRUE,no_mp_recommendation,0.98,0.92,49,0.23
MPLADS-01568,KRITI DEVI DEBBARMAN,Tripura,TRIPURA EAST(ST),Drinking Water Facility,State Rural Dev Agency,1069000,1002000,0,0,04-01-2024,22-12-2024,,Not Started,TRUE,TRUE,FALSE,,0.94,0,161,0
MPLADS-01569,KRITI DEVI DEBBARMAN,Tripura,TRIPURA EAST(ST),Others,Zila Parishad,898000,931000,877400,2,01-08-2023,05-11-2023,16-12-2023,Completed,TRUE,TRUE,FALSE,,1.04,0.94,41,-1.09
MPLADS-01570,KULDEEP INDORA,Rajasthan,GANGANAGAR(SC),Other Public Facilities,Gram Panchayat,640000,620000,563900,4,27-06-2023,01-12-2023,22-11-2023,Completed,TRUE,TRUE,FALSE,,0.97,0.91,-9,-0.03
MPLADS-01571,KULDEEP INDORA,Rajasthan,GANGANAGAR(SC),Other Public Facilities,District PWD,490000,463000,370200,2,20-05-2024,15-04-2025,24-05-2025,Completed,TRUE,TRUE,FALSE,,0.94,0.8,39,-1.23
MPLADS-01572,KULDEEP INDORA,Rajasthan,GANGANAGAR(SC),Others,State Rural Dev Agency,743000,725000,0,0,03-01-2024,21-11-2024,,Not Started,TRUE,TRUE,FALSE,,0.98,0,192,0.57
MPLADS-01573,KULDEEP INDORA,Rajasthan,GANGANAGAR(SC),"Railways, Roads, Pathways & Bridges",Zila Parishad,590000,558000,0,0,02-02-2023,02-06-2023,,Not Started,TRUE,TRUE,FALSE,,0.95,0,730,-0.43
MPLADS-01574,KUNDURU RAGHUVEER,Telangana,NALGONDA,Drinking Water Facility,Municipal Corporation,353000,404000,348900,4,04-05-2023,31-10-2023,,In Progress,TRUE,FALSE,TRUE,no_mp_recommendation,1.14,0.86,579,1.08
MPLADS-01575,KUNDURU RAGHUVEER,Telangana,NALGONDA,"Railways, Roads, Pathways & Bridges",Cooperative Society,440000,470000,0,0,17-02-2023,22-09-2023,,Not Started,TRUE,TRUE,FALSE,,1.07,0,618,1.66
MPLADS-01576,KUNDURU RAGHUVEER,Telangana,NALGONDA,"Railways, Roads, Pathways & Bridges",Gram Panchayat,282000,262000,206500,3,11-06-2024,10-10-2024,,In Progress,TRUE,TRUE,FALSE,,0.93,0.79,234,-1.08
MPLADS-01577,KUNDURU RAGHUVEER,Telangana,NALGONDA,"Railways, Roads, Pathways & Bridges",State Rural Dev Agency,410000,568000,99900,0,13-04-2024,02-04-2025,,Stalled,FALSE,TRUE,TRUE,no_tender_high_value,1.39,0.18,60,2.95
MPLADS-01578,KUNDURU RAGHUVEER,Telangana,NALGONDA,"Railways, Roads, Pathways & Bridges",District PWD,326000,346000,0,0,16-09-2024,22-12-2024,,Not Started,TRUE,FALSE,TRUE,no_mp_recommendation,1.06,0,161,0.02
MPLADS-01579,KUNDURU RAGHUVEER,Telangana,NALGONDA,"Railways, Roads, Pathways & Bridges",Municipal Corporation,277000,279000,250200,2,03-06-2024,13-01-2025,05-01-2025,Completed,TRUE,TRUE,FALSE,,1.01,0.9,-8,-0.86
MPLADS-01580,KUNDURU RAGHUVEER,Telangana,NALGONDA,"Railways, Roads, Pathways & Bridges",Gram Panchayat,238000,238000,204000,2,10-06-2023,20-10-2023,,In Progress,TRUE,TRUE,FALSE,,1,0.86,590,-1.4
MPLADS-01581,KUNDURU RAGHUVEER,Telangana,NALGONDA,Other Public Facilities,District PWD,342000,328000,285500,3,12-04-2023,13-10-2023,11-11-2023,Completed,TRUE,FALSE,TRUE,no_mp_recommendation,0.96,0.87,29,-0.65
MPLADS-01582,LALJI VERMA,Uttar Pradesh,AMBEDKAR NAGAR,"Railways, Roads, Pathways & Bridges",Zila Parishad,371000,379000,333200,4,26-07-2023,22-11-2023,24-11-2023,Completed,TRUE,TRUE,FALSE,,1.02,0.88,2,0.12
MPLADS-01583,LALJI VERMA,Uttar Pradesh,AMBEDKAR NAGAR,Sanitation & Public Health,Municipal Corporation,327000,300000,258300,2,30-04-2024,10-02-2025,18-03-2025,Completed,TRUE,TRUE,FALSE,,0.92,0.86,36,-1.19
MPLADS-01584,LALJI VERMA,Uttar Pradesh,AMBEDKAR NAGAR,Other Public Facilities,State Rural Dev Agency,285000,324000,314600,3,29-02-2024,06-11-2024,10-11-2024,Completed,TRUE,TRUE,FALSE,,1.14,0.97,4,-0.36
MPLADS-01585,LALJI VERMA,Uttar Pradesh,AMBEDKAR NAGAR,Other Public Facilities,Gram Panchayat,268000,261000,0,0,07-03-2024,08-12-2024,,Not Started,TRUE,TRUE,FALSE,,0.97,0,175,-0.72
MPLADS-01586,LALJI VERMA,Uttar Pradesh,AMBEDKAR NAGAR,Other Public Facilities,District PWD,261000,285000,30600,0,14-04-2024,31-07-2024,,Stalled,TRUE,TRUE,FALSE,,1.09,0.11,305,-0.58
MPLADS-01587,LALJI VERMA,Uttar Pradesh,AMBEDKAR NAGAR,Other Public Facilities,District PWD,349000,401000,360900,2,29-03-2024,24-03-2025,23-04-2025,Completed,FALSE,TRUE,FALSE,,1.15,0.9,30,0.09
MPLADS-01588,Lavu Sri Krishna Devarayalu,Andhra Pradesh,NARASARAOPET,"Railways, Roads, Pathways & Bridges",Gram Panchayat,344000,351000,287600,2,28-03-2023,27-01-2024,14-02-2024,Completed,TRUE,TRUE,FALSE,,1.02,0.82,18,-0.87
MPLADS-01589,Lavu Sri Krishna Devarayalu,Andhra Pradesh,NARASARAOPET,"Railways, Roads, Pathways & Bridges",Zila Parishad,465000,532000,445800,2,04-03-2023,02-07-2023,29-06-2023,Completed,FALSE,TRUE,FALSE,,1.14,0.84,-3,0.63
MPLADS-01590,Lavu Sri Krishna Devarayalu,Andhra Pradesh,NARASARAOPET,Others,Cooperative Society,510000,574000,520100,3,11-08-2024,08-02-2025,08-04-2025,Completed,TRUE,TRUE,FALSE,,1.13,0.91,59,1.02
MPLADS-01591,Lavu Sri Krishna Devarayalu,Andhra Pradesh,NARASARAOPET,Sanitation & Public Health,Cooperative Society,517000,542000,153800,1,16-06-2024,09-12-2024,,Stalled,TRUE,FALSE,TRUE,no_mp_recommendation,1.05,0.28,174,0.32
MPLADS-01592,LAXMIKANT PAPPU NISHAD,Uttar Pradesh,SANT KABIR NAGAR,Education,Municipal Corporation,372000,346000,0,0,20-07-2024,29-06-2025,,Not Started,TRUE,TRUE,TRUE,duplicate_work,0.93,0,0,-0.24
MPLADS-01593,LAXMIKANT PAPPU NISHAD,Uttar Pradesh,SANT KABIR NAGAR,Others,Zila Parishad,395000,388000,0,0,09-01-2023,25-07-2023,,Not Started,TRUE,TRUE,FALSE,,0.98,0,677,0.38
MPLADS-01594,LAXMIKANT PAPPU NISHAD,Uttar Pradesh,SANT KABIR NAGAR,Other Public Facilities,State Rural Dev Agency,386000,385000,319600,2,18-12-2024,30-07-2025,27-09-2025,Completed,TRUE,TRUE,FALSE,,1,0.83,59,-0.01
MPLADS-01595,LAXMIKANT PAPPU NISHAD,Uttar Pradesh,SANT KABIR NAGAR,Other Public Facilities,Cooperative Society,408000,397000,147800,0,25-09-2024,15-01-2025,,In Progress,TRUE,TRUE,FALSE,,0.97,0.37,137,0.06
MPLADS-01596,LAXMIKANT PAPPU NISHAD,Uttar Pradesh,SANT KABIR NAGAR,Education,State Rural Dev Agency,326000,374000,0,0,19-02-2024,25-09-2024,,Not Started,TRUE,TRUE,FALSE,,1.15,0,249,-0.1
MPLADS-01597,LAXMIKANT PAPPU NISHAD,Uttar Pradesh,SANT KABIR NAGAR,Others,State Rural Dev Agency,345000,362000,309900,2,09-12-2023,03-04-2024,13-04-2024,Completed,TRUE,TRUE,FALSE,,1.05,0.86,10,0.05
MPLADS-01598,LAXMIKANT PAPPU NISHAD,Uttar Pradesh,SANT KABIR NAGAR,Other Public Facilities,State Rural Dev Agency,441000,427000,376100,2,07-07-2024,20-02-2025,17-04-2025,Completed,TRUE,TRUE,FALSE,,0.97,0.88,56,0.23
MPLADS-01599,LAXMIKANT PAPPU NISHAD,Uttar Pradesh,SANT KABIR NAGAR,Other Public Facilities,State Rural Dev Agency,373000,399000,0,0,15-12-2023,18-06-2024,,Not Started,TRUE,FALSE,FALSE,,1.07,0,348,0.07
MPLADS-01600,LOVELY ANAND,Bihar,SHEOHAR,Others,Gram Panchayat,597000,682000,600000,3,29-08-2024,04-01-2025,30-01-2025,Completed,TRUE,TRUE,FALSE,,1.14,0.88,26,0.65
MPLADS-01601,LOVELY ANAND,Bihar,SHEOHAR,"Railways, Roads, Pathways & Bridges",Cooperative Society,797000,756000,619400,3,01-06-2024,14-02-2025,13-04-2025,Completed,TRUE,TRUE,FALSE,,0.95,0.82,58,0.28
MPLADS-01602,LOVELY ANAND,Bihar,SHEOHAR,Others,District PWD,560000,519000,429100,3,03-06-2024,22-10-2024,11-11-2024,Completed,FALSE,TRUE,FALSE,,0.93,0.83,20,-0.75
MPLADS-01603,LOVELY ANAND,Bihar,SHEOHAR,Education,Zila Parishad,559000,596000,518200,2,04-04-2024,08-11-2024,22-12-2024,Completed,TRUE,TRUE,FALSE,,1.07,0.87,44,-0.37
MPLADS-01604,LUMBARAM,Rajasthan,JALORE,Education,State Rural Dev Agency,635000,605000,218000,1,18-08-2024,27-06-2025,,In Progress,TRUE,TRUE,FALSE,,0.95,0.36,0,0.18
MPLADS-01605,LUMBARAM,Rajasthan,JALORE,Other Public Facilities,Cooperative Society,553000,585000,509100,2,01-09-2024,13-12-2024,10-01-2025,Completed,TRUE,TRUE,FALSE,,1.06,0.87,28,-0.3
MPLADS-01606,LUMBARAM,Rajasthan,JALORE,Other Public Facilities,Zila Parishad,560000,543000,228100,1,09-08-2024,26-06-2025,,In Progress,TRUE,TRUE,FALSE,,0.97,0.42,0,-0.62
MPLADS-01607,LUMBARAM,Rajasthan,JALORE,"Railways, Roads, Pathways & Bridges",Municipal Corporation,790000,859000,706500,2,18-04-2023,03-08-2023,09-09-2023,Completed,TRUE,TRUE,FALSE,,1.09,0.82,37,0.5
MPLADS-01608,LUMBARAM,Rajasthan,JALORE,Others,District PWD,543000,567000,441600,3,10-04-2024,23-11-2024,12-12-2024,Completed,TRUE,TRUE,FALSE,,1.04,0.78,19,-0.67
MPLADS-01609,M. MALLESH BABU,Karnataka,KOLAR(SC),Sanitation & Public Health,Gram Panchayat,519000,564000,473400,2,05-04-2023,26-11-2023,08-12-2023,Completed,TRUE,TRUE,FALSE,,1.09,0.84,12,-0.28
MPLADS-01610,M. MALLESH BABU,Karnataka,KOLAR(SC),Others,State Rural Dev Agency,452000,412000,344700,4,21-03-2023,17-08-2023,13-10-2023,Completed,TRUE,TRUE,FALSE,,0.91,0.84,57,-1.55
MPLADS-01611,M. MALLESH BABU,Karnataka,KOLAR(SC),"Railways, Roads, Pathways & Bridges",Gram Panchayat,465000,432000,0,0,09-02-2024,13-10-2024,,Not Started,TRUE,TRUE,FALSE,,0.93,0,231,-1.94
MPLADS-01612,M. MALLESH BABU,Karnataka,KOLAR(SC),Education,Zila Parishad,834000,841000,222600,0,06-12-2024,16-04-2025,,Stalled,TRUE,TRUE,FALSE,,1.01,0.26,46,0.93
MPLADS-01613,M. MALLESH BABU,Karnataka,KOLAR(SC),Other Public Facilities,Cooperative Society,773000,784000,455800,2,28-05-2023,05-02-2024,,In Progress,TRUE,TRUE,TRUE,duplicate_work,1.01,0.58,482,0.41
MPLADS-01614,M. MALLESH BABU,Karnataka,KOLAR(SC),"Railways, Roads, Pathways & Bridges",Gram Panchayat,796000,828000,0,0,09-06-2024,15-11-2024,,Not Started,TRUE,TRUE,FALSE,,1.04,0,198,1.24
MPLADS-01615,M. MALLESH BABU,Karnataka,KOLAR(SC),Drinking Water Facility,District PWD,562000,531000,138700,1,03-02-2023,10-07-2023,,In Progress,TRUE,TRUE,FALSE,,0.94,0.26,692,-0.85
MPLADS-01616,M. MALLESH BABU,Karnataka,KOLAR(SC),Other Public Facilities,Municipal Corporation,807000,773000,0,0,08-09-2024,09-01-2025,,Not Started,TRUE,TRUE,FALSE,,0.96,0,143,0.36
MPLADS-01617,M. MALLESH BABU,Karnataka,KOLAR(SC),Drinking Water Facility,Municipal Corporation,843000,905000,454600,1,11-02-2023,04-08-2023,,In Progress,TRUE,TRUE,FALSE,,1.07,0.5,667,1.61
MPLADS-01618,M. MALLESH BABU,Karnataka,KOLAR(SC),Other Public Facilities,State Rural Dev Agency,549000,515000,447900,2,07-11-2023,07-04-2024,24-04-2024,Completed,FALSE,TRUE,FALSE,,0.94,0.87,17,-0.66
MPLADS-01619,M.K. VISHNUPRASAD,Tamil Nadu,CUDDALORE,"Railways, Roads, Pathways & Bridges",Zila Parishad,688000,714000,565200,2,07-03-2024,18-11-2024,24-12-2024,Completed,TRUE,TRUE,FALSE,,1.04,0.79,36,-0.83
MPLADS-01620,M.K. VISHNUPRASAD,Tamil Nadu,CUDDALORE,Other Public Facilities,Municipal Corporation,817000,779000,0,0,07-07-2023,15-01-2024,,Not Started,TRUE,TRUE,FALSE,,0.95,0,503,-0.54
MPLADS-01621,M.K. VISHNUPRASAD,Tamil Nadu,CUDDALORE,"Railways, Roads, Pathways & Bridges",State Rural Dev Agency,1108000,1234000,0,0,11-03-2023,08-08-2023,,Not Started,TRUE,TRUE,FALSE,,1.11,0,663,0.71
MPLADS-01622,M.K. VISHNUPRASAD,Tamil Nadu,CUDDALORE,Other Public Facilities,Cooperative Society,733000,732000,289800,1,08-04-2024,24-07-2024,,Stalled,TRUE,TRUE,FALSE,,1,0.4,312,-0.64
MPLADS-01623,M.K. VISHNUPRASAD,Tamil Nadu,CUDDALORE,Other Public Facilities,Gram Panchayat,1092000,1039000,912000,3,12-09-2024,13-03-2025,04-03-2025,Completed,TRUE,TRUE,FALSE,,0.95,0.88,-9,0.05
MPLADS-01624,M.K. VISHNUPRASAD,Tamil Nadu,CUDDALORE,Other Public Facilities,State Rural Dev Agency,1094000,989000,942200,2,14-11-2024,04-04-2025,06-05-2025,Completed,TRUE,TRUE,FALSE,,0.9,0.95,32,-0.06
MPLADS-01625,Maddila Gurumoorthy,Andhra Pradesh,TIRUPATI(SC),Education,Municipal Corporation,422000,484000,166900,1,11-11-2024,05-06-2025,,In Progress,TRUE,TRUE,FALSE,,1.15,0.34,0,0.05
MPLADS-01626,Maddila Gurumoorthy,Andhra Pradesh,TIRUPATI(SC),Other Public Facilities,Municipal Corporation,404000,365000,312700,1,07-07-2024,16-03-2025,26-02-2025,Completed,TRUE,TRUE,FALSE,,0.9,0.86,-18,-0.78
MPLADS-01627,Maddila Gurumoorthy,Andhra Pradesh,TIRUPATI(SC),Other Public Facilities,Cooperative Society,342000,324000,261700,3,23-10-2024,19-07-2025,04-07-2025,Completed,TRUE,FALSE,FALSE,,0.95,0.81,-15,-1.24
MPLADS-01628,Maddila Gurumoorthy,Andhra Pradesh,TIRUPATI(SC),Other Public Facilities,District PWD,495000,477000,394700,2,25-12-2024,18-04-2025,05-04-2025,Completed,TRUE,TRUE,FALSE,,0.96,0.83,-13,0.46
MPLADS-01629,Maddila Gurumoorthy,Andhra Pradesh,TIRUPATI(SC),Others,State Rural Dev Agency,350000,337000,127100,1,17-07-2023,11-11-2023,,Stalled,TRUE,TRUE,FALSE,,0.96,0.38,568,-1.17
MPLADS-01630,Maddila Gurumoorthy,Andhra Pradesh,TIRUPATI(SC),Other Public Facilities,District PWD,428000,400000,358900,3,18-06-2024,04-12-2024,05-01-2025,Completed,TRUE,TRUE,FALSE,,0.93,0.9,32,-0.39
MPLADS-01631,Maddila Gurumoorthy,Andhra Pradesh,TIRUPATI(SC),Sanitation & Public Health,Zila Parishad,484000,513000,182800,0,05-11-2024,03-10-2025,,Stalled,TRUE,FALSE,FALSE,,1.06,0.36,0,0.1
MPLADS-01632,Maddila Gurumoorthy,Andhra Pradesh,TIRUPATI(SC),Other Public Facilities,District PWD,547000,545000,0,0,09-09-2023,09-07-2024,,Not Started,TRUE,TRUE,FALSE,,1,0,327,1.22
MPLADS-01633,Maddila Gurumoorthy,Andhra Pradesh,TIRUPATI(SC),"Railways, Roads, Pathways & Bridges",District PWD,455000,424000,210700,2,30-06-2024,21-06-2025,,In Progress,TRUE,TRUE,FALSE,,0.93,0.5,0,-0.27
MPLADS-01634,MADHAVANENI RAGHUNANDAN RAO,Telangana,MEDAK,Sanitation & Public Health,Municipal Corporation,307000,284000,251200,2,15-12-2023,20-10-2024,12-12-2024,Completed,TRUE,TRUE,FALSE,,0.93,0.88,53,-0.16
MPLADS-01635,MADHAVANENI RAGHUNANDAN RAO,Telangana,MEDAK,"Railways, Roads, Pathways & Bridges",Zila Parishad,267000,291000,255300,4,27-01-2024,11-01-2025,17-02-2025,Completed,TRUE,TRUE,FALSE,,1.09,0.88,37,-0.7
MPLADS-01636,MADHAVANENI RAGHUNANDAN RAO,Telangana,MEDAK,Other Public Facilities,Municipal Corporation,307000,309000,253900,3,20-10-2023,07-02-2024,21-01-2024,Completed,TRUE,TRUE,FALSE,,1.01,0.82,-17,-0.95
MPLADS-01637,MADHAVANENI RAGHUNANDAN RAO,Telangana,MEDAK,Other Public Facilities,Zila Parishad,283000,288000,252100,2,22-02-2024,28-09-2024,,In Progress,TRUE,TRUE,FALSE,,1.02,0.88,246,-1.28
MPLADS-01638,Magunta Sreenivasulu Reddy,Andhra Pradesh,ONGOLE,"Railways, Roads, Pathways & Bridges",Zila Parishad,368000,415000,203700,2,28-01-2023,23-10-2023,,In Progress,TRUE,TRUE,FALSE,,1.13,0.49,587,-0.34
MPLADS-01639,Magunta Sreenivasulu Reddy,Andhra Pradesh,ONGOLE,Other Public Facilities,District PWD,558000,530000,0,0,27-02-2024,20-08-2024,,Not Started,TRUE,TRUE,FALSE,,0.95,0,285,1.05
MPLADS-01640,Magunta Sreenivasulu Reddy,Andhra Pradesh,ONGOLE,Education,Gram Panchayat,551000,575000,459000,1,23-02-2023,13-12-2023,01-01-2024,Completed,TRUE,TRUE,FALSE,,1.04,0.8,19,0.48
MPLADS-01641,Magunta Sreenivasulu Reddy,Andhra Pradesh,ONGOLE,"Railways, Roads, Pathways & Bridges",District PWD,442000,477000,0,0,04-06-2024,31-10-2024,,Not Started,TRUE,TRUE,FALSE,,1.08,0,213,0.17
MPLADS-01642,Magunta Sreenivasulu Reddy,Andhra Pradesh,ONGOLE,Other Public Facilities,Gram Panchayat,406000,441000,264100,2,22-11-2023,10-06-2024,,In Progress,TRUE,TRUE,FALSE,,1.09,0.6,356,0.06
MPLADS-01643,Magunta Sreenivasulu Reddy,Andhra Pradesh,ONGOLE,Education,State Rural Dev Agency,406000,382000,339100,4,10-10-2024,05-03-2025,09-04-2025,Completed,TRUE,TRUE,FALSE,,0.94,0.89,35,-0.44
MPLADS-01644,Magunta Sreenivasulu Reddy,Andhra Pradesh,ONGOLE,Education,Zila Parishad,339000,329000,292400,1,22-11-2024,25-06-2025,28-06-2025,Completed,TRUE,TRUE,FALSE,,0.97,0.89,3,-0.7
MPLADS-01645,Mahendra Singh Solanky,Madhya Pradesh,DEWAS(SC),"Railways, Roads, Pathways & Bridges",State Rural Dev Agency,229000,211000,81000,0,08-11-2023,15-07-2024,,In Progress,TRUE,TRUE,FALSE,,0.92,0.38,321,-1.8
MPLADS-01646,Mahendra Singh Solanky,Madhya Pradesh,DEWAS(SC),Education,Zila Parishad,375000,365000,0,0,28-07-2023,22-05-2024,,Not Started,TRUE,TRUE,FALSE,,0.97,0,375,0.36
MPLADS-01647,Mahendra Singh Solanky,Madhya Pradesh,DEWAS(SC),"Railways, Roads, Pathways & Bridges",Gram Panchayat,370000,402000,213500,2,09-09-2023,26-03-2024,,In Progress,TRUE,TRUE,FALSE,,1.09,0.53,432,0.98
MPLADS-01648,Mahendra Singh Solanky,Madhya Pradesh,DEWAS(SC),Other Public Facilities,Municipal Corporation,251000,269000,208900,3,12-02-2023,07-09-2023,04-10-2023,Completed,TRUE,TRUE,FALSE,,1.07,0.78,27,-0.59
MPLADS-01649,Mahendra Singh Solanky,Madhya Pradesh,DEWAS(SC),Sanitation & Public Health,Gram Panchayat,388000,419000,118200,1,30-10-2024,16-07-2025,,Stalled,FALSE,TRUE,FALSE,,1.08,0.28,0,1.2
MPLADS-01650,Mahendra Singh Solanky,Madhya Pradesh,DEWAS(SC),"Railways, Roads, Pathways & Bridges",Municipal Corporation,318000,307000,146400,1,07-10-2023,30-07-2024,,In Progress,TRUE,TRUE,FALSE,,0.97,0.48,306,-0.4
MPLADS-01651,Mahendra Singh Solanky,Madhya Pradesh,DEWAS(SC),"Railways, Roads, Pathways & Bridges",Zila Parishad,401000,379000,304600,2,09-10-2024,14-08-2025,30-08-2025,Completed,TRUE,TRUE,FALSE,,0.95,0.8,16,0.64
MPLADS-01652,Mahendra Singh Solanky,Madhya Pradesh,DEWAS(SC),Other Public Facilities,District PWD,332000,309000,137600,0,30-06-2024,28-10-2024,,In Progress,TRUE,TRUE,FALSE,,0.93,0.45,216,-0.3
MPLADS-01653,Mahendra Singh Solanky,Madhya Pradesh,DEWAS(SC),Other Public Facilities,Zila Parishad,366000,335000,186400,2,24-05-2023,23-01-2024,,In Progress,TRUE,TRUE,FALSE,,0.92,0.56,495,-0.11
MPLADS-01654,Mahendra Singh Solanky,Madhya Pradesh,DEWAS(SC),Other Public Facilities,Municipal Corporation,391000,408000,244800,1,17-09-2024,10-03-2025,,In Progress,TRUE,TRUE,FALSE,,1.04,0.6,83,0.43
MPLADS-01655,MAHESH KASHYAP,Chhattisgarh,BASTAR(ST),Other Public Facilities,Zila Parishad,601000,653000,510500,3,12-10-2024,12-07-2025,07-08-2025,Completed,TRUE,TRUE,FALSE,,1.09,0.78,26,1.44
MPLADS-01656,MAHESH KASHYAP,Chhattisgarh,BASTAR(ST),"Railways, Roads, Pathways & Bridges",State Rural Dev Agency,341000,371000,111800,0,09-11-2024,27-03-2025,,Stalled,TRUE,TRUE,FALSE,,1.09,0.3,66,-0.72
MPLADS-01657,MAHESH KASHYAP,Chhattisgarh,BASTAR(ST),"Railways, Roads, Pathways & Bridges",District PWD,355000,335000,278000,3,03-12-2023,16-03-2024,17-04-2024,Completed,TRUE,TRUE,FALSE,,0.94,0.83,32,-0.87
MPLADS-01658,MAHESH KASHYAP,Chhattisgarh,BASTAR(ST),"Railways, Roads, Pathways & Bridges",Gram Panchayat,414000,388000,300300,2,15-09-2024,02-06-2025,,In Progress,TRUE,TRUE,FALSE,,0.94,0.77,0,-0.65
MPLADS-01659,MAHESH KASHYAP,Chhattisgarh,BASTAR(ST),Other Public Facilities,State Rural Dev Agency,550000,570000,0,0,23-07-2024,11-04-2025,,Not Started,TRUE,TRUE,FALSE,,1.04,0,51,0.61
MPLADS-01660,Mahesh Sharma,Uttar Pradesh,GAUTAM BUDDHA NAGAR,Education,District PWD,272000,308000,0,0,25-03-2023,18-01-2024,,Not Started,TRUE,TRUE,FALSE,,1.13,0,500,-0.43
MPLADS-01661,Mahesh Sharma,Uttar Pradesh,GAUTAM BUDDHA NAGAR,Other Public Facilities,Gram Panchayat,438000,409000,347000,2,18-11-2024,25-04-2025,18-05-2025,Completed,TRUE,TRUE,FALSE,,0.93,0.85,23,0.13
MPLADS-01662,Mahesh Sharma,Uttar Pradesh,GAUTAM BUDDHA NAGAR,"Railways, Roads, Pathways & Bridges",Cooperative Society,271000,298000,258300,4,07-09-2024,25-08-2025,07-09-2025,Completed,TRUE,TRUE,FALSE,,1.1,0.87,13,-0.52
MPLADS-01663,Mahesh Sharma,Uttar Pradesh,GAUTAM BUDDHA NAGAR,Other Public Facilities,District PWD,342000,594000,313000,1,09-01-2023,06-08-2023,30-08-2023,Completed,FALSE,TRUE,TRUE,no_tender_high_value,1.74,0.53,24,1.2
MPLADS-01664,Mahesh Sharma,Uttar Pradesh,GAUTAM BUDDHA NAGAR,Other Public Facilities,Cooperative Society,422000,405000,214600,1,15-08-2023,10-02-2024,,In Progress,TRUE,TRUE,FALSE,,0.96,0.53,477,0.11
MPLADS-01665,Mahesh Sharma,Uttar Pradesh,GAUTAM BUDDHA NAGAR,Other Public Facilities,Cooperative Society,298000,312000,272600,2,02-01-2024,21-06-2024,06-06-2024,Completed,TRUE,TRUE,FALSE,,1.05,0.87,-15,-0.43
MPLADS-01666,MAHIMA KUMARI MEWAR,Rajasthan,RAJSAMAND,Education,Municipal Corporation,459000,454000,324100,2,15-08-2023,30-12-2023,08-01-2024,Completed,TRUE,TRUE,FALSE,,0.99,0.71,9,-1.01
MPLADS-01667,MAHIMA KUMARI MEWAR,Rajasthan,RAJSAMAND,"Railways, Roads, Pathways & Bridges",Zila Parishad,685000,774000,122300,0,19-05-2024,05-12-2024,,Stalled,TRUE,TRUE,FALSE,,1.13,0.16,178,0.23
MPLADS-01668,MAHIMA KUMARI MEWAR,Rajasthan,RAJSAMAND,Other Public Facilities,Gram Panchayat,601000,563000,455300,3,15-10-2024,16-05-2025,18-05-2025,Completed,TRUE,TRUE,FALSE,,0.94,0.81,2,-0.47
MPLADS-01669,MAHIMA KUMARI MEWAR,Rajasthan,RAJSAMAND,Others,Cooperative Society,448000,461000,270400,2,24-06-2023,22-11-2023,,In Progress,TRUE,TRUE,FALSE,,1.03,0.59,557,-1.5
MPLADS-01670,MAHIMA KUMARI MEWAR,Rajasthan,RAJSAMAND,Education,District PWD,499000,549000,221800,1,09-09-2024,28-05-2025,,In Progress,TRUE,FALSE,TRUE,no_mp_recommendation,1.1,0.4,4,-0.26
MPLADS-01671,MAHIMA KUMARI MEWAR,Rajasthan,RAJSAMAND,"Railways, Roads, Pathways & Bridges",State Rural Dev Agency,551000,628000,581500,2,11-05-2023,30-12-2023,11-01-2024,Completed,TRUE,TRUE,FALSE,,1.14,0.93,12,-0.22
MPLADS-01672,Mala Rajya Laxmi Shah,Uttarakhand,TEHRI GARHWAL,Others,Cooperative Society,267000,282000,241300,2,08-10-2023,07-07-2024,30-07-2024,Completed,TRUE,TRUE,FALSE,,1.06,0.86,23,0.3
MPLADS-01673,Mala Rajya Laxmi Shah,Uttarakhand,TEHRI GARHWAL,Other Public Facilities,Gram Panchayat,335000,348000,52700,0,25-11-2024,07-07-2025,,In Progress,TRUE,TRUE,FALSE,,1.04,0.15,0,0.8
MPLADS-01674,Mala Rajya Laxmi Shah,Uttarakhand,TEHRI GARHWAL,Other Public Facilities,District PWD,308000,317000,20000,0,03-01-2023,19-05-2023,,Stalled,TRUE,TRUE,TRUE,duplicate_work,1.03,0.06,744,0.13
MPLADS-01675,Mala Rajya Laxmi Shah,Uttarakhand,TEHRI GARHWAL,Education,Cooperative Society,206000,211000,194700,4,27-11-2023,22-10-2024,11-12-2024,Completed,TRUE,TRUE,FALSE,,1.02,0.92,50,-0.52
MPLADS-01676,Mala Rajya Laxmi Shah,Uttarakhand,TEHRI GARHWAL,Other Public Facilities,Cooperative Society,351000,364000,227500,3,14-06-2024,05-06-2025,,In Progress,TRUE,FALSE,TRUE,no_mp_recommendation,1.04,0.62,0,1.15
MPLADS-01677,Mala Rajya Laxmi Shah,Uttarakhand,TEHRI GARHWAL,"Railways, Roads, Pathways & Bridges",Municipal Corporation,344000,353000,300200,3,18-08-2023,01-03-2024,30-03-2024,Completed,TRUE,TRUE,FALSE,,1.03,0.85,29,0.69
MPLADS-01678,Mala Roy,West Bengal,KOLKATA DAKSHIN,Other Public Facilities,District PWD,630000,696000,567600,3,06-01-2023,30-08-2023,06-09-2023,Completed,TRUE,TRUE,FALSE,,1.1,0.82,7,0.14
MPLADS-01679,Mala Roy,West Bengal,KOLKATA DAKSHIN,Other Public Facilities,Zila Parishad,676000,618000,124300,0,20-08-2023,03-01-2024,,Stalled,TRUE,TRUE,FALSE,,0.91,0.2,515,-0.17
MPLADS-01680,Mala Roy,West Bengal,KOLKATA DAKSHIN,"Railways, Roads, Pathways & Bridges",District PWD,761000,735000,588500,2,21-07-2023,12-01-2024,03-02-2024,Completed,TRUE,FALSE,TRUE,no_mp_recommendation,0.97,0.8,22,0.19
MPLADS-01681,Mala Roy,West Bengal,KOLKATA DAKSHIN,Others,Cooperative Society,471000,476000,179000,1,29-01-2023,18-12-2023,,In Progress,TRUE,TRUE,FALSE,,1.01,0.38,531,-1.39
MPLADS-01682,Mala Roy,West Bengal,KOLKATA DAKSHIN,Other Public Facilities,Municipal Corporation,856000,962000,0,0,09-12-2023,10-06-2024,,Not Started,TRUE,TRUE,FALSE,,1.12,0,356,1.17
MPLADS-01683,Mala Roy,West Bengal,KOLKATA DAKSHIN,"Railways, Roads, Pathways & Bridges",District PWD,446000,493000,0,0,25-02-2023,19-07-2023,,Not Started,TRUE,TRUE,FALSE,,1.11,0,683,-0.72
MPLADS-01684,Mala Roy,West Bengal,KOLKATA DAKSHIN,"Railways, Roads, Pathways & Bridges",State Rural Dev Agency,618000,669000,487000,1,06-09-2024,25-05-2025,,In Progress,TRUE,TRUE,FALSE,,1.08,0.73,7,-0.06
MPLADS-01685,MALAIYARASAN D,Tamil Nadu,KALLAKURICHI,"Railways, Roads, Pathways & Bridges",Municipal Corporation,1046000,989000,829400,3,08-05-2023,24-12-2023,12-12-2023,Completed,TRUE,TRUE,FALSE,,0.95,0.84,-12,-0.01
MPLADS-01686,MALAIYARASAN D,Tamil Nadu,KALLAKURICHI,Others,Gram Panchayat,609000,619000,545200,3,11-12-2024,17-03-2025,08-05-2025,Completed,TRUE,TRUE,FALSE,,1.02,0.88,52,-1.38
MPLADS-01687,MALAIYARASAN D,Tamil Nadu,KALLAKURICHI,"Railways, Roads, Pathways & Bridges",Cooperative Society,672000,669000,557300,1,26-02-2023,09-02-2024,15-03-2024,Completed,TRUE,TRUE,FALSE,,1,0.83,35,-0.96
MPLADS-01688,MALAIYARASAN D,Tamil Nadu,KALLAKURICHI,Others,District PWD,616000,700000,653200,2,27-02-2023,06-09-2023,,Not Started,TRUE,TRUE,TRUE,ghost_project,1.14,0.93,634,-0.87
MPLADS-01689,MALAIYARASAN D,Tamil Nadu,KALLAKURICHI,Other Public Facilities,Cooperative Society,1199000,1369000,0,0,24-09-2024,05-02-2025,,Not Started,TRUE,TRUE,FALSE,,1.14,0,116,0.8
MPLADS-01690,MALAIYARASAN D,Tamil Nadu,KALLAKURICHI,Other Public Facilities,State Rural Dev Agency,991000,1075000,967600,3,30-09-2024,16-02-2025,13-04-2025,Completed,TRUE,TRUE,FALSE,,1.08,0.9,56,0.13
MPLADS-01691,MALAIYARASAN D,Tamil Nadu,KALLAKURICHI,Education,District PWD,1197000,1251000,473400,3,26-09-2024,16-07-2024,15-10-2025,Stalled,TRUE,TRUE,TRUE,delayed_stalled,1.05,0.38,456,0.53
MPLADS-01692,MALVIKA DEVI,Odisha,KALAHANDI,"Railways, Roads, Pathways & Bridges",District PWD,198000,628000,568000,0,09-04-2024,16-09-2024,,In Progress,TRUE,TRUE,TRUE,cost_overrun,3.17,0.9,258,2.78
MPLADS-01693,MALVINDER SINGH KANG,Punjab,ANANDPUR SAHIB,Education,State Rural Dev Agency,232000,257000,69400,1,01-09-2024,27-03-2025,,In Progress,TRUE,TRUE,FALSE,,1.11,0.27,66,0.56
MPLADS-01694,MALVINDER SINGH KANG,Punjab,ANANDPUR SAHIB,Others,Cooperative Society,262000,264000,135900,2,10-05-2023,01-02-2024,,In Progress,TRUE,TRUE,FALSE,,1.01,0.51,486,-0.37
MPLADS-01695,MALVINDER SINGH KANG,Punjab,ANANDPUR SAHIB,Sanitation & Public Health,District PWD,274000,275000,216200,1,27-09-2024,26-09-2025,22-10-2025,Completed,TRUE,TRUE,FALSE,,1,0.79,26,0.71
MPLADS-01696,MANI. A.,Tamil Nadu,DHARAMAPURI,Other Public Facilities,Municipal Corporation,780000,740000,688800,3,11-05-2023,02-05-2024,10-05-2024,Completed,TRUE,TRUE,FALSE,,0.95,0.93,8,-0.63
MPLADS-01697,MANI. A.,Tamil Nadu,DHARAMAPURI,Others,Gram Panchayat,1014000,1015000,824500,2,15-11-2023,07-10-2024,,In Progress,TRUE,TRUE,FALSE,,1,0.81,237,1.15
MPLADS-01698,MANI. A.,Tamil Nadu,DHARAMAPURI,Sanitation & Public Health,State Rural Dev Agency,1181000,1248000,920100,3,13-11-2023,22-09-2024,,In Progress,TRUE,TRUE,TRUE,duplicate_work,1.06,0.74,252,0.97
MPLADS-01699,MANI. A.,Tamil Nadu,DHARAMAPURI,"Railways, Roads, Pathways & Bridges",State Rural Dev Agency,708000,723000,474400,1,23-08-2024,02-06-2025,,In Progress,TRUE,TRUE,FALSE,,1.02,0.66,0,-0.8
MPLADS-01700,Manickam Tagore B,Tamil Nadu,VIRUDHUNAGAR,Others,Zila Parishad,1026000,1026000,849000,2,25-02-2023,17-07-2023,25-07-2023,Completed,TRUE,TRUE,FALSE,,1,0.83,8,1.22
MPLADS-01701,MANISH JAISWAL,Jharkhand,HAZARIBAGH,"Railways, Roads, Pathways & Bridges",Gram Panchayat,421000,389000,291700,2,12-03-2023,08-10-2023,03-11-2023,Completed,TRUE,TRUE,FALSE,,0.92,0.75,26,-0.27
MPLADS-01702,MANISH JAISWAL,Jharkhand,HAZARIBAGH,Education,Municipal Corporation,426000,486000,172000,0,06-09-2024,30-01-2025,,In Progress,TRUE,TRUE,FALSE,,1.14,0.35,122,0.62
MPLADS-01703,MANISH JAISWAL,Jharkhand,HAZARIBAGH,Sanitation & Public Health,District PWD,305000,276000,236300,3,22-09-2024,06-02-2025,03-03-2025,Completed,TRUE,TRUE,FALSE,,0.9,0.86,25,-1.18
MPLADS-01704,MANISH JAISWAL,Jharkhand,HAZARIBAGH,"Railways, Roads, Pathways & Bridges",Zila Parishad,461000,436000,353700,1,22-05-2024,04-02-2025,16-02-2025,Completed,FALSE,TRUE,FALSE,,0.95,0.81,12,0.23
MPLADS-01705,MANISH JAISWAL,Jharkhand,HAZARIBAGH,Other Public Facilities,Municipal Corporation,537000,1733000,1532300,1,22-04-2024,02-02-2025,,In Progress,TRUE,TRUE,TRUE,cost_overrun,3.23,0.88,119,3.74
MPLADS-01706,MANISH JAISWAL,Jharkhand,HAZARIBAGH,"Railways, Roads, Pathways & Bridges",Municipal Corporation,289000,260000,222500,3,20-01-2024,24-07-2024,24-07-2024,Completed,TRUE,TRUE,FALSE,,0.9,0.86,0,-1.62
MPLADS-01707,MANISH JAISWAL,Jharkhand,HAZARIBAGH,Sanitation & Public Health,Municipal Corporation,304000,298000,236400,2,11-01-2023,25-04-2023,06-05-2023,Completed,FALSE,TRUE,FALSE,,0.98,0.79,11,-0.93
MPLADS-01708,MANISH JAISWAL,Jharkhand,HAZARIBAGH,Other Public Facilities,District PWD,468000,483000,399800,3,26-03-2024,21-10-2024,31-10-2024,Completed,TRUE,TRUE,FALSE,,1.03,0.83,10,-0.21
MPLADS-01709,MANISH TEWARI,Chandigarh,CHANDIGARH,"Railways, Roads, Pathways & Bridges",Municipal Corporation,1306000,1340000,1175300,4,31-01-2023,20-12-2023,19-12-2023,Completed,TRUE,TRUE,FALSE,,1.03,0.88,-1,0
MPLADS-01710,MANISH TEWARI,Chandigarh,CHANDIGARH,Others,District PWD,2155000,2391000,2235200,4,28-06-2023,04-01-2024,21-12-2023,Completed,TRUE,TRUE,FALSE,,1.11,0.93,-14,0.71
MPLADS-01711,MANISH TEWARI,Chandigarh,CHANDIGARH,Others,Cooperative Society,1659000,1636000,0,0,30-06-2023,18-11-2023,,Not Started,TRUE,FALSE,FALSE,,0.99,0,561,-0.71
MPLADS-01712,MANISH TEWARI,Chandigarh,CHANDIGARH,Drinking Water Facility,Zila Parishad,1711000,1893000,1880600,4,21-05-2023,04-01-2024,26-02-2024,Not Started,TRUE,TRUE,TRUE,ghost_project,1.11,0.99,53,0
MPLADS-01713,MANISH TEWARI,Chandigarh,CHANDIGARH,Other Public Facilities,Zila Parishad,1263000,1407000,988100,3,09-11-2023,10-08-2024,,In Progress,TRUE,TRUE,FALSE,,1.11,0.7,295,0
MPLADS-01714,MANJU SHARMA,Rajasthan,JAIPUR,Education,Cooperative Society,819000,898000,155900,0,23-06-2024,25-05-2025,,Stalled,TRUE,TRUE,FALSE,,1.1,0.17,7,2.49
MPLADS-01715,MANJU SHARMA,Rajasthan,JAIPUR,"Railways, Roads, Pathways & Bridges",Zila Parishad,583000,629000,531900,3,08-03-2023,06-07-2023,07-07-2023,Completed,TRUE,TRUE,TRUE,duplicate_work,1.08,0.85,1,-0.22
MPLADS-01716,MANJU SHARMA,Rajasthan,JAIPUR,"Railways, Roads, Pathways & Bridges",Gram Panchayat,692000,784000,275600,1,16-07-2023,18-12-2023,,In Progress,TRUE,TRUE,FALSE,,1.13,0.35,531,0.26
MPLADS-01717,MANJU SHARMA,Rajasthan,JAIPUR,Others,Zila Parishad,811000,778000,702300,3,13-10-2024,07-02-2025,30-01-2025,Completed,FALSE,FALSE,TRUE,no_mp_recommendation,0.96,0.9,-8,0.98
MPLADS-01718,MANJU SHARMA,Rajasthan,JAIPUR,Education,Cooperative Society,483000,505000,453100,2,02-07-2024,10-02-2025,20-03-2025,Completed,TRUE,TRUE,FALSE,,1.05,0.9,38,-0.61
MPLADS-01719,MANNA LAL RAWAT,Rajasthan,UDAIPUR(ST),Education,Gram Panchayat,428000,405000,0,0,14-10-2023,04-08-2024,,Not Started,TRUE,TRUE,FALSE,,0.95,0,301,-1.39
MPLADS-01720,MANNA LAL RAWAT,Rajasthan,UDAIPUR(ST),Other Public Facilities,State Rural Dev Agency,710000,742000,270400,0,03-08-2023,21-07-2024,,In Progress,TRUE,TRUE,FALSE,,1.05,0.36,315,0.91
MPLADS-01721,MANNA LAL RAWAT,Rajasthan,UDAIPUR(ST),Other Public Facilities,State Rural Dev Agency,708000,693000,556000,2,08-03-2023,01-11-2023,06-12-2023,Completed,TRUE,TRUE,FALSE,,0.98,0.8,35,0.53
MPLADS-01722,MANNA LAL RAWAT,Rajasthan,UDAIPUR(ST),Other Public Facilities,Municipal Corporation,732000,671000,328000,2,19-01-2024,05-10-2024,,In Progress,TRUE,TRUE,FALSE,,0.92,0.49,239,0.36
MPLADS-01723,MANOHAR LAL,Haryana,KARNAL,Sanitation & Public Health,Municipal Corporation,329000,323000,89000,1,22-06-2024,19-11-2024,,In Progress,TRUE,TRUE,FALSE,,0.98,0.28,194,-1.57
MPLADS-01724,MANOHAR LAL,Haryana,KARNAL,Other Public Facilities,District PWD,443000,409000,373200,3,18-08-2024,07-04-2025,05-04-2025,Completed,TRUE,TRUE,FALSE,,0.92,0.91,-2,-0.74
MPLADS-01725,MANOHAR LAL,Haryana,KARNAL,Other Public Facilities,Gram Panchayat,506000,573000,490900,2,01-08-2023,12-07-2024,02-08-2024,Completed,TRUE,TRUE,FALSE,,1.13,0.86,21,0.78
MPLADS-01726,MANOHAR LAL,Haryana,KARNAL,Drinking Water Facility,Municipal Corporation,390000,413000,349100,3,12-08-2023,26-03-2024,15-03-2024,Completed,TRUE,TRUE,FALSE,,1.06,0.85,-11,-0.56
MPLADS-01727,MANOHAR LAL,Haryana,KARNAL,Other Public Facilities,Gram Panchayat,552000,544000,159500,0,18-09-2023,22-05-2024,,In Progress,TRUE,TRUE,FALSE,,0.99,0.29,375,0.51
MPLADS-01728,MANOJ KUMAR,Bihar,SASARAM(SC),Others,State Rural Dev Agency,493000,482000,446800,4,15-06-2024,31-01-2025,21-03-2025,Completed,TRUE,TRUE,FALSE,,0.98,0.93,49,-1.06
MPLADS-01729,MANOJ KUMAR,Bihar,SASARAM(SC),"Railways, Roads, Pathways & Bridges",Gram Panchayat,580000,574000,472800,2,11-12-2023,25-10-2024,09-10-2024,Completed,TRUE,TRUE,FALSE,,0.99,0.82,-16,-0.32
MPLADS-01730,MANOJ KUMAR,Bihar,SASARAM(SC),Other Public Facilities,Municipal Corporation,652000,658000,561600,4,21-11-2023,16-07-2024,12-07-2024,Completed,FALSE,TRUE,FALSE,,1.01,0.85,-4,-0.04
MPLADS-01731,MANOJ KUMAR,Bihar,SASARAM(SC),"Railways, Roads, Pathways & Bridges",State Rural Dev Agency,778000,826000,586000,1,22-10-2024,25-01-2025,03-03-2025,Completed,TRUE,TRUE,FALSE,,1.06,0.71,37,0.51
MPLADS-01732,MANOJ TIGGA,West Bengal,ALIPURDUARS(ST),Other Public Facilities,Zila Parishad,505000,561000,436600,2,09-06-2024,18-04-2025,,In Progress,TRUE,TRUE,FALSE,,1.11,0.78,44,-0.39
MPLADS-01733,MANOJ TIGGA,West Bengal,ALIPURDUARS(ST),"Railways, Roads, Pathways & Bridges",Municipal Corporation,702000,712000,602400,4,11-04-2023,12-12-2023,01-02-2024,Completed,TRUE,TRUE,FALSE,,1.01,0.85,51,0.1
MPLADS-01734,MANOJ TIGGA,West Bengal,ALIPURDUARS(ST),Other Public Facilities,Cooperative Society,765000,705000,373700,1,21-07-2023,02-12-2023,,In Progress,TRUE,TRUE,FALSE,,0.92,0.53,547,0.17
MPLADS-01735,MANOJ TIGGA,West Bengal,ALIPURDUARS(ST),"Railways, Roads, Pathways & Bridges",Cooperative Society,697000,660000,614800,2,09-10-2023,27-06-2024,21-06-2024,Completed,TRUE,TRUE,FALSE,,0.95,0.93,-6,-0.09
MPLADS-01736,MANOJ TIGGA,West Bengal,ALIPURDUARS(ST),Education,Municipal Corporation,534000,599000,191900,1,10-07-2024,23-10-2024,,Stalled,FALSE,TRUE,FALSE,,1.12,0.32,221,-0.52
MPLADS-01737,MANOJ TIGGA,West Bengal,ALIPURDUARS(ST),"Railways, Roads, Pathways & Bridges",District PWD,437000,501000,86200,0,18-02-2024,15-11-2024,,Stalled,TRUE,TRUE,FALSE,,1.15,0.17,198,-0.69
MPLADS-01738,MANOJ TIGGA,West Bengal,ALIPURDUARS(ST),Drinking Water Facility,Gram Panchayat,549000,541000,316800,2,28-04-2024,21-01-2025,,In Progress,TRUE,TRUE,FALSE,,0.99,0.59,131,-0.54
MPLADS-01739,Manoj Tiwari,Delhi,NORTH EAST DELHI,"Railways, Roads, Pathways & Bridges",State Rural Dev Agency,3085000,3131000,2682100,3,22-08-2023,11-12-2023,05-02-2024,Completed,TRUE,TRUE,FALSE,,1.01,0.86,56,1.59
MPLADS-01740,Manoj Tiwari,Delhi,NORTH EAST DELHI,Other Public Facilities,Gram Panchayat,3111000,2971000,0,0,24-08-2024,10-07-2025,,Not Started,TRUE,TRUE,FALSE,,0.95,0,0,0.99
MPLADS-01741,Mansukhbhai Dhanjibhai Vasava,Gujarat,BHARUCH,Others,Cooperative Society,241000,248000,0,0,15-12-2023,29-06-2024,,Not Started,TRUE,TRUE,FALSE,,1.03,0,337,-0.52
MPLADS-01742,Mansukhbhai Dhanjibhai Vasava,Gujarat,BHARUCH,Education,Municipal Corporation,332000,370000,320700,3,03-03-2024,28-09-2024,08-10-2024,Completed,TRUE,TRUE,FALSE,,1.11,0.87,10,1.74
MPLADS-01743,Mansukhbhai Dhanjibhai Vasava,Gujarat,BHARUCH,"Railways, Roads, Pathways & Bridges",District PWD,352000,351000,219000,2,23-05-2023,26-01-2024,,In Progress,TRUE,TRUE,FALSE,,1,0.62,492,0.31
MPLADS-01744,Mansukhbhai Dhanjibhai Vasava,Gujarat,BHARUCH,"Railways, Roads, Pathways & Bridges",Gram Panchayat,333000,349000,0,0,26-05-2024,26-04-2025,,Not Started,TRUE,TRUE,FALSE,,1.05,0,36,0.29
MPLADS-01745,Mansukhbhai Dhanjibhai Vasava,Gujarat,BHARUCH,Education,State Rural Dev Agency,342000,309000,243800,3,11-03-2024,09-07-2024,,In Progress,TRUE,TRUE,FALSE,,0.9,0.79,327,0.7
MPLADS-01746,Mansukhbhai Dhanjibhai Vasava,Gujarat,BHARUCH,Other Public Facilities,Zila Parishad,285000,317000,258100,2,03-11-2023,05-04-2024,20-04-2024,Completed,FALSE,TRUE,FALSE,,1.11,0.81,15,0.66
MPLADS-01747,MIAN ALTAF AHMAD,Jammu And Kashmir,ANANTNAG,"Railways, Roads, Pathways & Bridges",State Rural Dev Agency,1630000,1642000,319700,0,07-06-2023,29-04-2024,,Stalled,TRUE,TRUE,FALSE,,1.01,0.19,398,0.3
MPLADS-01748,MIAN ALTAF AHMAD,Jammu And Kashmir,ANANTNAG,Others,Gram Panchayat,1481000,1586000,921300,1,14-09-2024,16-02-2025,,In Progress,TRUE,TRUE,FALSE,,1.07,0.58,105,0.65
MPLADS-01749,MIAN ALTAF AHMAD,Jammu And Kashmir,ANANTNAG,Other Public Facilities,State Rural Dev Agency,1129000,1091000,457500,2,07-03-2023,05-10-2023,,In Progress,TRUE,TRUE,FALSE,,0.97,0.42,605,-0.58
MPLADS-01750,MIAN ALTAF AHMAD,Jammu And Kashmir,ANANTNAG,"Railways, Roads, Pathways & Bridges",Cooperative Society,1326000,3326000,2811300,3,07-04-2024,06-09-2024,,In Progress,TRUE,TRUE,TRUE,cost_overrun,2.51,0.85,268,3.02
MPLADS-01751,Midhun Reddy,Andhra Pradesh,RAJAMPET,Others,District PWD,446000,490000,433100,3,20-07-2024,17-01-2025,13-02-2025,Completed,TRUE,TRUE,FALSE,,1.1,0.88,27,0.24
MPLADS-01752,Midhun Reddy,Andhra Pradesh,RAJAMPET,Other Public Facilities,Zila Parishad,301000,312000,265100,2,11-07-2023,14-02-2024,08-04-2024,Completed,TRUE,TRUE,FALSE,,1.04,0.85,54,-1.37
MPLADS-01753,MISHA BHARTI,Bihar,PATALIPUTRA,Other Public Facilities,Municipal Corporation,763000,740000,250300,2,27-08-2023,20-03-2023,10-04-2024,Stalled,TRUE,TRUE,TRUE,delayed_stalled,0.97,0.34,387,0.35
MPLADS-01754,MISHA BHARTI,Bihar,PATALIPUTRA,"Railways, Roads, Pathways & Bridges",Gram Panchayat,609000,586000,520900,4,14-06-2024,24-12-2024,05-02-2025,Completed,TRUE,TRUE,FALSE,,0.96,0.89,43,-0.28
MPLADS-01755,MISHA BHARTI,Bihar,PATALIPUTRA,"Railways, Roads, Pathways & Bridges",Cooperative Society,612000,684000,179100,1,10-06-2023,22-09-2023,,Stalled,TRUE,TRUE,FALSE,,1.12,0.26,618,0.04
MPLADS-01756,MISHA BHARTI,Bihar,PATALIPUTRA,Other Public Facilities,Zila Parishad,647000,721000,624700,3,12-03-2023,07-07-2023,14-07-2023,Completed,TRUE,TRUE,FALSE,,1.11,0.87,7,0.26
MPLADS-01757,MISHA BHARTI,Bihar,PATALIPUTRA,Other Public Facilities,State Rural Dev Agency,507000,558000,465800,2,14-11-2023,31-05-2024,27-05-2024,Completed,TRUE,TRUE,FALSE,,1.1,0.83,-4,-0.53
MPLADS-01758,Mitesh Rameshbhai Bakabhai Patel,Gujarat,ANAND,"Railways, Roads, Pathways & Bridges",Cooperative Society,272000,973000,954100,0,11-08-2024,30-06-2025,,Stalled,TRUE,TRUE,TRUE,cost_overrun,3.58,0.98,0,5.06
MPLADS-01759,Mitesh Rameshbhai Bakabhai Patel,Gujarat,ANAND,"Railways, Roads, Pathways & Bridges",District PWD,361000,372000,312600,4,14-04-2024,07-12-2024,18-01-2025,Completed,FALSE,TRUE,FALSE,,1.03,0.84,42,0.47
MPLADS-01760,Mitesh Rameshbhai Bakabhai Patel,Gujarat,ANAND,Other Public Facilities,State Rural Dev Agency,215000,201000,59700,1,13-02-2024,08-07-2024,,In Progress,TRUE,TRUE,FALSE,,0.93,0.3,328,-1.4
MPLADS-01761,Mitesh Rameshbhai Bakabhai Patel,Gujarat,ANAND,"Railways, Roads, Pathways & Bridges",Municipal Corporation,190000,216000,114200,2,17-05-2024,30-09-2024,,In Progress,TRUE,TRUE,FALSE,,1.14,0.53,244,-0.72
MPLADS-01762,Mitesh Rameshbhai Bakabhai Patel,Gujarat,ANAND,Others,Cooperative Society,272000,273000,74600,0,23-10-2024,18-05-2024,,Stalled,TRUE,TRUE,TRUE,delayed_stalled,1,0.27,379,-0.37
MPLADS-01763,Mohamed Haneefa,Ladakh,LADAKH,Drinking Water Facility,Gram Panchayat,1442000,1304000,1012000,3,01-11-2023,10-03-2024,20-03-2024,Completed,TRUE,TRUE,FALSE,,0.9,0.78,10,0
MPLADS-01764,Mohamed Haneefa,Ladakh,LADAKH,"Railways, Roads, Pathways & Bridges",Gram Panchayat,1376000,2361000,1213200,3,13-09-2023,12-08-2024,18-08-2024,Completed,FALSE,TRUE,TRUE,no_tender_high_value,1.72,0.51,6,0.71
MPLADS-01765,Mohamed Haneefa,Ladakh,LADAKH,"Railways, Roads, Pathways & Bridges",District PWD,1378000,1246000,989700,2,05-11-2024,12-02-2025,02-03-2025,Completed,TRUE,TRUE,FALSE,,0.9,0.79,18,-0.71
MPLADS-01766,MOHIBBULLAH,Uttar Pradesh,RAMPUR,Others,State Rural Dev Agency,462000,437000,0,0,03-09-2023,04-01-2024,,Not Started,TRUE,TRUE,FALSE,,0.95,0,514,1
MPLADS-01767,MOHIBBULLAH,Uttar Pradesh,RAMPUR,Other Public Facilities,Zila Parishad,384000,427000,384300,3,26-10-2023,17-08-2024,,In Progress,TRUE,TRUE,FALSE,,1.11,0.9,288,0.23
MPLADS-01768,MOHIBBULLAH,Uttar Pradesh,RAMPUR,Drinking Water Facility,Municipal Corporation,341000,362000,290300,3,20-05-2024,18-01-2025,18-02-2025,Completed,TRUE,TRUE,FALSE,,1.06,0.8,31,-0.08
MPLADS-01769,MOHIBBULLAH,Uttar Pradesh,RAMPUR,Other Public Facilities,Gram Panchayat,380000,391000,0,0,20-03-2023,22-12-2023,,Not Started,TRUE,TRUE,FALSE,,1.03,0,527,0.03
MPLADS-01770,MOHIBBULLAH,Uttar Pradesh,RAMPUR,"Railways, Roads, Pathways & Bridges",District PWD,231000,240000,189000,2,06-04-2024,14-12-2024,09-02-2025,Completed,TRUE,TRUE,FALSE,,1.04,0.79,57,-0.98
MPLADS-01771,MOHITE PATIL DHAIRYASHEEL RAJSINH,Maharashtra,MADHA,Education,Municipal Corporation,490000,551000,143400,0,16-03-2023,05-02-2024,,In Progress,TRUE,TRUE,FALSE,,1.12,0.26,482,-0.35
MPLADS-01772,MOHITE PATIL DHAIRYASHEEL RAJSINH,Maharashtra,MADHA,"Railways, Roads, Pathways & Bridges",District PWD,416000,404000,0,0,13-02-2024,04-02-2025,,Not Started,TRUE,FALSE,FALSE,,0.97,0,117,-1.5
MPLADS-01773,MOHITE PATIL DHAIRYASHEEL RAJSINH,Maharashtra,MADHA,Education,Gram Panchayat,721000,731000,187800,1,27-12-2024,21-06-2025,,Stalled,TRUE,TRUE,FALSE,,1.01,0.26,0,0.19
MPLADS-01774,MOHITE PATIL DHAIRYASHEEL RAJSINH,Maharashtra,MADHA,"Railways, Roads, Pathways & Bridges",Gram Panchayat,600000,688000,626900,3,17-04-2024,04-10-2024,16-11-2024,Completed,TRUE,TRUE,FALSE,,1.15,0.91,43,0.64
MPLADS-01775,MOHITE PATIL DHAIRYASHEEL RAJSINH,Maharashtra,MADHA,"Railways, Roads, Pathways & Bridges",District PWD,673000,634000,227600,0,24-05-2023,11-02-2024,,In Progress,TRUE,TRUE,FALSE,,0.94,0.36,476,0.24
MPLADS-01776,MOHITE PATIL DHAIRYASHEEL RAJSINH,Maharashtra,MADHA,Others,Gram Panchayat,653000,709000,576400,1,13-09-2024,28-04-2025,15-05-2025,Completed,TRUE,TRUE,FALSE,,1.09,0.81,17,0.66
MPLADS-01777,Mr Gopal Jee Thakur,Bihar,DARBHANGA,"Railways, Roads, Pathways & Bridges",Zila Parishad,505000,525000,444300,3,22-06-2023,23-04-2024,28-04-2024,Completed,TRUE,TRUE,FALSE,,1.04,0.85,5,-0.48
MPLADS-01778,Mr Gopal Jee Thakur,Bihar,DARBHANGA,"Railways, Roads, Pathways & Bridges",Cooperative Society,508000,577000,465900,3,27-03-2024,14-03-2025,12-05-2025,Completed,TRUE,TRUE,FALSE,,1.14,0.81,59,-0.31
MPLADS-01779,Mr Gopal Jee Thakur,Bihar,DARBHANGA,"Railways, Roads, Pathways & Bridges",State Rural Dev Agency,505000,497000,439500,2,29-06-2024,23-12-2024,17-02-2025,Completed,TRUE,TRUE,FALSE,,0.98,0.88,56,-0.58
MPLADS-01780,Mr Gopal Jee Thakur,Bihar,DARBHANGA,Others,Cooperative Society,762000,717000,504500,1,18-10-2024,12-09-2025,,In Progress,TRUE,TRUE,FALSE,,0.94,0.7,0,0.95
MPLADS-01781,Mr Gopal Jee Thakur,Bihar,DARBHANGA,"Railways, Roads, Pathways & Bridges",Gram Panchayat,691000,735000,593000,1,12-11-2023,07-03-2024,12-03-2024,Completed,TRUE,TRUE,FALSE,,1.06,0.81,5,0.21
MPLADS-01782,Mr Gopal Jee Thakur,Bihar,DARBHANGA,"Railways, Roads, Pathways & Bridges",District PWD,521000,499000,177000,1,26-07-2023,16-12-2023,,Stalled,TRUE,TRUE,FALSE,,0.96,0.35,533,-0.57
MPLADS-01783,Mr Gopal Jee Thakur,Bihar,DARBHANGA,Education,Zila Parishad,759000,718000,585700,4,17-01-2023,22-08-2023,04-08-2023,Completed,TRUE,TRUE,FALSE,,0.95,0.82,-18,0.54
MPLADS-01784,Ms Mahua Moitra,West Bengal,KRISHNANAGAR,Other Public Facilities,Cooperative Society,767000,2431000,2279700,2,27-11-2024,24-10-2025,,In Progress,TRUE,TRUE,TRUE,cost_overrun,3.17,0.94,0,6.9
MPLADS-01785,Ms Mahua Moitra,West Bengal,KRISHNANAGAR,Education,Municipal Corporation,680000,746000,299300,1,21-06-2023,28-03-2024,,In Progress,FALSE,TRUE,FALSE,,1.1,0.4,430,0.48
MPLADS-01786,Ms Mahua Moitra,West Bengal,KRISHNANAGAR,"Railways, Roads, Pathways & Bridges",State Rural Dev Agency,741000,683000,320400,1,27-11-2023,15-09-2024,,In Progress,TRUE,TRUE,FALSE,,0.92,0.47,259,-0.01
MPLADS-01787,Ms Mahua Moitra,West Bengal,KRISHNANAGAR,"Railways, Roads, Pathways & Bridges",Municipal Corporation,543000,574000,177500,1,09-02-2024,04-12-2024,,Stalled,TRUE,TRUE,FALSE,,1.06,0.31,179,-0.42
MPLADS-01788,Ms Mahua Moitra,West Bengal,KRISHNANAGAR,Other Public Facilities,Gram Panchayat,822000,742000,648300,3,28-11-2023,17-11-2024,04-12-2024,Completed,TRUE,TRUE,FALSE,,0.9,0.87,17,0.31
MPLADS-01789,Ms Mahua Moitra,West Bengal,KRISHNANAGAR,"Railways, Roads, Pathways & Bridges",Cooperative Society,605000,586000,372000,1,06-08-2023,23-01-2024,,In Progress,TRUE,TRUE,FALSE,,0.97,0.63,495,-0.37
MPLADS-01790,MUHAMMED HAMDULLAH SAYEED,Lakshadweep,LAKSHADWEEP(ST),Drinking Water Facility,Municipal Corporation,14397000,13394000,11204700,4,30-09-2024,15-02-2025,15-02-2025,Completed,TRUE,TRUE,FALSE,,0.93,0.84,0,-0.71
MPLADS-01791,MUHAMMED HAMDULLAH SAYEED,Lakshadweep,LAKSHADWEEP(ST),Education,State Rural Dev Agency,13929000,13377000,1337700,0,05-09-2024,17-04-2025,,In Progress,TRUE,TRUE,FALSE,,0.96,0.1,45,0
MPLADS-01792,MUHAMMED HAMDULLAH SAYEED,Lakshadweep,LAKSHADWEEP(ST),Other Public Facilities,Cooperative Society,17360000,17341000,14103200,3,25-06-2023,12-03-2024,08-05-2024,Completed,TRUE,TRUE,FALSE,,1,0.81,57,0
MPLADS-01793,MUHAMMED HAMDULLAH SAYEED,Lakshadweep,LAKSHADWEEP(ST),Drinking Water Facility,Zila Parishad,15135000,14106000,11808700,2,14-12-2024,01-08-2025,03-08-2025,Completed,TRUE,TRUE,FALSE,,0.93,0.84,2,0.71
MPLADS-01794,Mukesh Rajput,Uttar Pradesh,FARRUKHABAD,Others,Cooperative Society,253000,246000,194600,3,07-12-2023,31-10-2024,17-10-2024,Completed,TRUE,TRUE,FALSE,,0.97,0.79,-14,-1.43
MPLADS-01795,Mukesh Rajput,Uttar Pradesh,FARRUKHABAD,Sanitation & Public Health,Gram Panchayat,325000,318000,275700,3,08-05-2024,26-10-2024,30-10-2024,Completed,FALSE,TRUE,FALSE,,0.98,0.87,4,-0.77
MPLADS-01796,Mukesh Rajput,Uttar Pradesh,FARRUKHABAD,Other Public Facilities,Cooperative Society,291000,516000,205200,2,27-01-2024,30-08-2024,,In Progress,FALSE,TRUE,TRUE,no_tender_high_value,1.77,0.4,275,0.75
MPLADS-01797,Mukesh Rajput,Uttar Pradesh,FARRUKHABAD,"Railways, Roads, Pathways & Bridges",Municipal Corporation,380000,426000,316200,2,14-01-2023,02-08-2023,19-07-2023,Completed,TRUE,TRUE,TRUE,duplicate_work,1.12,0.74,-14,0.49
MPLADS-01798,Mukesh Rajput,Uttar Pradesh,FARRUKHABAD,Others,District PWD,343000,349000,214200,1,31-08-2023,27-05-2024,,In Progress,TRUE,TRUE,FALSE,,1.02,0.61,370,-0.12
MPLADS-01799,MUKESHKUMAR CHANDRAKAANT DALAL,Gujarat,SURAT,"Railways, Roads, Pathways & Bridges",Zila Parishad,314000,343000,293100,3,21-05-2023,05-04-2024,08-04-2024,Completed,TRUE,TRUE,FALSE,,1.09,0.85,3,0.25
MPLADS-01800,MUKESHKUMAR CHANDRAKAANT DALAL,Gujarat,SURAT,Other Public Facilities,Gram Panchayat,209000,238000,211200,3,19-10-2024,19-02-2025,19-02-2025,Completed,TRUE,TRUE,FALSE,,1.14,0.89,0,-0.74
MPLADS-01801,MUKESHKUMAR CHANDRAKAANT DALAL,Gujarat,SURAT,Other Public Facilities,District PWD,343000,353000,310000,2,03-12-2023,13-06-2024,05-08-2024,Completed,TRUE,TRUE,FALSE,,1.03,0.88,53,1.3
MPLADS-01802,MURARI LAL MEENA,Rajasthan,DAUSA(ST),"Railways, Roads, Pathways & Bridges",District PWD,472000,491000,0,0,17-06-2024,04-11-2024,,Not Started,TRUE,TRUE,FALSE,,1.04,0,209,-0.64
MPLADS-01803,MURARI LAL MEENA,Rajasthan,DAUSA(ST),"Railways, Roads, Pathways & Bridges",State Rural Dev Agency,757000,793000,0,0,23-08-2023,27-02-2024,,Not Started,TRUE,TRUE,FALSE,,1.05,0,460,0.29
MPLADS-01804,MURARI LAL MEENA,Rajasthan,DAUSA(ST),"Railways, Roads, Pathways & Bridges",Cooperative Society,818000,862000,151700,0,25-02-2023,15-07-2023,,Stalled,TRUE,TRUE,FALSE,,1.05,0.18,687,0.51
MPLADS-01805,MURARI LAL MEENA,Rajasthan,DAUSA(ST),Other Public Facilities,Municipal Corporation,591000,659000,241000,0,13-12-2024,23-04-2025,,In Progress,TRUE,TRUE,FALSE,,1.12,0.37,39,0.27
MPLADS-01806,MURARI LAL MEENA,Rajasthan,DAUSA(ST),"Railways, Roads, Pathways & Bridges",District PWD,793000,729000,610000,3,07-07-2023,30-01-2024,21-02-2024,Completed,FALSE,TRUE,FALSE,,0.92,0.84,22,0.09
MPLADS-01807,MURARI LAL MEENA,Rajasthan,DAUSA(ST),Others,Zila Parishad,725000,828000,684900,2,17-07-2023,18-05-2024,14-07-2024,Completed,TRUE,TRUE,FALSE,,1.14,0.83,57,1.38
MPLADS-01808,MURARI LAL MEENA,Rajasthan,DAUSA(ST),Other Public Facilities,Zila Parishad,558000,540000,465100,1,04-04-2023,08-12-2023,31-01-2024,Completed,TRUE,TRUE,FALSE,,0.97,0.86,54,-0.64
MPLADS-01809,MURARI LAL MEENA,Rajasthan,DAUSA(ST),Other Public Facilities,Zila Parishad,712000,812000,371600,1,30-08-2023,09-08-2024,,In Progress,TRUE,TRUE,FALSE,,1.14,0.46,296,1.44
MPLADS-01810,MURARI LAL MEENA,Rajasthan,DAUSA(ST),Sanitation & Public Health,Municipal Corporation,730000,820000,762500,3,22-07-2023,24-05-2024,20-05-2024,Completed,TRUE,TRUE,FALSE,,1.12,0.93,-4,1.35
MPLADS-01811,MURASOLI S,Tamil Nadu,THANJAVUR,"Railways, Roads, Pathways & Bridges",Gram Panchayat,1115000,3337000,3144800,1,13-08-2024,28-01-2025,25-03-2025,Completed,TRUE,TRUE,TRUE,cost_overrun,2.99,0.94,56,6.92
MPLADS-01812,MURASOLI S,Tamil Nadu,THANJAVUR,"Railways, Roads, Pathways & Bridges",Gram Panchayat,964000,913000,236000,1,23-03-2023,28-09-2023,,Stalled,TRUE,TRUE,FALSE,,0.95,0.26,612,-0.24
MPLADS-01813,MURLIDHAR MOHOL,Maharashtra,PUNE,Other Public Facilities,Zila Parishad,567000,622000,529300,4,27-03-2024,03-03-2025,14-03-2025,Completed,TRUE,TRUE,FALSE,,1.1,0.85,11,0.05
MPLADS-01814,MURLIDHAR MOHOL,Maharashtra,PUNE,Other Public Facilities,Municipal Corporation,730000,703000,687700,2,08-05-2024,06-03-2025,07-03-2025,Completed,TRUE,TRUE,FALSE,,0.96,0.98,1,0.39
MPLADS-01815,MURLIDHAR MOHOL,Maharashtra,PUNE,Others,Gram Panchayat,389000,444000,186100,1,01-09-2024,10-01-2025,,In Progress,TRUE,TRUE,FALSE,,1.14,0.42,142,-0.82
MPLADS-01816,MURLIDHAR MOHOL,Maharashtra,PUNE,"Railways, Roads, Pathways & Bridges",Gram Panchayat,605000,597000,531800,1,19-04-2024,14-01-2025,27-12-2024,Completed,TRUE,TRUE,FALSE,,0.99,0.89,-18,-0.04
MPLADS-01817,MURLIDHAR MOHOL,Maharashtra,PUNE,"Railways, Roads, Pathways & Bridges",Zila Parishad,542000,598000,552400,2,15-03-2023,12-02-2024,12-02-2024,Completed,TRUE,TRUE,FALSE,,1.1,0.92,0,-0.04
MPLADS-01818,MURLIDHAR MOHOL,Maharashtra,PUNE,Education,Gram Panchayat,582000,543000,472600,3,05-01-2023,12-04-2023,05-04-2023,Completed,TRUE,TRUE,FALSE,,0.93,0.87,-7,-0.38
MPLADS-01819,NABA CHARAN MAJHI,Odisha,MAYURBHANJ (ST),"Railways, Roads, Pathways & Bridges",Municipal Corporation,315000,285000,101100,1,19-02-2024,14-11-2024,,Stalled,TRUE,TRUE,FALSE,,0.9,0.35,199,0.09
MPLADS-01820,NABA CHARAN MAJHI,Odisha,MAYURBHANJ (ST),"Railways, Roads, Pathways & Bridges",Gram Panchayat,304000,311000,75100,0,29-01-2024,10-12-2024,,In Progress,TRUE,TRUE,FALSE,,1.02,0.24,173,0.29
MPLADS-01821,NABA CHARAN MAJHI,Odisha,MAYURBHANJ (ST),Others,Zila Parishad,292000,333000,120300,1,09-02-2023,28-09-2023,,Stalled,TRUE,TRUE,FALSE,,1.14,0.36,612,0.43
MPLADS-01822,NALIN SOREN,Jharkhand,DUMKA(ST),Others,Cooperative Society,317000,335000,0,0,18-07-2023,27-03-2024,,Not Started,TRUE,TRUE,FALSE,,1.06,0,431,-1.02
MPLADS-01823,NALIN SOREN,Jharkhand,DUMKA(ST),Education,Cooperative Society,432000,409000,156600,1,23-12-2023,28-10-2024,,In Progress,TRUE,TRUE,FALSE,,0.95,0.38,216,-0.16
MPLADS-01824,NALIN SOREN,Jharkhand,DUMKA(ST),"Railways, Roads, Pathways & Bridges",Zila Parishad,328000,333000,165200,1,01-03-2023,21-12-2023,,In Progress,TRUE,TRUE,FALSE,,1.02,0.5,528,-0.86
MPLADS-01825,NALIN SOREN,Jharkhand,DUMKA(ST),Education,Cooperative Society,544000,584000,497900,4,04-05-2024,15-02-2025,12-03-2025,Completed,TRUE,TRUE,FALSE,,1.07,0.85,25,1.61
MPLADS-01826,NALIN SOREN,Jharkhand,DUMKA(ST),Other Public Facilities,Gram Panchayat,523000,562000,143500,1,29-01-2023,17-11-2023,,In Progress,TRUE,TRUE,FALSE,,1.07,0.26,562,0.04
MPLADS-01827,NALIN SOREN,Jharkhand,DUMKA(ST),"Railways, Roads, Pathways & Bridges",Cooperative Society,432000,416000,331000,3,28-11-2024,08-10-2025,27-09-2025,Completed,TRUE,TRUE,FALSE,,0.96,0.8,-11,0.02
MPLADS-01828,NARAYAN DAS AHIRWAR,Uttar Pradesh,JALAUN(SC),"Railways, Roads, Pathways & Bridges",Gram Panchayat,459000,417000,326800,3,15-06-2023,13-03-2024,22-03-2024,Completed,TRUE,TRUE,FALSE,,0.91,0.78,9,0.42
MPLADS-01829,NARAYAN DAS AHIRWAR,Uttar Pradesh,JALAUN(SC),Other Public Facilities,Zila Parishad,391000,363000,283800,2,12-02-2024,08-11-2024,,In Progress,TRUE,TRUE,FALSE,,0.93,0.78,205,-0.13
MPLADS-01830,NARAYAN DAS AHIRWAR,Uttar Pradesh,JALAUN(SC),"Railways, Roads, Pathways & Bridges",State Rural Dev Agency,327000,330000,262300,1,09-03-2024,13-10-2024,18-11-2024,Completed,TRUE,TRUE,FALSE,,1.01,0.79,36,-0.26
MPLADS-01831,NARAYAN DAS AHIRWAR,Uttar Pradesh,JALAUN(SC),Other Public Facilities,Gram Panchayat,362000,641000,145800,1,29-06-2024,08-04-2025,,In Progress,FALSE,TRUE,TRUE,no_tender_high_value,1.77,0.23,54,1.47
MPLADS-01832,NARAYAN DAS AHIRWAR,Uttar Pradesh,JALAUN(SC),Drinking Water Facility,Zila Parishad,349000,370000,312500,3,02-04-2023,29-12-2023,01-01-2024,Completed,TRUE,TRUE,FALSE,,1.06,0.84,3,-0.03
MPLADS-01833,NARAYAN TATU RANE,Maharashtra,RATNAGIRI-SINDHUDURG,"Railways, Roads, Pathways & Bridges",Municipal Corporation,417000,450000,219600,1,03-10-2023,20-01-2024,,In Progress,TRUE,TRUE,FALSE,,1.08,0.49,498,-1.16
MPLADS-01834,NARAYAN TATU RANE,Maharashtra,RATNAGIRI-SINDHUDURG,Drinking Water Facility,District PWD,500000,559000,208900,0,07-01-2023,23-05-2023,,Stalled,TRUE,FALSE,FALSE,,1.12,0.37,740,-0.4
MPLADS-01835,NARAYAN TATU RANE,Maharashtra,RATNAGIRI-SINDHUDURG,Other Public Facilities,Gram Panchayat,693000,785000,641600,3,14-12-2024,09-11-2025,14-11-2025,Completed,TRUE,TRUE,FALSE,,1.13,0.82,5,0.74
MPLADS-01836,NARAYAN TATU RANE,Maharashtra,RATNAGIRI-SINDHUDURG,"Railways, Roads, Pathways & Bridges",Gram Panchayat,480000,443000,394100,2,24-06-2023,17-12-2023,05-02-2024,Completed,TRUE,TRUE,FALSE,,0.92,0.89,50,-1.21
MPLADS-01837,NARAYAN TATU RANE,Maharashtra,RATNAGIRI-SINDHUDURG,Drinking Water Facility,Zila Parishad,752000,732000,155300,0,06-07-2023,24-03-2024,,In Progress,TRUE,TRUE,TRUE,duplicate_work,0.97,0.21,434,0.1
MPLADS-01838,NARAYAN TATU RANE,Maharashtra,RATNAGIRI-SINDHUDURG,"Railways, Roads, Pathways & Bridges",Zila Parishad,568000,627000,547100,3,10-07-2023,04-11-2023,21-10-2023,Completed,TRUE,TRUE,FALSE,,1.1,0.87,-14,0.18
MPLADS-01839,NARAYAN TATU RANE,Maharashtra,RATNAGIRI-SINDHUDURG,Other Public Facilities,State Rural Dev Agency,560000,628000,121500,0,23-09-2023,19-07-2024,,Stalled,TRUE,TRUE,FALSE,,1.12,0.19,317,0.08
MPLADS-01840,NARAYAN TATU RANE,Maharashtra,RATNAGIRI-SINDHUDURG,Other Public Facilities,Gram Panchayat,627000,636000,0,0,22-04-2023,14-03-2024,,Not Started,TRUE,TRUE,FALSE,,1.01,0,444,0.11
MPLADS-01841,NARESH CHANDRA UTTAM PATEL,Uttar Pradesh,FATEHPUR,Others,Gram Panchayat,295000,330000,279200,3,08-05-2023,20-11-2023,10-11-2023,Completed,TRUE,TRUE,FALSE,,1.12,0.85,-10,-0.36
MPLADS-01842,NARESH GANPAT MHASKE,Maharashtra,THANE,"Railways, Roads, Pathways & Bridges",District PWD,419000,388000,99200,0,11-05-2024,18-02-2025,,In Progress,TRUE,TRUE,FALSE,,0.93,0.26,103,-1.63
MPLADS-01843,NARESH GANPAT MHASKE,Maharashtra,THANE,Others,State Rural Dev Agency,736000,842000,434800,1,12-11-2024,26-10-2025,,In Progress,TRUE,TRUE,FALSE,,1.14,0.52,0,1.4
MPLADS-01844,NARESH GANPAT MHASKE,Maharashtra,THANE,Other Public Facilities,Municipal Corporation,721000,802000,738900,4,08-01-2023,05-08-2023,14-09-2023,Not Started,TRUE,TRUE,TRUE,ghost_project,1.11,0.92,40,0.81
MPLADS-01845,NARESH GANPAT MHASKE,Maharashtra,THANE,"Railways, Roads, Pathways & Bridges",Municipal Corporation,669000,673000,470800,3,12-05-2024,10-05-2025,,In Progress,TRUE,TRUE,FALSE,,1.01,0.7,22,0.53
MPLADS-01846,NARESH GANPAT MHASKE,Maharashtra,THANE,Others,Municipal Corporation,495000,563000,0,0,29-11-2024,09-04-2025,,Not Started,TRUE,TRUE,FALSE,,1.14,0,53,-0.16
MPLADS-01847,NARESH GANPAT MHASKE,Maharashtra,THANE,Education,Municipal Corporation,698000,711000,601500,2,12-11-2024,26-09-2025,03-11-2025,Completed,TRUE,TRUE,FALSE,,1.02,0.85,38,0.13
MPLADS-01848,NAVEEN JINDAL,Haryana,KURUKSHETRA,Education,Zila Parishad,392000,373000,322900,4,13-04-2023,01-09-2023,20-09-2023,Completed,TRUE,TRUE,FALSE,,0.95,0.87,19,-0.76
MPLADS-01849,NAVEEN JINDAL,Haryana,KURUKSHETRA,Other Public Facilities,Cooperative Society,555000,592000,420300,2,27-01-2023,28-08-2023,,In Progress,TRUE,TRUE,FALSE,,1.07,0.71,643,0.96
MPLADS-01850,NAVEEN JINDAL,Haryana,KURUKSHETRA,"Railways, Roads, Pathways & Bridges",Gram Panchayat,611000,669000,592500,1,12-09-2023,16-02-2024,28-03-2024,Completed,TRUE,TRUE,FALSE,,1.09,0.89,41,1.03
MPLADS-01851,NAVEEN JINDAL,Haryana,KURUKSHETRA,Drinking Water Facility,Municipal Corporation,560000,526000,462400,2,11-06-2024,06-03-2025,21-02-2025,Completed,TRUE,TRUE,FALSE,,0.94,0.88,-13,-0.39
MPLADS-01852,NAVEEN JINDAL,Haryana,KURUKSHETRA,Drinking Water Facility,Cooperative Society,543000,1792000,1529000,1,18-01-2023,07-06-2023,,In Progress,TRUE,TRUE,TRUE,cost_overrun,3.3,0.85,725,1.5
MPLADS-01853,NAVEEN JINDAL,Haryana,KURUKSHETRA,Education,Cooperative Society,543000,548000,216800,1,30-11-2023,28-09-2024,,In Progress,TRUE,TRUE,FALSE,,1.01,0.4,246,-0.12
MPLADS-01854,NEERAJ MAURYA,Uttar Pradesh,AONLA,"Railways, Roads, Pathways & Bridges",Gram Panchayat,236000,249000,0,0,19-09-2024,27-05-2025,,Not Started,TRUE,TRUE,FALSE,,1.06,0,5,-0.91
MPLADS-01855,NEERAJ MAURYA,Uttar Pradesh,AONLA,Others,Municipal Corporation,326000,324000,0,0,05-11-2024,25-04-2025,,Not Started,TRUE,TRUE,FALSE,,0.99,0,37,-0.43
MPLADS-01856,NEERAJ MAURYA,Uttar Pradesh,AONLA,"Railways, Roads, Pathways & Bridges",State Rural Dev Agency,262000,243000,207600,4,13-09-2024,16-02-2025,20-02-2025,Completed,TRUE,TRUE,FALSE,,0.93,0.85,4,-0.95
MPLADS-01857,NILESH DNYANDEV LANKE,Maharashtra,AHMEDNAGAR,Others,Cooperative Society,758000,691000,604800,2,31-05-2024,09-10-2024,22-10-2024,Completed,TRUE,TRUE,FALSE,,0.91,0.88,13,0.56
MPLADS-01858,NILESH DNYANDEV LANKE,Maharashtra,AHMEDNAGAR,Education,District PWD,431000,437000,140900,0,15-07-2024,22-11-2023,,Stalled,TRUE,TRUE,TRUE,delayed_stalled,1.01,0.32,557,-0.69
MPLADS-01859,NILESH DNYANDEV LANKE,Maharashtra,AHMEDNAGAR,Others,Cooperative Society,507000,567000,264000,2,08-05-2024,25-03-2025,,In Progress,TRUE,TRUE,FALSE,,1.12,0.47,68,-0.14
MPLADS-01860,NILESH DNYANDEV LANKE,Maharashtra,AHMEDNAGAR,Other Public Facilities,Zila Parishad,633000,705000,612700,3,17-12-2024,06-04-2025,23-04-2025,Completed,TRUE,TRUE,FALSE,,1.11,0.87,17,0.4
MPLADS-01861,NIMUBEN JAYANTIBHAI BAMBHANIYA,Gujarat,BHAVNAGAR,Others,Municipal Corporation,296000,288000,105400,1,01-12-2023,10-04-2024,,Stalled,TRUE,TRUE,FALSE,,0.97,0.37,417,-0.28
MPLADS-01862,NIMUBEN JAYANTIBHAI BAMBHANIYA,Gujarat,BHAVNAGAR,Other Public Facilities,Zila Parishad,338000,359000,217100,2,12-11-2024,21-05-2025,,In Progress,TRUE,TRUE,FALSE,,1.06,0.6,11,1.41
MPLADS-01863,NIMUBEN JAYANTIBHAI BAMBHANIYA,Gujarat,BHAVNAGAR,Others,Municipal Corporation,192000,210000,189000,1,01-07-2024,13-10-2024,,In Progress,TRUE,TRUE,FALSE,,1.09,0.9,231,-0.75
MPLADS-01864,NIMUBEN JAYANTIBHAI BAMBHANIYA,Gujarat,BHAVNAGAR,Education,Cooperative Society,198000,217000,91100,1,18-08-2023,09-04-2024,,Stalled,TRUE,TRUE,FALSE,,1.1,0.42,418,-0.87
MPLADS-01865,NIMUBEN JAYANTIBHAI BAMBHANIYA,Gujarat,BHAVNAGAR,Other Public Facilities,Gram Panchayat,336000,354000,308900,3,18-12-2023,17-05-2024,15-06-2024,Completed,TRUE,TRUE,FALSE,,1.05,0.87,29,1.32
MPLADS-01866,NIMUBEN JAYANTIBHAI BAMBHANIYA,Gujarat,BHAVNAGAR,Other Public Facilities,Zila Parishad,302000,345000,207700,2,31-10-2024,24-03-2025,,In Progress,TRUE,TRUE,FALSE,,1.14,0.6,69,1.16
MPLADS-01867,Nishikant Dubey,Jharkhand,GODDA,Sanitation & Public Health,Municipal Corporation,301000,346000,305000,4,17-08-2023,18-07-2024,30-06-2024,Completed,TRUE,TRUE,FALSE,,1.15,0.88,-18,-0.39
MPLADS-01868,Nishikant Dubey,Jharkhand,GODDA,Others,Municipal Corporation,374000,404000,30300,0,29-08-2024,28-03-2025,,Stalled,TRUE,TRUE,FALSE,,1.08,0.08,65,-0.03
MPLADS-01869,Nishikant Dubey,Jharkhand,GODDA,Education,District PWD,316000,350000,0,0,11-05-2023,12-11-2023,,Not Started,TRUE,TRUE,FALSE,,1.11,0,567,-0.76
MPLADS-01870,Nishikant Dubey,Jharkhand,GODDA,Others,Gram Panchayat,413000,428000,390600,2,15-11-2023,02-11-2024,22-12-2024,Completed,TRUE,TRUE,FALSE,,1.04,0.91,50,0.32
MPLADS-01871,Nitin Jairam Gadkari,Maharashtra,NAGPUR,Other Public Facilities,Zila Parishad,676000,2587000,2342700,0,24-11-2023,21-09-2024,,Not Started,TRUE,TRUE,TRUE,cost_overrun,3.83,0.91,253,8.33
MPLADS-01872,Nitin Jairam Gadkari,Maharashtra,NAGPUR,"Railways, Roads, Pathways & Bridges",District PWD,758000,747000,397100,1,16-06-2024,08-12-2024,,In Progress,TRUE,TRUE,FALSE,,0.99,0.53,175,1.09
MPLADS-01873,Nitin Jairam Gadkari,Maharashtra,NAGPUR,Others,Municipal Corporation,761000,701000,0,0,05-07-2024,28-05-2025,,Not Started,TRUE,TRUE,FALSE,,0.92,0,4,0.61
MPLADS-01874,Nitin Jairam Gadkari,Maharashtra,NAGPUR,Sanitation & Public Health,Zila Parishad,731000,836000,528300,1,13-08-2023,22-01-2024,,In Progress,TRUE,TRUE,FALSE,,1.14,0.63,496,1.57
MPLADS-01875,Nitin Jairam Gadkari,Maharashtra,NAGPUR,"Railways, Roads, Pathways & Bridges",Municipal Corporation,596000,538000,0,0,12-11-2024,03-06-2025,,Not Started,TRUE,TRUE,FALSE,,0.9,0,0,-0.49
MPLADS-01876,Nityanand Rai,Bihar,UJJARPUR,Other Public Facilities,Cooperative Society,728000,695000,316500,1,13-11-2023,01-03-2024,,In Progress,TRUE,TRUE,FALSE,,0.95,0.46,457,0.14
MPLADS-01877,Nityanand Rai,Bihar,UJJARPUR,Education,Cooperative Society,561000,568000,453900,3,10-08-2024,01-06-2025,,In Progress,TRUE,TRUE,FALSE,,1.01,0.8,0,-0.58
MPLADS-01878,Nityanand Rai,Bihar,UJJARPUR,"Railways, Roads, Pathways & Bridges",Cooperative Society,635000,577000,507500,3,21-01-2024,26-08-2024,15-10-2024,Completed,TRUE,TRUE,FALSE,,0.91,0.88,50,-0.31
MPLADS-01879,Nityanand Rai,Bihar,UJJARPUR,Others,Cooperative Society,732000,678000,0,0,04-08-2023,04-01-2024,,Not Started,TRUE,TRUE,FALSE,,0.93,0,514,0.62
MPLADS-01880,Om Birla,Rajasthan,KOTA,Drinking Water Facility,Cooperative Society,557000,557000,111700,0,23-02-2023,31-08-2023,,Stalled,TRUE,TRUE,FALSE,,1,0.2,640,0.1
MPLADS-01881,Om Birla,Rajasthan,KOTA,Education,Zila Parishad,630000,722000,594100,3,06-02-2024,22-05-2024,10-06-2024,Completed,TRUE,TRUE,FALSE,,1.15,0.82,19,1.1
MPLADS-01882,Om Birla,Rajasthan,KOTA,"Railways, Roads, Pathways & Bridges",Municipal Corporation,772000,1231000,381400,1,23-01-2023,22-07-2023,,In Progress,FALSE,TRUE,TRUE,no_tender_high_value,1.59,0.31,680,1.65
MPLADS-01883,Om Birla,Rajasthan,KOTA,"Railways, Roads, Pathways & Bridges",Cooperative Society,531000,533000,488500,3,05-02-2024,10-08-2024,31-08-2024,Completed,TRUE,TRUE,FALSE,,1,0.92,21,-0.51
MPLADS-01884,Om Birla,Rajasthan,KOTA,"Railways, Roads, Pathways & Bridges",Municipal Corporation,466000,508000,374400,2,19-07-2023,06-06-2024,,In Progress,TRUE,TRUE,FALSE,,1.09,0.74,360,-0.59
MPLADS-01885,Om Birla,Rajasthan,KOTA,Education,Municipal Corporation,619000,640000,0,0,17-08-2024,15-05-2025,,Not Started,TRUE,TRUE,FALSE,,1.03,0,17,0.46
MPLADS-01886,Om Birla,Rajasthan,KOTA,Other Public Facilities,Gram Panchayat,439000,446000,118000,1,13-04-2024,24-02-2025,,In Progress,TRUE,TRUE,FALSE,,1.02,0.26,97,-1.36
MPLADS-01887,Om Birla,Rajasthan,KOTA,Others,Zila Parishad,732000,734000,0,0,26-10-2023,14-03-2024,,Not Started,TRUE,TRUE,FALSE,,1,0,444,0.64
MPLADS-01888,Omprakash Bhupalsinh Alias Pawan Rajenimbalkar,Maharashtra,OSMANABAD,Drinking Water Facility,Cooperative Society,398000,404000,399700,3,28-10-2024,21-05-2025,02-07-2025,Not Started,TRUE,TRUE,TRUE,ghost_project,1.02,0.99,42,-0.85
MPLADS-01889,Omprakash Bhupalsinh Alias Pawan Rajenimbalkar,Maharashtra,OSMANABAD,Others,Zila Parishad,451000,473000,383700,3,01-06-2023,23-09-2023,31-10-2023,Completed,TRUE,TRUE,FALSE,,1.05,0.81,38,-0.66
MPLADS-01890,Omprakash Bhupalsinh Alias Pawan Rajenimbalkar,Maharashtra,OSMANABAD,Others,District PWD,759000,758000,751700,2,27-02-2023,24-02-2024,17-02-2024,Completed,TRUE,TRUE,FALSE,,1,0.99,-7,0.93
MPLADS-01891,Omprakash Bhupalsinh Alias Pawan Rajenimbalkar,Maharashtra,OSMANABAD,"Railways, Roads, Pathways & Bridges",Zila Parishad,485000,530000,165200,1,01-05-2023,20-03-2024,,Stalled,TRUE,TRUE,FALSE,,1.09,0.31,438,-0.55
MPLADS-01892,Omprakash Bhupalsinh Alias Pawan Rajenimbalkar,Maharashtra,OSMANABAD,Other Public Facilities,Gram Panchayat,531000,590000,409400,2,04-10-2024,07-07-2025,,In Progress,TRUE,TRUE,FALSE,,1.11,0.69,0,-0.08
MPLADS-01893,Omprakash Bhupalsinh Alias Pawan Rajenimbalkar,Maharashtra,OSMANABAD,Sanitation & Public Health,Cooperative Society,720000,693000,623700,2,15-05-2024,25-11-2024,06-01-2025,Completed,TRUE,TRUE,FALSE,,0.96,0.9,42,0.62
MPLADS-01894,Omprakash Bhupalsinh Alias Pawan Rajenimbalkar,Maharashtra,OSMANABAD,Education,District PWD,721000,733000,0,0,20-01-2024,07-09-2024,,Not Started,TRUE,TRUE,FALSE,,1.02,0,267,0.19
MPLADS-01895,P C Mohan,Karnataka,BANGALORE CENTRAL,Other Public Facilities,Cooperative Society,500000,484000,0,0,19-04-2024,07-11-2024,,Not Started,TRUE,TRUE,FALSE,,0.97,0,206,-0.78
MPLADS-01896,P C Mohan,Karnataka,BANGALORE CENTRAL,Other Public Facilities,Gram Panchayat,646000,705000,598600,3,31-03-2024,23-01-2025,21-02-2025,Completed,TRUE,TRUE,FALSE,,1.09,0.85,29,0.09
MPLADS-01897,P C Mohan,Karnataka,BANGALORE CENTRAL,Education,State Rural Dev Agency,794000,837000,197800,0,18-10-2024,30-08-2025,,In Progress,TRUE,FALSE,FALSE,,1.05,0.24,0,0.91
MPLADS-01898,P C Mohan,Karnataka,BANGALORE CENTRAL,Education,State Rural Dev Agency,716000,730000,360900,1,09-08-2024,24-06-2025,,In Progress,TRUE,TRUE,FALSE,,1.02,0.49,0,0.31
MPLADS-01899,P C Mohan,Karnataka,BANGALORE CENTRAL,Other Public Facilities,Municipal Corporation,513000,588000,512200,2,05-07-2023,21-05-2024,03-07-2024,Completed,TRUE,TRUE,FALSE,,1.15,0.87,43,-0.37
MPLADS-01900,P C Mohan,Karnataka,BANGALORE CENTRAL,Sanitation & Public Health,State Rural Dev Agency,483000,501000,375400,2,08-08-2024,03-05-2025,14-05-2025,Completed,TRUE,TRUE,FALSE,,1.04,0.75,11,-0.56
MPLADS-01901,Pankaj Chowdhary,Uttar Pradesh,MAHARAJGANJ_UP,"Railways, Roads, Pathways & Bridges",State Rural Dev Agency,408000,409000,163200,2,09-07-2023,29-04-2023,23-06-2024,Stalled,TRUE,TRUE,TRUE,delayed_stalled,1,0.4,421,0.36
MPLADS-01902,Pankaj Chowdhary,Uttar Pradesh,MAHARAJGANJ_UP,Education,Cooperative Society,407000,463000,249400,2,26-06-2024,04-01-2025,,In Progress,TRUE,TRUE,FALSE,,1.14,0.54,148,0.34
MPLADS-01903,Pankaj Chowdhary,Uttar Pradesh,MAHARAJGANJ_UP,"Railways, Roads, Pathways & Bridges",District PWD,418000,445000,371400,2,29-10-2024,21-03-2025,25-03-2025,Completed,TRUE,TRUE,FALSE,,1.06,0.83,4,0.64
MPLADS-01904,Pankaj Chowdhary,Uttar Pradesh,MAHARAJGANJ_UP,Other Public Facilities,Gram Panchayat,461000,416000,0,0,05-07-2023,28-02-2024,,Not Started,TRUE,FALSE,FALSE,,0.9,0,459,0.17
MPLADS-01905,PARIMAL SUKLABAIDYA,Assam,SILCHAR,Education,Zila Parishad,319000,331000,265300,1,18-11-2023,10-05-2024,01-06-2024,Completed,TRUE,TRUE,FALSE,,1.04,0.8,22,-0.74
MPLADS-01906,PARIMAL SUKLABAIDYA,Assam,SILCHAR,Others,District PWD,574000,544000,155800,0,31-03-2023,01-10-2023,,In Progress,TRUE,TRUE,FALSE,,0.95,0.29,609,0.31
MPLADS-01907,PARIMAL SUKLABAIDYA,Assam,SILCHAR,"Railways, Roads, Pathways & Bridges",Cooperative Society,580000,646000,556400,4,02-06-2024,06-02-2025,27-02-2025,Completed,TRUE,TRUE,FALSE,,1.11,0.86,21,0.74
MPLADS-01908,PARIMAL SUKLABAIDYA,Assam,SILCHAR,Others,Municipal Corporation,596000,555000,461600,1,01-01-2023,15-05-2023,18-06-2023,Completed,FALSE,TRUE,FALSE,,0.93,0.83,34,0.45
MPLADS-01909,PARIMAL SUKLABAIDYA,Assam,SILCHAR,Others,Municipal Corporation,566000,560000,230600,1,05-11-2024,06-10-2025,,In Progress,TRUE,TRUE,FALSE,,0.99,0.41,0,0.52
MPLADS-01910,PARSHOTTAMBHAI RUPALA,Gujarat,RAJKOT,Others,State Rural Dev Agency,232000,220000,13000,0,19-06-2024,08-02-2025,,Stalled,TRUE,TRUE,FALSE,,0.95,0.06,113,-0.69
MPLADS-01911,PARSHOTTAMBHAI RUPALA,Gujarat,RAJKOT,Sanitation & Public Health,District PWD,300000,324000,263900,3,03-08-2023,07-11-2023,,In Progress,TRUE,TRUE,FALSE,,1.08,0.81,572,0.64
MPLADS-01912,PARSHOTTAMBHAI RUPALA,Gujarat,RAJKOT,Others,Zila Parishad,190000,660000,629800,2,12-07-2023,20-06-2024,28-06-2024,Completed,TRUE,TRUE,TRUE,cost_overrun,3.47,0.95,8,1.99
MPLADS-01913,PARSHOTTAMBHAI RUPALA,Gujarat,RAJKOT,"Railways, Roads, Pathways & Bridges",Cooperative Society,347000,388000,151000,2,08-09-2024,11-03-2024,,Stalled,TRUE,TRUE,TRUE,delayed_stalled,1.12,0.39,447,0.59
MPLADS-01914,PARSHOTTAMBHAI RUPALA,Gujarat,RAJKOT,Other Public Facilities,Cooperative Society,324000,313000,243300,3,29-09-2024,01-01-2025,19-01-2025,Completed,TRUE,TRUE,FALSE,,0.97,0.78,18,0.59
MPLADS-01915,PARSHOTTAMBHAI RUPALA,Gujarat,RAJKOT,Other Public Facilities,Gram Panchayat,287000,265000,253100,2,17-06-2023,26-05-2024,11-06-2024,Completed,TRUE,TRUE,FALSE,,0.92,0.96,16,-0.26
MPLADS-01916,PARTHA BHOWMICK,West Bengal,BARRACKPUR,Other Public Facilities,Municipal Corporation,852000,939000,802900,2,12-12-2024,25-11-2025,17-11-2025,Completed,TRUE,TRUE,FALSE,,1.1,0.86,-8,1.08
MPLADS-01917,PARTHA BHOWMICK,West Bengal,BARRACKPUR,Other Public Facilities,Cooperative Society,725000,828000,404800,1,10-10-2024,19-03-2025,,In Progress,TRUE,TRUE,FALSE,,1.14,0.49,74,0.65
MPLADS-01918,PARTHA BHOWMICK,West Bengal,BARRACKPUR,Drinking Water Facility,Zila Parishad,537000,1739000,1556700,0,25-10-2024,24-05-2025,,Not Started,TRUE,TRUE,TRUE,cost_overrun,3.24,0.9,8,3.58
MPLADS-01919,PARTHA BHOWMICK,West Bengal,BARRACKPUR,Education,State Rural Dev Agency,441000,454000,103500,0,20-11-2023,20-05-2024,,Stalled,TRUE,FALSE,FALSE,,1.03,0.23,377,-1.5
MPLADS-01920,PARTHA BHOWMICK,West Bengal,BARRACKPUR,Drinking Water Facility,State Rural Dev Agency,734000,776000,600700,2,11-09-2023,18-07-2024,03-08-2024,Completed,TRUE,TRUE,FALSE,,1.06,0.77,16,0.27
MPLADS-01921,PARTHA BHOWMICK,West Bengal,BARRACKPUR,Other Public Facilities,Municipal Corporation,619000,666000,543900,2,21-02-2024,17-09-2024,30-09-2024,Completed,TRUE,TRUE,FALSE,,1.08,0.82,13,0.02
MPLADS-01922,Parvatagouda Chandanagouda Gaddigoudar,Karnataka,BAGALKOT,Others,District PWD,672000,672000,589200,3,07-10-2023,21-08-2024,28-09-2024,Completed,TRUE,TRUE,FALSE,,1,0.88,38,0.48
MPLADS-01923,Parvatagouda Chandanagouda Gaddigoudar,Karnataka,BAGALKOT,"Railways, Roads, Pathways & Bridges",District PWD,619000,690000,214600,1,22-01-2024,06-09-2024,,Stalled,TRUE,TRUE,FALSE,,1.11,0.31,268,0.13
MPLADS-01924,Parvatagouda Chandanagouda Gaddigoudar,Karnataka,BAGALKOT,"Railways, Roads, Pathways & Bridges",Gram Panchayat,665000,619000,442300,2,29-06-2023,03-04-2024,,In Progress,TRUE,TRUE,FALSE,,0.93,0.71,424,-0.44
MPLADS-01925,Parvatagouda Chandanagouda Gaddigoudar,Karnataka,BAGALKOT,"Railways, Roads, Pathways & Bridges",State Rural Dev Agency,707000,710000,185600,0,08-04-2023,10-08-2023,,In Progress,TRUE,TRUE,FALSE,,1,0.26,661,0.29
MPLADS-01926,Parvatagouda Chandanagouda Gaddigoudar,Karnataka,BAGALKOT,Education,Gram Panchayat,733000,802000,326000,0,05-10-2023,17-06-2024,,In Progress,TRUE,TRUE,FALSE,,1.09,0.41,349,0.71
MPLADS-01927,Parvatagouda Chandanagouda Gaddigoudar,Karnataka,BAGALKOT,Others,State Rural Dev Agency,711000,646000,515800,2,05-07-2023,15-05-2024,12-05-2024,Completed,TRUE,TRUE,FALSE,,0.91,0.8,-3,0.28
MPLADS-01928,PATEL UMESHBHAI BABUBHAI,The Dadra And Nagar Haveli And Daman And Diu,DAMAN and DIU,Other Public Facilities,Zila Parishad,1040000,954000,858600,2,18-07-2024,12-03-2025,,In Progress,TRUE,TRUE,FALSE,,0.92,0.9,81,-1.31
MPLADS-01929,PATEL UMESHBHAI BABUBHAI,The Dadra And Nagar Haveli And Daman And Diu,DAMAN and DIU,"Railways, Roads, Pathways & Bridges",Zila Parishad,1376000,1286000,1135600,3,23-09-2023,04-02-2024,22-01-2024,Completed,TRUE,TRUE,FALSE,,0.93,0.88,-13,-0.07
MPLADS-01930,PATEL UMESHBHAI BABUBHAI,The Dadra And Nagar Haveli And Daman And Diu,DAMAN and DIU,Education,Cooperative Society,1457000,1323000,1064700,2,27-05-2023,13-09-2023,13-09-2023,Completed,TRUE,TRUE,FALSE,,0.91,0.8,0,-0.71
MPLADS-01931,PATEL UMESHBHAI BABUBHAI,The Dadra And Nagar Haveli And Daman And Diu,DAMAN and DIU,Other Public Facilities,State Rural Dev Agency,1552000,1549000,330800,0,16-10-2024,15-02-2025,,Stalled,TRUE,TRUE,FALSE,,1,0.21,106,1.05
MPLADS-01932,PATEL UMESHBHAI BABUBHAI,The Dadra And Nagar Haveli And Daman And Diu,DAMAN and DIU,Drinking Water Facility,Gram Panchayat,1681000,1894000,1386900,2,04-03-2024,10-02-2025,,In Progress,TRUE,TRUE,FALSE,,1.13,0.73,111,1.48
MPLADS-01933,PATEL UMESHBHAI BABUBHAI,The Dadra And Nagar Haveli And Daman And Diu,DAMAN and DIU,Drinking Water Facility,Cooperative Society,1224000,1388000,1107900,2,29-05-2024,30-12-2024,21-12-2024,Completed,TRUE,TRUE,FALSE,,1.13,0.8,-9,-0.26
MPLADS-01934,PATEL UMESHBHAI BABUBHAI,The Dadra And Nagar Haveli And Daman And Diu,DAMAN and DIU,Other Public Facilities,Gram Panchayat,1294000,1188000,998700,3,23-08-2023,06-08-2024,16-09-2024,Completed,TRUE,TRUE,FALSE,,0.92,0.84,41,-0.38
MPLADS-01935,PATHAN YUSUF,West Bengal,BAHARAMPUR,"Railways, Roads, Pathways & Bridges",Zila Parishad,867000,791000,0,0,17-11-2023,15-06-2024,,Not Started,TRUE,TRUE,FALSE,,0.91,0,351,0.4
MPLADS-01936,PATHAN YUSUF,West Bengal,BAHARAMPUR,"Railways, Roads, Pathways & Bridges",State Rural Dev Agency,681000,638000,593500,4,06-04-2023,05-02-2024,11-02-2024,Completed,TRUE,TRUE,FALSE,,0.94,0.93,6,-0.17
MPLADS-01937,PATHAN YUSUF,West Bengal,BAHARAMPUR,Other Public Facilities,Cooperative Society,697000,695000,0,0,19-05-2024,02-01-2025,,Not Started,FALSE,TRUE,FALSE,,1,0,150,0.13
MPLADS-01938,PATHAN YUSUF,West Bengal,BAHARAMPUR,Others,Cooperative Society,479000,477000,176000,1,04-06-2024,03-04-2025,,Stalled,TRUE,TRUE,FALSE,,1,0.37,59,-1.38
MPLADS-01939,PATHAN YUSUF,West Bengal,BAHARAMPUR,Education,State Rural Dev Agency,612000,643000,0,0,24-11-2024,23-11-2025,,Not Started,TRUE,TRUE,FALSE,,1.05,0,0,-0.22
MPLADS-01940,PHANI BHUSAN CHOUDHURY,Assam,BARPETA,Other Public Facilities,Cooperative Society,468000,445000,51600,0,14-07-2023,20-04-2024,,Stalled,TRUE,TRUE,FALSE,,0.95,0.12,407,-0.35
MPLADS-01941,PHANI BHUSAN CHOUDHURY,Assam,BARPETA,Others,State Rural Dev Agency,416000,454000,244400,2,01-07-2024,31-01-2025,,In Progress,TRUE,TRUE,FALSE,,1.09,0.54,121,-0.9
MPLADS-01942,Piyush Vedprakash Goyal,Maharashtra,MUMBAI NORTH,"Railways, Roads, Pathways & Bridges",Cooperative Society,642000,618000,349600,1,01-12-2024,16-07-2025,,In Progress,TRUE,TRUE,FALSE,,0.96,0.57,0,0.11
MPLADS-01943,Piyush Vedprakash Goyal,Maharashtra,MUMBAI NORTH,"Railways, Roads, Pathways & Bridges",Zila Parishad,465000,448000,184500,1,20-06-2024,20-02-2025,,Stalled,TRUE,TRUE,FALSE,,0.96,0.41,101,-1.17
MPLADS-01944,Piyush Vedprakash Goyal,Maharashtra,MUMBAI NORTH,"Railways, Roads, Pathways & Bridges",Zila Parishad,407000,384000,362400,2,10-06-2024,05-06-2025,22-06-2025,Completed,TRUE,TRUE,FALSE,,0.94,0.94,17,-1.66
MPLADS-01945,Piyush Vedprakash Goyal,Maharashtra,MUMBAI NORTH,Other Public Facilities,State Rural Dev Agency,486000,538000,141500,1,18-01-2024,10-05-2024,,Stalled,TRUE,TRUE,FALSE,,1.11,0.26,387,-0.3
MPLADS-01946,Piyush Vedprakash Goyal,Maharashtra,MUMBAI NORTH,"Railways, Roads, Pathways & Bridges",District PWD,718000,701000,645600,4,01-05-2023,25-01-2024,13-02-2024,Completed,TRUE,TRUE,FALSE,,0.98,0.92,19,0.74
MPLADS-01947,Piyush Vedprakash Goyal,Maharashtra,MUMBAI NORTH,"Railways, Roads, Pathways & Bridges",Cooperative Society,732000,1257000,238200,0,08-10-2024,16-08-2025,,In Progress,FALSE,TRUE,TRUE,no_tender_high_value,1.72,0.19,0,4.95
MPLADS-01948,Piyush Vedprakash Goyal,Maharashtra,MUMBAI NORTH,Drinking Water Facility,State Rural Dev Agency,713000,716000,0,0,11-06-2024,03-02-2025,,Not Started,FALSE,TRUE,FALSE,,1,0,118,0.05
MPLADS-01949,Piyush Vedprakash Goyal,Maharashtra,MUMBAI NORTH,"Railways, Roads, Pathways & Bridges",Municipal Corporation,627000,677000,506900,2,14-05-2024,19-01-2025,11-01-2025,Completed,FALSE,TRUE,FALSE,,1.08,0.75,-8,0.56
MPLADS-01950,Piyush Vedprakash Goyal,Maharashtra,MUMBAI NORTH,Other Public Facilities,Gram Panchayat,678000,624000,506600,3,29-12-2023,27-11-2024,14-12-2024,Completed,TRUE,TRUE,FALSE,,0.92,0.81,17,0.06
MPLADS-01951,PRABHAKAR REDDY VEMIREDDY,Andhra Pradesh,NELLORE(SC),"Railways, Roads, Pathways & Bridges",State Rural Dev Agency,314000,301000,257100,2,30-12-2023,25-04-2024,30-05-2024,Completed,TRUE,TRUE,FALSE,,0.96,0.85,35,-1.28
MPLADS-01952,PRABHAKAR REDDY VEMIREDDY,Andhra Pradesh,NELLORE(SC),Others,District PWD,556000,532000,0,0,10-06-2024,23-02-2025,,Not Started,TRUE,TRUE,FALSE,,0.96,0,98,0.63
MPLADS-01953,PRABHAKAR REDDY VEMIREDDY,Andhra Pradesh,NELLORE(SC),Others,Municipal Corporation,438000,399000,0,0,09-06-2023,10-12-2023,,Not Started,TRUE,TRUE,FALSE,,0.91,0,539,-0.6
MPLADS-01954,PRABHAKAR REDDY VEMIREDDY,Andhra Pradesh,NELLORE(SC),Education,Municipal Corporation,480000,488000,406700,2,03-11-2023,16-05-2024,06-05-2024,Completed,TRUE,TRUE,FALSE,,1.02,0.83,-10,0.06
MPLADS-01955,Prabhubhai Nagarbhai Vasava,Gujarat,BARDOLI(ST),"Railways, Roads, Pathways & Bridges",Zila Parishad,306000,310000,84500,0,22-04-2023,08-11-2023,,Stalled,TRUE,TRUE,FALSE,,1.01,0.27,571,0
MPLADS-01956,Prabhubhai Nagarbhai Vasava,Gujarat,BARDOLI(ST),Other Public Facilities,Cooperative Society,311000,282000,253800,1,29-12-2023,03-08-2024,,In Progress,FALSE,TRUE,FALSE,,0.91,0.9,302,0.04
MPLADS-01957,Prabhubhai Nagarbhai Vasava,Gujarat,BARDOLI(ST),"Railways, Roads, Pathways & Bridges",Gram Panchayat,291000,325000,304400,2,23-07-2023,19-06-2024,05-06-2024,Completed,TRUE,TRUE,FALSE,,1.12,0.94,-14,0.11
MPLADS-01958,Prabhubhai Nagarbhai Vasava,Gujarat,BARDOLI(ST),Other Public Facilities,Gram Panchayat,325000,366000,46900,0,06-12-2023,07-03-2024,,Stalled,TRUE,TRUE,FALSE,,1.13,0.13,451,1.53
MPLADS-01959,Pradan Baruah,Assam,LAKHIMPUR,Sanitation & Public Health,Gram Panchayat,487000,462000,71300,0,12-11-2024,26-04-2025,,Stalled,TRUE,TRUE,FALSE,,0.95,0.15,36,0.44
MPLADS-01960,Pradan Baruah,Assam,LAKHIMPUR,Education,Gram Panchayat,384000,440000,322800,1,29-11-2024,04-11-2025,,In Progress,TRUE,TRUE,FALSE,,1.15,0.73,0,-0.41
MPLADS-01961,Pradan Baruah,Assam,LAKHIMPUR,Other Public Facilities,Zila Parishad,336000,305000,160400,2,28-05-2024,09-11-2024,,In Progress,TRUE,TRUE,FALSE,,0.91,0.53,204,-1.65
MPLADS-01962,Pradan Baruah,Assam,LAKHIMPUR,Others,Municipal Corporation,518000,520000,76100,0,23-04-2023,30-01-2024,,Stalled,TRUE,TRUE,FALSE,,1,0.15,488,-0.02
MPLADS-01963,Pradan Baruah,Assam,LAKHIMPUR,Other Public Facilities,Municipal Corporation,533000,605000,514900,3,27-05-2024,25-09-2024,31-10-2024,Completed,TRUE,TRUE,FALSE,,1.14,0.85,36,1.13
MPLADS-01964,Pradan Baruah,Assam,LAKHIMPUR,"Railways, Roads, Pathways & Bridges",Municipal Corporation,485000,468000,26000,0,15-03-2024,12-09-2024,,Stalled,TRUE,TRUE,FALSE,,0.96,0.06,262,-0.18
MPLADS-01965,Pradeep Kumar Singh,Bihar,ARARIA,"Railways, Roads, Pathways & Bridges",Zila Parishad,659000,723000,444600,1,16-10-2023,29-02-2024,,In Progress,TRUE,TRUE,FALSE,,1.1,0.61,458,0.17
MPLADS-01966,Pradeep Kumar Singh,Bihar,ARARIA,Others,Municipal Corporation,714000,701000,579700,1,07-06-2024,23-11-2024,14-12-2024,Completed,TRUE,TRUE,FALSE,,0.98,0.83,21,0.81
MPLADS-01967,Pradeep Kumar Singh,Bihar,ARARIA,"Railways, Roads, Pathways & Bridges",Cooperative Society,490000,536000,434300,2,18-12-2024,06-08-2025,18-07-2025,Completed,TRUE,TRUE,FALSE,,1.09,0.81,-19,-0.45
MPLADS-01968,Pradeep Kumar Singh,Bihar,ARARIA,"Railways, Roads, Pathways & Bridges",State Rural Dev Agency,647000,741000,623500,2,16-04-2023,04-08-2023,,In Progress,TRUE,TRUE,FALSE,,1.15,0.84,667,0.23
MPLADS-01969,Pradeep Kumar Singh,Bihar,ARARIA,"Railways, Roads, Pathways & Bridges",District PWD,520000,517000,460600,3,06-10-2024,16-08-2025,,In Progress,TRUE,FALSE,TRUE,no_mp_recommendation,0.99,0.89,0,-0.51
MPLADS-01970,PRADEEP PUROHIT,Odisha,BARGARH,"Railways, Roads, Pathways & Bridges",State Rural Dev Agency,314000,325000,86400,0,08-10-2023,28-08-2024,,Stalled,TRUE,TRUE,FALSE,,1.04,0.27,277,0.4
MPLADS-01971,PRADEEP PUROHIT,Odisha,BARGARH,Sanitation & Public Health,Municipal Corporation,253000,282000,254200,4,24-07-2023,17-11-2023,17-11-2023,Completed,TRUE,TRUE,FALSE,,1.11,0.9,0,-0.52
MPLADS-01972,PRADEEP PUROHIT,Odisha,BARGARH,Others,Gram Panchayat,323000,291000,104400,0,17-12-2024,30-03-2025,,In Progress,TRUE,TRUE,FALSE,,0.9,0.36,63,0
MPLADS-01973,PRADEEP PUROHIT,Odisha,BARGARH,Education,Municipal Corporation,301000,338000,171100,1,04-03-2023,23-07-2023,,In Progress,TRUE,TRUE,FALSE,,1.12,0.51,679,0.6
MPLADS-01974,PRADEEP PUROHIT,Odisha,BARGARH,"Railways, Roads, Pathways & Bridges",Municipal Corporation,240000,239000,205600,1,08-01-2024,12-09-2024,27-09-2024,Completed,TRUE,TRUE,FALSE,,1,0.86,15,-0.27
MPLADS-01975,PRADEEP PUROHIT,Odisha,BARGARH,Others,Municipal Corporation,254000,259000,226800,2,18-02-2023,05-02-2024,29-01-2024,Completed,FALSE,TRUE,FALSE,,1.02,0.88,-7,-0.32
MPLADS-01976,Pradyut Bordoloi,Assam,NOWGONG,Other Public Facilities,Gram Panchayat,497000,562000,463100,3,06-08-2023,06-06-2024,01-06-2024,Completed,TRUE,TRUE,FALSE,,1.13,0.82,-5,0.73
MPLADS-01977,Pradyut Bordoloi,Assam,NOWGONG,Other Public Facilities,District PWD,505000,560000,436700,1,09-07-2023,12-03-2024,29-03-2024,Completed,TRUE,TRUE,FALSE,,1.11,0.78,17,0.71
MPLADS-01978,Pradyut Bordoloi,Assam,NOWGONG,Other Public Facilities,Zila Parishad,374000,344000,189000,2,10-04-2023,09-07-2023,,In Progress,TRUE,TRUE,FALSE,,0.92,0.55,693,-1.29
MPLADS-01979,Pradyut Bordoloi,Assam,NOWGONG,Education,State Rural Dev Agency,531000,915000,414700,3,06-12-2023,16-07-2024,28-07-2024,Completed,FALSE,TRUE,TRUE,no_tender_high_value,1.72,0.45,12,1.03
MPLADS-01980,Pralhad Venkatesh Joshi,Karnataka,DHARWAD,Others,State Rural Dev Agency,514000,543000,358900,3,25-06-2024,08-01-2025,,In Progress,TRUE,TRUE,FALSE,,1.06,0.66,144,-0.53
MPLADS-01981,Pralhad Venkatesh Joshi,Karnataka,DHARWAD,Drinking Water Facility,State Rural Dev Agency,518000,516000,456000,4,29-01-2024,24-10-2024,11-10-2024,Completed,TRUE,TRUE,FALSE,,1,0.88,-13,-0.95
MPLADS-01982,Pralhad Venkatesh Joshi,Karnataka,DHARWAD,"Railways, Roads, Pathways & Bridges",Zila Parishad,841000,904000,775700,2,04-05-2023,15-09-2023,27-08-2023,Completed,TRUE,TRUE,FALSE,,1.07,0.86,-19,1.86
MPLADS-01983,Pralhad Venkatesh Joshi,Karnataka,DHARWAD,Other Public Facilities,State Rural Dev Agency,431000,413000,275100,2,17-07-2023,10-05-2024,,In Progress,TRUE,TRUE,FALSE,,0.96,0.67,387,-1.06
MPLADS-01984,Pralhad Venkatesh Joshi,Karnataka,DHARWAD,"Railways, Roads, Pathways & Bridges",Zila Parishad,798000,763000,664700,2,25-09-2024,25-05-2025,25-06-2025,Completed,TRUE,TRUE,FALSE,,0.96,0.87,31,0.72
MPLADS-01985,Pralhad Venkatesh Joshi,Karnataka,DHARWAD,Others,State Rural Dev Agency,628000,574000,407200,2,30-06-2024,12-06-2025,,In Progress,FALSE,TRUE,FALSE,,0.91,0.71,0,-0.29
MPLADS-01986,Pralhad Venkatesh Joshi,Karnataka,DHARWAD,Other Public Facilities,State Rural Dev Agency,436000,422000,374000,3,29-12-2024,05-08-2025,23-07-2025,Completed,TRUE,TRUE,FALSE,,0.97,0.89,-13,-1.03
MPLADS-01987,Pralhad Venkatesh Joshi,Karnataka,DHARWAD,Education,Gram Panchayat,537000,484000,0,0,22-12-2023,04-10-2024,,Not Started,TRUE,TRUE,FALSE,,0.9,0,240,-1.09
MPLADS-01988,Pralhad Venkatesh Joshi,Karnataka,DHARWAD,Education,District PWD,660000,632000,288800,1,11-03-2023,27-11-2023,,In Progress,TRUE,TRUE,FALSE,,0.96,0.46,552,-0.25
MPLADS-01989,Pralhad Venkatesh Joshi,Karnataka,DHARWAD,Others,District PWD,583000,636000,261600,1,20-06-2023,29-02-2024,,In Progress,TRUE,TRUE,FALSE,,1.09,0.41,458,0.2
MPLADS-01990,Pralhad Venkatesh Joshi,Karnataka,DHARWAD,Education,Gram Panchayat,556000,624000,526800,2,02-08-2024,13-11-2024,04-11-2024,Completed,TRUE,TRUE,FALSE,,1.12,0.84,-9,-0.29
MPLADS-01991,Pralhad Venkatesh Joshi,Karnataka,DHARWAD,"Railways, Roads, Pathways & Bridges",Zila Parishad,685000,733000,334500,0,21-05-2024,31-12-2024,,In Progress,TRUE,TRUE,FALSE,,1.07,0.46,152,0.48
MPLADS-01992,Pralhad Venkatesh Joshi,Karnataka,DHARWAD,Other Public Facilities,Gram Panchayat,777000,839000,0,0,24-03-2024,05-02-2025,,Not Started,TRUE,TRUE,FALSE,,1.08,0,116,0.63
MPLADS-01993,Pralhad Venkatesh Joshi,Karnataka,DHARWAD,Others,Zila Parishad,558000,504000,398300,2,13-09-2024,31-07-2025,24-09-2025,Completed,TRUE,TRUE,FALSE,,0.9,0.79,55,-0.83
MPLADS-01994,Pralhad Venkatesh Joshi,Karnataka,DHARWAD,Drinking Water Facility,Gram Panchayat,801000,751000,421900,1,29-08-2024,12-07-2025,,In Progress,TRUE,TRUE,FALSE,,0.94,0.56,0,0.6
MPLADS-01995,PRANITI SUSHILKUMAR SHINDE,Maharashtra,SOLAPUR(SC),Others,Zila Parishad,477000,517000,171400,1,30-05-2024,14-11-2024,,In Progress,TRUE,TRUE,FALSE,,1.08,0.33,199,-0.42
MPLADS-01996,PRANITI SUSHILKUMAR SHINDE,Maharashtra,SOLAPUR(SC),Other Public Facilities,District PWD,719000,702000,237800,1,31-10-2023,06-08-2024,,In Progress,TRUE,TRUE,FALSE,,0.98,0.34,299,0.39
MPLADS-01997,PRANITI SUSHILKUMAR SHINDE,Maharashtra,SOLAPUR(SC),"Railways, Roads, Pathways & Bridges",Municipal Corporation,535000,546000,435700,3,30-06-2024,03-01-2025,08-01-2025,Completed,FALSE,TRUE,FALSE,,1.02,0.8,5,-0.43
MPLADS-01998,PRANITI SUSHILKUMAR SHINDE,Maharashtra,SOLAPUR(SC),Others,Zila Parishad,597000,629000,556100,2,17-05-2023,02-09-2023,21-10-2023,Completed,TRUE,TRUE,FALSE,,1.05,0.88,49,0.21
MPLADS-01999,PRANITI SUSHILKUMAR SHINDE,Maharashtra,SOLAPUR(SC),Other Public Facilities,State Rural Dev Agency,755000,792000,317900,1,04-08-2023,19-05-2024,,In Progress,FALSE,TRUE,FALSE,,1.05,0.4,378,0.77
MPLADS-02000,PRANITI SUSHILKUMAR SHINDE,Maharashtra,SOLAPUR(SC),"Railways, Roads, Pathways & Bridges",Municipal Corporation,649000,588000,497300,2,13-01-2024,05-12-2024,28-11-2024,Completed,TRUE,TRUE,FALSE,,0.91,0.85,-7,-0.11
MPLADS-02001,PRANITI SUSHILKUMAR SHINDE,Maharashtra,SOLAPUR(SC),Other Public Facilities,District PWD,556000,548000,411300,2,17-05-2023,21-12-2023,25-12-2023,Completed,TRUE,TRUE,FALSE,,0.99,0.75,4,-0.26
MPLADS-02002,PRANITI SUSHILKUMAR SHINDE,Maharashtra,SOLAPUR(SC),"Railways, Roads, Pathways & Bridges",Municipal Corporation,759000,778000,0,0,02-10-2024,22-02-2025,,Not Started,TRUE,FALSE,TRUE,no_mp_recommendation,1.03,0,99,1.33
MPLADS-02003,PRANITI SUSHILKUMAR SHINDE,Maharashtra,SOLAPUR(SC),Other Public Facilities,State Rural Dev Agency,390000,417000,336300,3,30-06-2023,25-02-2024,19-02-2024,Completed,FALSE,TRUE,FALSE,,1.07,0.81,-6,-0.81
MPLADS-02004,PRANITI SUSHILKUMAR SHINDE,Maharashtra,SOLAPUR(SC),Education,Municipal Corporation,494000,547000,297600,2,19-04-2023,09-01-2024,,In Progress,TRUE,TRUE,FALSE,,1.11,0.54,509,-0.36
MPLADS-02005,Prasun Banerjee,West Bengal,HOWRAH,Drinking Water Facility,Zila Parishad,469000,508000,366800,3,03-10-2024,31-05-2025,,In Progress,TRUE,TRUE,FALSE,,1.08,0.72,1,-0.66
MPLADS-02006,Prasun Banerjee,West Bengal,HOWRAH,"Railways, Roads, Pathways & Bridges",Gram Panchayat,696000,663000,591200,4,29-11-2023,13-08-2024,19-09-2024,Completed,TRUE,TRUE,FALSE,,0.95,0.89,37,-0.08
MPLADS-02007,Prasun Banerjee,West Bengal,HOWRAH,"Railways, Roads, Pathways & Bridges",Zila Parishad,582000,624000,548700,3,09-06-2023,22-01-2024,18-01-2024,Completed,TRUE,TRUE,FALSE,,1.07,0.88,-4,-0.23
MPLADS-02008,Prasun Banerjee,West Bengal,HOWRAH,Education,Zila Parishad,603000,665000,567000,2,05-05-2024,23-11-2024,06-11-2024,Completed,TRUE,TRUE,FALSE,,1.1,0.85,-17,-0.07
MPLADS-02009,Pratap Chandra Sarangi,Odisha,BALASORE,Drinking Water Facility,Municipal Corporation,179000,164000,68400,1,13-07-2023,21-01-2024,,In Progress,TRUE,TRUE,FALSE,,0.92,0.42,497,-1.77
MPLADS-02010,Pratap Chandra Sarangi,Odisha,BALASORE,Other Public Facilities,Cooperative Society,166000,190000,151200,3,22-01-2023,31-07-2023,16-09-2023,Completed,TRUE,TRUE,FALSE,,1.14,0.8,47,-1.29
MPLADS-02011,Pratap Chandra Sarangi,Odisha,BALASORE,Other Public Facilities,Gram Panchayat,251000,258000,220600,4,14-09-2024,06-01-2025,07-02-2025,Completed,TRUE,FALSE,TRUE,no_mp_recommendation,1.03,0.86,32,0.14
MPLADS-02012,Pratap Chandra Sarangi,Odisha,BALASORE,"Railways, Roads, Pathways & Bridges",Cooperative Society,208000,234000,57700,0,22-10-2024,08-04-2025,,Stalled,TRUE,TRUE,FALSE,,1.12,0.25,54,-0.31
MPLADS-02013,Pratap Chandra Sarangi,Odisha,BALASORE,Education,District PWD,214000,195000,138900,3,13-01-2023,03-11-2023,,In Progress,TRUE,FALSE,FALSE,,0.91,0.71,576,-0.7
MPLADS-02014,Pratap Chandra Sarangi,Odisha,BALASORE,Other Public Facilities,Municipal Corporation,271000,260000,50700,0,21-10-2024,25-01-2025,,Stalled,TRUE,TRUE,FALSE,,0.96,0.2,127,0.19
MPLADS-02015,Pratap Chandra Sarangi,Odisha,BALASORE,"Railways, Roads, Pathways & Bridges",District PWD,175000,173000,58400,1,27-05-2023,02-04-2024,,Stalled,TRUE,TRUE,FALSE,,0.99,0.34,425,-0.79
MPLADS-02016,Pratap Chandra Sarangi,Odisha,BALASORE,Others,District PWD,316000,356000,176500,1,19-04-2023,09-12-2023,,In Progress,TRUE,TRUE,FALSE,,1.13,0.5,540,0.66
MPLADS-02017,Pratap Chandra Sarangi,Odisha,BALASORE,"Railways, Roads, Pathways & Bridges",Zila Parishad,203000,209000,171200,2,27-07-2023,21-01-2024,14-01-2024,Completed,TRUE,TRUE,FALSE,,1.03,0.82,-7,-0.51
MPLADS-02018,Pratap Chandra Sarangi,Odisha,BALASORE,Other Public Facilities,Cooperative Society,259000,290000,229600,3,11-11-2023,02-04-2024,27-03-2024,Completed,TRUE,TRUE,FALSE,,1.12,0.79,-6,0.82
MPLADS-02019,Prataprao Jadhav,Maharashtra,BULDHANA,"Railways, Roads, Pathways & Bridges",District PWD,533000,495000,428400,3,01-10-2023,07-01-2024,,In Progress,TRUE,TRUE,FALSE,,0.93,0.87,511,-0.82
MPLADS-02020,Prataprao Jadhav,Maharashtra,BULDHANA,Other Public Facilities,Zila Parishad,652000,694000,562900,2,11-07-2024,09-11-2024,12-11-2024,Completed,TRUE,TRUE,FALSE,,1.06,0.81,3,0.35
MPLADS-02021,Prataprao Jadhav,Maharashtra,BULDHANA,Others,Zila Parishad,608000,669000,648700,2,02-01-2023,13-06-2023,,Not Started,FALSE,TRUE,TRUE,ghost_project,1.1,0.97,719,0.43
MPLADS-02022,Prataprao Jadhav,Maharashtra,BULDHANA,Other Public Facilities,Gram Panchayat,643000,688000,516200,2,28-12-2023,25-08-2024,,In Progress,TRUE,TRUE,FALSE,,1.07,0.75,280,0.33
MPLADS-02023,Prataprao Jadhav,Maharashtra,BULDHANA,Education,Zila Parishad,714000,698000,0,0,04-12-2024,01-08-2025,,Not Started,TRUE,TRUE,FALSE,,0.98,0,0,0.09
MPLADS-02024,Prataprao Jadhav,Maharashtra,BULDHANA,Others,District PWD,548000,552000,481400,3,23-04-2023,09-03-2024,22-04-2024,Completed,TRUE,TRUE,FALSE,,1.01,0.87,44,-0.22
MPLADS-02025,Prataprao Jadhav,Maharashtra,BULDHANA,Drinking Water Facility,District PWD,505000,531000,446800,2,22-09-2024,18-08-2025,07-10-2025,Completed,TRUE,TRUE,FALSE,,1.05,0.84,50,-0.48
MPLADS-02026,Pratima Mondal,West Bengal,JOYNAGAR(SC),Other Public Facilities,State Rural Dev Agency,760000,771000,355500,2,14-02-2023,10-09-2023,,In Progress,TRUE,TRUE,FALSE,,1.01,0.46,630,0.43
MPLADS-02027,Pratima Mondal,West Bengal,JOYNAGAR(SC),"Railways, Roads, Pathways & Bridges",Municipal Corporation,542000,615000,325800,1,05-07-2023,12-05-2024,,In Progress,TRUE,TRUE,FALSE,,1.13,0.53,385,-0.26
MPLADS-02028,Pratima Mondal,West Bengal,JOYNAGAR(SC),"Railways, Roads, Pathways & Bridges",Gram Panchayat,536000,586000,0,0,01-10-2024,06-03-2025,,Not Started,TRUE,TRUE,FALSE,,1.09,0,87,-0.37
MPLADS-02029,Pratima Mondal,West Bengal,JOYNAGAR(SC),"Railways, Roads, Pathways & Bridges",District PWD,605000,693000,606600,2,08-11-2024,14-04-2025,24-04-2025,Completed,TRUE,TRUE,FALSE,,1.15,0.88,10,0.03
MPLADS-02030,Pratima Mondal,West Bengal,JOYNAGAR(SC),"Railways, Roads, Pathways & Bridges",Zila Parishad,646000,643000,0,0,03-01-2023,11-10-2023,,Not Started,TRUE,TRUE,FALSE,,1,0,599,-0.16
MPLADS-02031,Praveen Khandelwal,Delhi,CHANDINI CHOWK,Other Public Facilities,Gram Panchayat,2711000,2574000,2112900,3,24-11-2023,04-10-2024,25-11-2024,Completed,TRUE,TRUE,FALSE,,0.95,0.82,52,0.12
MPLADS-02032,Praveen Khandelwal,Delhi,CHANDINI CHOWK,Others,Zila Parishad,2125000,2348000,2105800,3,10-03-2023,10-06-2023,22-05-2023,Completed,TRUE,TRUE,FALSE,,1.1,0.9,-19,-0.07
MPLADS-02033,Praveen Khandelwal,Delhi,CHANDINI CHOWK,Other Public Facilities,Municipal Corporation,2878000,3259000,2823800,1,03-04-2023,03-08-2023,02-08-2023,Completed,TRUE,TRUE,FALSE,,1.13,0.87,-1,1.62
MPLADS-02034,PRAVEEN PATEL,Uttar Pradesh,PHULPUR,Education,State Rural Dev Agency,238000,227000,198700,2,23-11-2023,18-06-2024,,In Progress,TRUE,TRUE,FALSE,,0.95,0.88,348,-0.82
MPLADS-02035,PRAVEEN PATEL,Uttar Pradesh,PHULPUR,"Railways, Roads, Pathways & Bridges",Zila Parishad,367000,381000,349300,2,13-10-2024,01-02-2025,28-03-2025,Completed,TRUE,TRUE,FALSE,,1.04,0.92,55,0.14
MPLADS-02036,PRAVEEN PATEL,Uttar Pradesh,PHULPUR,"Railways, Roads, Pathways & Bridges",State Rural Dev Agency,408000,374000,303400,2,28-01-2024,05-01-2025,21-12-2024,Completed,TRUE,TRUE,FALSE,,0.92,0.81,-15,0.08
MPLADS-02037,PRAVEEN PATEL,Uttar Pradesh,PHULPUR,Other Public Facilities,Gram Panchayat,322000,307000,0,0,03-07-2024,27-04-2025,,Not Started,TRUE,TRUE,FALSE,,0.95,0,35,-0.46
MPLADS-02038,PRAVEEN PATEL,Uttar Pradesh,PHULPUR,Others,Cooperative Society,318000,326000,231200,2,23-06-2024,29-12-2024,,In Progress,TRUE,FALSE,TRUE,no_mp_recommendation,1.03,0.71,154,-0.41
MPLADS-02039,PRAVEEN PATEL,Uttar Pradesh,PHULPUR,Education,District PWD,324000,349000,282100,2,31-03-2023,07-03-2024,09-04-2024,Completed,FALSE,TRUE,FALSE,,1.08,0.81,33,-0.22
MPLADS-02040,PRAVEEN PATEL,Uttar Pradesh,PHULPUR,Other Public Facilities,District PWD,379000,347000,198600,2,07-01-2024,02-05-2024,,In Progress,TRUE,TRUE,FALSE,,0.92,0.57,395,-0.23
MPLADS-02041,PRIYA SAROJ,Uttar Pradesh,MACHHLISHAHR(SC),"Railways, Roads, Pathways & Bridges",Zila Parishad,256000,249000,204900,1,24-12-2023,21-08-2024,07-08-2024,Completed,TRUE,TRUE,FALSE,,0.97,0.82,-14,-0.91
MPLADS-02042,PRIYA SAROJ,Uttar Pradesh,MACHHLISHAHR(SC),"Railways, Roads, Pathways & Bridges",Gram Panchayat,377000,397000,188700,1,29-10-2023,26-06-2024,,In Progress,TRUE,TRUE,FALSE,,1.05,0.48,340,0.27
MPLADS-02043,PRIYA SAROJ,Uttar Pradesh,MACHHLISHAHR(SC),"Railways, Roads, Pathways & Bridges",District PWD,439000,503000,393600,3,06-09-2023,31-05-2024,23-07-2024,Completed,TRUE,TRUE,FALSE,,1.15,0.78,53,1.1
MPLADS-02044,PRIYA SAROJ,Uttar Pradesh,MACHHLISHAHR(SC),"Railways, Roads, Pathways & Bridges",Gram Panchayat,461000,426000,206900,1,13-12-2024,16-09-2025,,In Progress,TRUE,FALSE,FALSE,,0.92,0.49,0,0.49
MPLADS-02045,PRIYA SAROJ,Uttar Pradesh,MACHHLISHAHR(SC),Education,Gram Panchayat,289000,284000,221000,3,16-01-2024,17-07-2024,11-09-2024,Completed,TRUE,TRUE,FALSE,,0.98,0.78,56,-0.54
MPLADS-02046,PRIYA SAROJ,Uttar Pradesh,MACHHLISHAHR(SC),Drinking Water Facility,District PWD,277000,305000,0,0,31-08-2024,11-01-2025,,Not Started,FALSE,TRUE,FALSE,,1.1,0,141,-0.42
MPLADS-02047,Priyanka Gandhi Vadra,Kerala,WAYANAD,Other Public Facilities,Zila Parishad,695000,701000,581200,1,08-09-2023,06-01-2024,29-12-2023,Completed,TRUE,TRUE,FALSE,,1.01,0.83,-8,-0.24
MPLADS-02048,Priyanka Gandhi Vadra,Kerala,WAYANAD,Other Public Facilities,Municipal Corporation,821000,815000,497900,2,06-07-2023,07-04-2024,,In Progress,TRUE,TRUE,FALSE,,0.99,0.61,420,-0.01
MPLADS-02049,Priyanka Gandhi Vadra,Kerala,WAYANAD,Others,Cooperative Society,510000,484000,460000,2,26-04-2024,12-08-2024,30-09-2024,Not Started,TRUE,TRUE,TRUE,ghost_project,0.95,0.95,49,-1.35
MPLADS-02050,Priyanka Gandhi Vadra,Kerala,WAYANAD,"Railways, Roads, Pathways & Bridges",District PWD,621000,838000,593600,3,14-01-2023,23-06-2023,09-06-2023,Completed,FALSE,TRUE,TRUE,no_tender_high_value,1.35,0.71,-14,0.59
MPLADS-02051,Priyanka Gandhi Vadra,Kerala,WAYANAD,"Railways, Roads, Pathways & Bridges",Gram Panchayat,695000,648000,0,0,10-09-2024,17-07-2025,,Not Started,TRUE,FALSE,FALSE,,0.93,0,0,-0.63
MPLADS-02052,PRIYANKA SATISH JARKIHOLI,Karnataka,CHIKKODI,Other Public Facilities,Municipal Corporation,726000,794000,80200,0,27-11-2024,07-04-2025,,Stalled,TRUE,TRUE,FALSE,,1.09,0.1,55,0.45
MPLADS-02053,PRIYANKA SATISH JARKIHOLI,Karnataka,CHIKKODI,"Railways, Roads, Pathways & Bridges",Zila Parishad,803000,769000,326700,1,08-08-2024,25-01-2025,,In Progress,TRUE,TRUE,FALSE,,0.96,0.42,127,0.77
MPLADS-02054,PRIYANKA SATISH JARKIHOLI,Karnataka,CHIKKODI,Drinking Water Facility,Zila Parishad,432000,442000,103100,0,06-10-2023,27-01-2024,,Stalled,TRUE,TRUE,FALSE,,1.02,0.23,491,-1.44
MPLADS-02055,PRIYANKA SATISH JARKIHOLI,Karnataka,CHIKKODI,Other Public Facilities,Cooperative Society,454000,499000,429900,2,05-08-2023,14-07-2024,01-09-2024,Completed,TRUE,TRUE,FALSE,,1.1,0.86,49,-0.72
MPLADS-02056,PRIYANKA SATISH JARKIHOLI,Karnataka,CHIKKODI,Education,Gram Panchayat,437000,464000,274300,1,26-07-2024,20-03-2025,,In Progress,TRUE,TRUE,FALSE,,1.06,0.59,73,-1.2
MPLADS-02057,PRIYANKA SATISH JARKIHOLI,Karnataka,CHIKKODI,"Railways, Roads, Pathways & Bridges",District PWD,453000,433000,192600,1,17-11-2023,24-02-2024,,In Progress,TRUE,TRUE,FALSE,,0.96,0.44,463,-1.94
MPLADS-02058,PRIYANKA SATISH JARKIHOLI,Karnataka,CHIKKODI,Education,District PWD,498000,542000,161100,1,16-01-2024,10-06-2024,,In Progress,TRUE,TRUE,FALSE,,1.09,0.3,356,-0.76
MPLADS-02059,PRIYANKA SATISH JARKIHOLI,Karnataka,CHIKKODI,Others,Municipal Corporation,438000,449000,295400,2,07-01-2024,26-11-2024,,In Progress,TRUE,FALSE,TRUE,no_mp_recommendation,1.03,0.66,187,-1.26
MPLADS-02060,Prof Sougata Ray,West Bengal,DUM DUM,Education,Municipal Corporation,535000,517000,286100,2,16-06-2023,13-11-2023,,In Progress,TRUE,TRUE,FALSE,,0.97,0.55,566,-1.07
MPLADS-02061,Prof Sougata Ray,West Bengal,DUM DUM,"Railways, Roads, Pathways & Bridges",Municipal Corporation,522000,502000,282100,2,12-07-2023,22-06-2024,,In Progress,TRUE,TRUE,FALSE,,0.96,0.56,344,-0.69
MPLADS-02062,Prof Sougata Ray,West Bengal,DUM DUM,Other Public Facilities,Gram Panchayat,479000,531000,186800,1,29-03-2023,17-10-2023,,Stalled,TRUE,TRUE,FALSE,,1.11,0.35,593,-0.51
MPLADS-02063,Prof Sougata Ray,West Bengal,DUM DUM,Other Public Facilities,Municipal Corporation,820000,928000,715000,1,16-02-2023,21-07-2023,03-08-2023,Completed,TRUE,TRUE,FALSE,,1.13,0.77,13,1.04
MPLADS-02064,Prof Sougata Ray,West Bengal,DUM DUM,Others,Gram Panchayat,501000,559000,146200,0,17-10-2023,14-04-2024,,Stalled,TRUE,TRUE,FALSE,,1.12,0.26,413,-0.76
MPLADS-02065,Prof SP Singh Baghel,Uttar Pradesh,AGRA(SC),Education,Gram Panchayat,271000,261000,72700,0,31-12-2023,26-11-2024,,Stalled,TRUE,TRUE,FALSE,,0.96,0.28,187,-0.66
MPLADS-02066,Prof SP Singh Baghel,Uttar Pradesh,AGRA(SC),"Railways, Roads, Pathways & Bridges",State Rural Dev Agency,367000,343000,304600,3,30-05-2024,07-11-2024,30-11-2024,Completed,TRUE,TRUE,FALSE,,0.93,0.89,23,-0.16
MPLADS-02067,Prof SP Singh Baghel,Uttar Pradesh,AGRA(SC),Other Public Facilities,Zila Parishad,450000,418000,172700,1,27-01-2024,27-07-2024,,In Progress,TRUE,TRUE,FALSE,,0.93,0.41,309,0.18
MPLADS-02068,PUSHPENDRA SAROJ,Uttar Pradesh,KAUSHAMBI(SC),Other Public Facilities,Cooperative Society,414000,432000,175200,1,05-06-2023,14-11-2023,,In Progress,TRUE,TRUE,FALSE,,1.04,0.41,565,0.26
MPLADS-02069,PUSHPENDRA SAROJ,Uttar Pradesh,KAUSHAMBI(SC),Drinking Water Facility,Cooperative Society,319000,344000,0,0,26-08-2023,24-07-2024,,Not Started,TRUE,TRUE,FALSE,,1.08,0,312,-0.19
MPLADS-02070,PUSHPENDRA SAROJ,Uttar Pradesh,KAUSHAMBI(SC),Others,State Rural Dev Agency,349000,375000,161500,1,14-06-2023,04-05-2024,,Stalled,TRUE,TRUE,FALSE,,1.07,0.43,393,0.21
MPLADS-02071,PUSHPENDRA SAROJ,Uttar Pradesh,KAUSHAMBI(SC),Other Public Facilities,Zila Parishad,272000,256000,163400,1,29-10-2024,26-07-2025,,In Progress,TRUE,TRUE,FALSE,,0.94,0.64,0,-0.75
MPLADS-02072,PUSHPENDRA SAROJ,Uttar Pradesh,KAUSHAMBI(SC),Others,District PWD,305000,331000,317500,3,14-12-2023,06-08-2024,03-09-2024,Completed,TRUE,TRUE,FALSE,,1.09,0.96,28,-0.35
MPLADS-02073,Putta Mahesh Kumar,Andhra Pradesh,ELURU,Other Public Facilities,State Rural Dev Agency,502000,565000,0,0,30-12-2024,31-03-2025,,Not Started,TRUE,TRUE,FALSE,,1.13,0,62,1.44
MPLADS-02074,Putta Mahesh Kumar,Andhra Pradesh,ELURU,Drinking Water Facility,Gram Panchayat,296000,507000,288800,2,13-09-2024,11-02-2025,28-02-2025,Completed,FALSE,TRUE,TRUE,no_tender_high_value,1.71,0.57,17,0.45
MPLADS-02075,Putta Mahesh Kumar,Andhra Pradesh,ELURU,"Railways, Roads, Pathways & Bridges",State Rural Dev Agency,384000,383000,0,0,10-04-2023,06-04-2024,,Not Started,TRUE,TRUE,FALSE,,1,0,421,-0.61
MPLADS-02076,Putta Mahesh Kumar,Andhra Pradesh,ELURU,Sanitation & Public Health,Municipal Corporation,572000,628000,203700,1,31-03-2023,28-03-2024,,In Progress,TRUE,TRUE,FALSE,,1.1,0.32,430,0.97
MPLADS-02077,R.K. CHAUDHARY,Uttar Pradesh,MOHANLALGANJ(SC),Others,District PWD,337000,321000,277800,2,15-06-2023,07-05-2024,20-05-2024,Completed,TRUE,TRUE,FALSE,,0.95,0.87,13,-0.47
MPLADS-02078,R.K. CHAUDHARY,Uttar Pradesh,MOHANLALGANJ(SC),Other Public Facilities,Municipal Corporation,366000,365000,300000,3,03-07-2023,31-10-2023,,In Progress,TRUE,TRUE,FALSE,,1,0.82,579,-0.12
MPLADS-02079,R.K. CHAUDHARY,Uttar Pradesh,MOHANLALGANJ(SC),"Railways, Roads, Pathways & Bridges",State Rural Dev Agency,431000,427000,344300,3,28-03-2024,18-12-2024,,In Progress,TRUE,TRUE,FALSE,,0.99,0.81,165,0.5
MPLADS-02080,R.K. CHAUDHARY,Uttar Pradesh,MOHANLALGANJ(SC),Sanitation & Public Health,State Rural Dev Agency,375000,409000,355500,2,14-05-2024,31-03-2025,10-05-2025,Completed,TRUE,TRUE,FALSE,,1.09,0.87,40,1.33
MPLADS-02081,R.K. CHAUDHARY,Uttar Pradesh,MOHANLALGANJ(SC),Others,Municipal Corporation,332000,301000,250300,1,27-11-2024,04-06-2025,26-05-2025,Completed,TRUE,FALSE,TRUE,no_mp_recommendation,0.91,0.83,-9,-0.73
MPLADS-02082,R.K. CHAUDHARY,Uttar Pradesh,MOHANLALGANJ(SC),Other Public Facilities,Cooperative Society,248000,236000,193100,2,18-01-2024,12-05-2024,28-04-2024,Completed,TRUE,TRUE,FALSE,,0.95,0.82,-14,-0.86
MPLADS-02083,R.K. CHAUDHARY,Uttar Pradesh,MOHANLALGANJ(SC),Other Public Facilities,Zila Parishad,454000,508000,252400,1,13-02-2023,09-01-2024,,In Progress,TRUE,TRUE,FALSE,,1.12,0.5,509,0.7
MPLADS-02084,R.K. CHAUDHARY,Uttar Pradesh,MOHANLALGANJ(SC),Other Public Facilities,Municipal Corporation,247000,257000,0,0,17-12-2024,24-05-2025,,Not Started,FALSE,TRUE,FALSE,,1.04,0,8,-0.74
MPLADS-02085,RABINDRA NARAYAN BEHERA,Odisha,JAJPUR(SC),Drinking Water Facility,Gram Panchayat,305000,324000,263000,1,20-01-2024,01-05-2024,24-05-2024,Completed,TRUE,TRUE,FALSE,,1.06,0.81,23,1.34
MPLADS-02086,RABINDRA NARAYAN BEHERA,Odisha,JAJPUR(SC),Other Public Facilities,State Rural Dev Agency,219000,223000,42400,0,18-04-2024,21-02-2025,,In Progress,TRUE,TRUE,FALSE,,1.02,0.19,100,-0.59
MPLADS-02087,RABINDRA NARAYAN BEHERA,Odisha,JAJPUR(SC),Others,Gram Panchayat,301000,337000,277600,2,21-04-2024,03-04-2025,10-04-2025,Completed,TRUE,TRUE,FALSE,,1.12,0.82,7,0.47
MPLADS-02088,RABINDRA NARAYAN BEHERA,Odisha,JAJPUR(SC),"Railways, Roads, Pathways & Bridges",State Rural Dev Agency,301000,322000,322000,4,19-03-2024,20-08-2024,30-08-2024,Completed,TRUE,TRUE,FALSE,,1.07,1,10,0.38
MPLADS-02089,RABINDRA NARAYAN BEHERA,Odisha,JAJPUR(SC),Education,Gram Panchayat,314000,317000,281900,4,12-05-2024,03-03-2025,26-04-2025,Completed,TRUE,TRUE,FALSE,,1.01,0.89,54,0.41
MPLADS-02090,RABINDRA NARAYAN BEHERA,Odisha,JAJPUR(SC),"Railways, Roads, Pathways & Bridges",Zila Parishad,199000,203000,96100,1,09-02-2023,05-09-2023,,In Progress,TRUE,TRUE,FALSE,,1.02,0.47,635,-0.56
MPLADS-02091,RABINDRA NARAYAN BEHERA,Odisha,JAJPUR(SC),Education,District PWD,196000,220000,92800,1,24-11-2023,13-11-2024,,In Progress,TRUE,TRUE,FALSE,,1.12,0.42,200,-0.47
MPLADS-02092,RABINDRA NARAYAN BEHERA,Odisha,JAJPUR(SC),"Railways, Roads, Pathways & Bridges",Zila Parishad,294000,316000,0,0,06-01-2024,11-07-2024,,Not Started,TRUE,TRUE,FALSE,,1.07,0,325,0.33
MPLADS-02093,RABINDRA NARAYAN BEHERA,Odisha,JAJPUR(SC),Others,Cooperative Society,256000,267000,14200,0,24-01-2023,14-07-2023,,Stalled,TRUE,TRUE,FALSE,,1.04,0.05,688,-0.24
MPLADS-02094,RABINDRA NARAYAN BEHERA,Odisha,JAJPUR(SC),"Railways, Roads, Pathways & Bridges",Municipal Corporation,206000,196000,186600,3,30-06-2023,24-02-2024,23-03-2024,Completed,TRUE,TRUE,FALSE,,0.95,0.95,28,-0.61
MPLADS-02095,RABINDRA NARAYAN BEHERA,Odisha,JAJPUR(SC),Education,Municipal Corporation,234000,259000,101800,1,30-12-2024,07-08-2025,,In Progress,TRUE,TRUE,FALSE,,1.11,0.39,0,-0.12
MPLADS-02096,RABINDRA NARAYAN BEHERA,Odisha,JAJPUR(SC),"Railways, Roads, Pathways & Bridges",Municipal Corporation,272000,303000,0,0,08-07-2023,21-06-2024,,Not Started,TRUE,TRUE,FALSE,,1.11,0,345,0.23
MPLADS-02097,RABINDRA NARAYAN BEHERA,Odisha,JAJPUR(SC),"Railways, Roads, Pathways & Bridges",Gram Panchayat,259000,262000,226100,3,01-11-2023,03-07-2024,26-06-2024,Completed,TRUE,TRUE,FALSE,,1.01,0.86,-7,-0.09
MPLADS-02098,RABINDRA NARAYAN BEHERA,Odisha,JAJPUR(SC),Others,Municipal Corporation,239000,232000,52400,1,02-07-2024,07-11-2024,,In Progress,TRUE,FALSE,TRUE,no_mp_recommendation,0.97,0.23,206,-0.6
MPLADS-02099,RACHNA BANERJEE,West Bengal,HOOGHLY,"Railways, Roads, Pathways & Bridges",State Rural Dev Agency,708000,773000,595500,3,10-12-2024,10-10-2025,,In Progress,TRUE,TRUE,FALSE,,1.09,0.77,0,0.33
MPLADS-02100,RACHNA BANERJEE,West Bengal,HOOGHLY,"Railways, Roads, Pathways & Bridges",Municipal Corporation,857000,985000,886900,2,23-07-2023,10-11-2023,03-01-2024,Completed,TRUE,TRUE,FALSE,,1.15,0.9,54,1.13
MPLADS-02101,RACHNA BANERJEE,West Bengal,HOOGHLY,Others,Cooperative Society,478000,490000,92500,0,11-11-2024,06-06-2025,,Stalled,TRUE,TRUE,FALSE,,1.03,0.19,0,-1.28
MPLADS-02102,RACHNA BANERJEE,West Bengal,HOOGHLY,Other Public Facilities,Gram Panchayat,490000,529000,439900,2,21-11-2023,14-11-2024,28-12-2024,Completed,TRUE,TRUE,FALSE,,1.08,0.83,44,-0.52
MPLADS-02103,RACHNA BANERJEE,West Bengal,HOOGHLY,Sanitation & Public Health,State Rural Dev Agency,453000,515000,462100,2,21-11-2023,29-03-2024,20-05-2024,Completed,TRUE,TRUE,FALSE,,1.14,0.9,52,-1.29
MPLADS-02104,RACHNA BANERJEE,West Bengal,HOOGHLY,Other Public Facilities,Cooperative Society,500000,455000,181300,1,04-01-2023,18-10-2023,,Stalled,TRUE,TRUE,FALSE,,0.91,0.4,592,-0.81
MPLADS-02105,RACHNA BANERJEE,West Bengal,HOOGHLY,"Railways, Roads, Pathways & Bridges",Cooperative Society,838000,849000,383800,1,05-04-2024,21-01-2025,,In Progress,TRUE,TRUE,FALSE,,1.01,0.45,131,0.62
MPLADS-02106,RACHNA BANERJEE,West Bengal,HOOGHLY,Other Public Facilities,Gram Panchayat,565000,537000,499300,3,12-07-2023,07-03-2024,22-03-2024,Completed,TRUE,TRUE,FALSE,,0.95,0.93,15,-0.49
MPLADS-02107,Radha Mohan Singh,Bihar,PURVI CHAMPARAN,"Railways, Roads, Pathways & Bridges",State Rural Dev Agency,438000,503000,402000,1,10-08-2023,28-05-2024,15-05-2024,Completed,TRUE,TRUE,FALSE,,1.15,0.8,-13,-0.56
MPLADS-02108,Radha Mohan Singh,Bihar,PURVI CHAMPARAN,Other Public Facilities,Municipal Corporation,600000,658000,577500,4,15-01-2023,24-12-2023,20-01-2024,Completed,TRUE,TRUE,FALSE,,1.1,0.88,27,-0.04
MPLADS-02109,Radha Mohan Singh,Bihar,PURVI CHAMPARAN,Other Public Facilities,Gram Panchayat,701000,690000,0,0,29-05-2024,09-12-2024,,Not Started,TRUE,TRUE,FALSE,,0.98,0,174,0.11
MPLADS-02110,RADHAKRISHNA,Karnataka,GULBARGA(SC),Other Public Facilities,State Rural Dev Agency,545000,598000,489900,2,28-02-2024,05-01-2025,22-01-2025,Completed,TRUE,TRUE,FALSE,,1.1,0.82,17,-0.33
MPLADS-02111,RADHAKRISHNA,Karnataka,GULBARGA(SC),Other Public Facilities,Zila Parishad,841000,888000,709700,3,10-12-2023,18-03-2024,29-02-2024,Completed,TRUE,TRUE,FALSE,,1.06,0.8,-18,0.82
MPLADS-02112,RADHAKRISHNA,Karnataka,GULBARGA(SC),Other Public Facilities,Cooperative Society,531000,521000,485100,3,20-07-2024,21-12-2024,,Not Started,TRUE,TRUE,TRUE,ghost_project,0.98,0.93,162,-0.64
MPLADS-02113,RADHAKRISHNA,Karnataka,GULBARGA(SC),Drinking Water Facility,District PWD,699000,702000,155900,0,06-12-2024,26-08-2025,,In Progress,TRUE,FALSE,TRUE,no_mp_recommendation,1,0.22,0,0.27
MPLADS-02114,RADHAKRISHNA,Karnataka,GULBARGA(SC),Other Public Facilities,State Rural Dev Agency,546000,512000,0,0,31-03-2023,08-10-2023,,Not Started,TRUE,TRUE,FALSE,,0.94,0,602,-0.67
MPLADS-02115,RADHAKRISHNA,Karnataka,GULBARGA(SC),Other Public Facilities,State Rural Dev Agency,808000,735000,583600,2,26-02-2024,01-08-2024,28-07-2024,Completed,TRUE,TRUE,FALSE,,0.91,0.79,-4,0.21
MPLADS-02116,RADHE SHYAM RATHIYA,Chhattisgarh,RAIGARH(ST),"Railways, Roads, Pathways & Bridges",Cooperative Society,533000,605000,490900,3,13-04-2023,01-09-2023,,In Progress,TRUE,FALSE,TRUE,no_mp_recommendation,1.14,0.81,639,0.26
MPLADS-02117,RADHE SHYAM RATHIYA,Chhattisgarh,RAIGARH(ST),Other Public Facilities,State Rural Dev Agency,615000,606000,0,0,24-10-2023,27-04-2024,,Not Started,TRUE,TRUE,FALSE,,0.99,0,400,0.97
MPLADS-02118,RADHE SHYAM RATHIYA,Chhattisgarh,RAIGARH(ST),Education,Municipal Corporation,313000,339000,300600,2,26-01-2024,17-11-2024,26-12-2024,Completed,TRUE,TRUE,FALSE,,1.08,0.89,39,-1.4
MPLADS-02119,RADHE SHYAM RATHIYA,Chhattisgarh,RAIGARH(ST),Sanitation & Public Health,Cooperative Society,425000,384000,329000,1,20-04-2024,20-12-2024,10-12-2024,Completed,TRUE,TRUE,FALSE,,0.9,0.86,-10,-0.71
MPLADS-02120,RADHE SHYAM RATHIYA,Chhattisgarh,RAIGARH(ST),Others,Municipal Corporation,473000,542000,454700,2,10-02-2024,25-05-2024,20-06-2024,Completed,TRUE,TRUE,FALSE,,1.15,0.84,26,0.21
MPLADS-02121,RADHE SHYAM RATHIYA,Chhattisgarh,RAIGARH(ST),Other Public Facilities,Gram Panchayat,425000,410000,0,0,02-10-2023,22-08-2024,,Not Started,TRUE,TRUE,FALSE,,0.96,0,283,-0.98
MPLADS-02122,RADHE SHYAM RATHIYA,Chhattisgarh,RAIGARH(ST),"Railways, Roads, Pathways & Bridges",District PWD,434000,462000,395600,3,20-11-2024,28-04-2025,12-05-2025,Completed,TRUE,TRUE,FALSE,,1.06,0.86,14,-0.34
MPLADS-02123,RADHE SHYAM RATHIYA,Chhattisgarh,RAIGARH(ST),Education,Cooperative Society,444000,409000,334900,2,27-01-2023,21-06-2023,14-06-2023,Completed,TRUE,TRUE,FALSE,,0.92,0.82,-7,-0.61
MPLADS-02124,RADHE SHYAM RATHIYA,Chhattisgarh,RAIGARH(ST),Sanitation & Public Health,Gram Panchayat,609000,559000,505300,2,06-09-2024,18-05-2025,09-06-2025,Completed,TRUE,TRUE,FALSE,,0.92,0.9,22,1.45
MPLADS-02125,RADHE SHYAM RATHIYA,Chhattisgarh,RAIGARH(ST),"Railways, Roads, Pathways & Bridges",Gram Panchayat,522000,515000,319300,1,05-09-2023,08-12-2023,,In Progress,TRUE,TRUE,FALSE,,0.99,0.62,541,-0.11
MPLADS-02126,RAHUL GANDHI,Uttar Pradesh,RAE BARELI,Others,Cooperative Society,366000,402000,0,0,22-02-2023,18-09-2023,,Not Started,TRUE,TRUE,FALSE,,1.1,0,622,0.56
MPLADS-02127,RAHUL GANDHI,Uttar Pradesh,RAE BARELI,Others,State Rural Dev Agency,438000,420000,161400,1,04-02-2024,27-06-2024,,Stalled,TRUE,TRUE,FALSE,,0.96,0.38,339,0.79
MPLADS-02128,RAHUL GANDHI,Uttar Pradesh,RAE BARELI,Other Public Facilities,State Rural Dev Agency,395000,432000,367000,4,12-06-2023,12-02-2024,24-02-2024,Completed,TRUE,TRUE,FALSE,,1.09,0.85,12,0.26
MPLADS-02129,RAHUL GANDHI,Uttar Pradesh,RAE BARELI,Other Public Facilities,Cooperative Society,399000,394000,177700,1,02-05-2023,31-01-2024,,In Progress,TRUE,TRUE,FALSE,,0.99,0.45,487,0.04
MPLADS-02130,RAHUL GANDHI,Uttar Pradesh,RAE BARELI,Sanitation & Public Health,District PWD,389000,376000,0,0,24-09-2023,04-06-2024,,Not Started,TRUE,TRUE,FALSE,,0.97,0,362,0.57
MPLADS-02131,RAHUL GANDHI,Uttar Pradesh,RAE BARELI,Other Public Facilities,Zila Parishad,298000,322000,260500,2,06-04-2023,11-02-2024,11-02-2024,Completed,FALSE,TRUE,FALSE,,1.08,0.81,0,-0.37
MPLADS-02132,RAHUL GANDHI,Uttar Pradesh,RAE BARELI,Other Public Facilities,State Rural Dev Agency,392000,422000,147500,0,29-01-2023,02-11-2023,,In Progress,TRUE,TRUE,FALSE,,1.08,0.35,577,0.21
MPLADS-02133,Rahul Kaswan,Rajasthan,CHURU,"Railways, Roads, Pathways & Bridges",Cooperative Society,422000,463000,357300,3,27-01-2024,16-05-2024,14-07-2024,Completed,TRUE,TRUE,FALSE,,1.1,0.77,59,-0.73
MPLADS-02134,Rahul Kaswan,Rajasthan,CHURU,Other Public Facilities,Zila Parishad,515000,550000,0,0,08-10-2024,17-01-2025,,Not Started,TRUE,FALSE,TRUE,no_mp_recommendation,1.07,0,135,-0.57
MPLADS-02135,Rahul Kaswan,Rajasthan,CHURU,"Railways, Roads, Pathways & Bridges",Gram Panchayat,701000,670000,587300,2,01-11-2023,17-02-2024,06-03-2024,Completed,TRUE,TRUE,FALSE,,0.96,0.88,18,-0.09
MPLADS-02136,Rahul Kaswan,Rajasthan,CHURU,Education,Cooperative Society,648000,629000,203900,1,24-09-2023,04-04-2024,,In Progress,TRUE,TRUE,FALSE,,0.97,0.32,423,0.37
MPLADS-02137,Rahul Kaswan,Rajasthan,CHURU,"Railways, Roads, Pathways & Bridges",Gram Panchayat,447000,439000,49600,0,24-01-2023,18-08-2023,,In Progress,TRUE,TRUE,FALSE,,0.98,0.11,653,-0.8
MPLADS-02138,Rahul Kaswan,Rajasthan,CHURU,"Railways, Roads, Pathways & Bridges",Zila Parishad,592000,589000,522100,3,02-09-2024,28-05-2025,24-07-2025,Completed,TRUE,TRUE,FALSE,,0.99,0.89,57,-0.34
MPLADS-02139,Rahul Kaswan,Rajasthan,CHURU,Others,Zila Parishad,538000,488000,399300,2,06-04-2023,19-08-2023,30-08-2023,Completed,TRUE,TRUE,FALSE,,0.91,0.82,11,-1.29
MPLADS-02140,Rahul Kaswan,Rajasthan,CHURU,Education,Gram Panchayat,464000,452000,377700,3,05-02-2024,03-01-2025,07-01-2025,Completed,TRUE,TRUE,FALSE,,0.97,0.84,4,-1.02
MPLADS-02141,RAHUL SINGH LODHI,Madhya Pradesh,DAMOH,"Railways, Roads, Pathways & Bridges",Municipal Corporation,402000,406000,347800,2,02-10-2024,20-06-2025,09-07-2025,Completed,TRUE,TRUE,FALSE,,1.01,0.86,19,1.04
MPLADS-02142,RAHUL SINGH LODHI,Madhya Pradesh,DAMOH,Others,District PWD,368000,1206000,1109100,1,10-10-2024,25-02-2025,,Stalled,TRUE,TRUE,TRUE,cost_overrun,3.28,0.92,96,4.47
MPLADS-02143,RAHUL SINGH LODHI,Madhya Pradesh,DAMOH,Other Public Facilities,District PWD,331000,344000,273300,1,02-07-2023,21-03-2024,,In Progress,TRUE,TRUE,FALSE,,1.04,0.79,437,-0.04
MPLADS-02144,RAHUL SINGH LODHI,Madhya Pradesh,DAMOH,Others,State Rural Dev Agency,374000,396000,77000,0,18-12-2023,11-06-2024,,Stalled,TRUE,TRUE,FALSE,,1.06,0.19,355,0.2
MPLADS-02145,RAHUL SINGH LODHI,Madhya Pradesh,DAMOH,Education,Zila Parishad,355000,376000,349200,3,06-01-2023,20-07-2023,18-08-2023,Completed,TRUE,TRUE,FALSE,,1.06,0.93,29,0.51
MPLADS-02146,RAHUL SINGH LODHI,Madhya Pradesh,DAMOH,Other Public Facilities,Zila Parishad,324000,1198000,1061400,1,12-09-2024,26-12-2024,14-01-2025,Completed,FALSE,TRUE,TRUE,cost_overrun,3.7,0.89,19,6.26
MPLADS-02147,RAJ BHUSHAN CHOUDHARY,Bihar,MUZAFFARPUR,Sanitation & Public Health,Municipal Corporation,757000,800000,0,0,10-08-2023,08-11-2023,,Not Started,TRUE,TRUE,FALSE,,1.06,0,571,1.41
MPLADS-02148,RAJ BHUSHAN CHOUDHARY,Bihar,MUZAFFARPUR,Other Public Facilities,Municipal Corporation,629000,708000,564900,2,22-05-2023,25-04-2024,16-05-2024,Completed,TRUE,TRUE,FALSE,,1.13,0.8,21,0.2
MPLADS-02149,RAJ BHUSHAN CHOUDHARY,Bihar,MUZAFFARPUR,Others,State Rural Dev Agency,727000,674000,264100,1,08-10-2023,01-10-2024,,In Progress,TRUE,TRUE,FALSE,,0.93,0.39,243,0.58
MPLADS-02150,RAJ BHUSHAN CHOUDHARY,Bihar,MUZAFFARPUR,Other Public Facilities,State Rural Dev Agency,437000,448000,403600,2,29-10-2024,07-08-2025,30-08-2025,Completed,TRUE,TRUE,FALSE,,1.03,0.9,23,-1.06
MPLADS-02151,RAJ BHUSHAN CHOUDHARY,Bihar,MUZAFFARPUR,Other Public Facilities,Cooperative Society,485000,469000,159000,1,14-02-2024,25-05-2024,,Stalled,TRUE,TRUE,FALSE,,0.97,0.34,372,-0.96
MPLADS-02152,RAJ BHUSHAN CHOUDHARY,Bihar,MUZAFFARPUR,Education,State Rural Dev Agency,752000,800000,192300,0,15-10-2023,12-05-2024,,Stalled,TRUE,TRUE,FALSE,,1.06,0.24,385,1.15
MPLADS-02153,RAJ KUMAR ROAT,Rajasthan,BANSWARA(ST),Sanitation & Public Health,Gram Panchayat,556000,573000,491400,3,16-11-2023,17-04-2024,01-04-2024,Completed,TRUE,TRUE,FALSE,,1.03,0.86,-16,-0.28
MPLADS-02154,RAJ KUMAR ROAT,Rajasthan,BANSWARA(ST),Education,State Rural Dev Agency,488000,479000,437600,2,01-04-2024,13-07-2024,07-09-2024,Completed,TRUE,TRUE,FALSE,,0.98,0.91,56,-0.81
MPLADS-02155,RAJ KUMAR ROAT,Rajasthan,BANSWARA(ST),Others,Municipal Corporation,613000,640000,312400,2,21-04-2023,02-12-2023,,In Progress,TRUE,TRUE,FALSE,,1.04,0.49,547,-0.1
MPLADS-02156,RAJ KUMAR ROAT,Rajasthan,BANSWARA(ST),Other Public Facilities,State Rural Dev Agency,526000,493000,0,0,09-10-2024,22-06-2025,,Not Started,TRUE,TRUE,FALSE,,0.94,0,0,-1
MPLADS-02157,RAJ KUMAR ROAT,Rajasthan,BANSWARA(ST),"Railways, Roads, Pathways & Bridges",Cooperative Society,577000,594000,554100,3,17-09-2023,30-07-2024,,Not Started,TRUE,TRUE,TRUE,ghost_project,1.03,0.93,306,-0.32
MPLADS-02158,RAJ KUMAR ROAT,Rajasthan,BANSWARA(ST),Other Public Facilities,Municipal Corporation,533000,592000,485100,4,27-06-2024,07-02-2025,26-02-2025,Completed,FALSE,TRUE,FALSE,,1.11,0.82,19,-0.24
MPLADS-02159,RAJ KUMAR ROAT,Rajasthan,BANSWARA(ST),Others,Cooperative Society,561000,525000,0,0,15-03-2024,10-09-2024,,Not Started,TRUE,TRUE,FALSE,,0.94,0,264,-1
MPLADS-02160,RAJ KUMAR ROAT,Rajasthan,BANSWARA(ST),"Railways, Roads, Pathways & Bridges",Municipal Corporation,577000,655000,553000,2,16-01-2024,10-12-2024,30-12-2024,Completed,TRUE,TRUE,FALSE,,1.14,0.84,20,-0.13
MPLADS-02161,RAJ KUMAR ROAT,Rajasthan,BANSWARA(ST),"Railways, Roads, Pathways & Bridges",Municipal Corporation,725000,679000,577700,2,05-12-2024,29-10-2025,29-11-2025,Completed,TRUE,TRUE,FALSE,,0.94,0.85,31,-0.06
MPLADS-02162,RAJ KUMAR ROAT,Rajasthan,BANSWARA(ST),"Railways, Roads, Pathways & Bridges",State Rural Dev Agency,673000,757000,448700,1,27-08-2023,09-06-2024,,In Progress,TRUE,TRUE,FALSE,,1.12,0.59,357,0.18
MPLADS-02163,RAJ KUMAR ROAT,Rajasthan,BANSWARA(ST),Others,Cooperative Society,723000,762000,580000,2,11-08-2023,04-03-2024,02-04-2024,Completed,TRUE,TRUE,FALSE,,1.05,0.76,29,0.86
MPLADS-02164,RAJA RAM SINGH,Bihar,KARAKAT,Others,Gram Panchayat,529000,508000,390300,2,18-03-2023,05-09-2023,,In Progress,TRUE,TRUE,FALSE,,0.96,0.77,635,-0.84
MPLADS-02165,RAJA RAM SINGH,Bihar,KARAKAT,Other Public Facilities,Gram Panchayat,549000,601000,0,0,22-11-2023,08-04-2024,,Not Started,TRUE,TRUE,TRUE,duplicate_work,1.09,0,419,-0.32
MPLADS-02166,RAJA RAM SINGH,Bihar,KARAKAT,Other Public Facilities,Gram Panchayat,702000,716000,690000,4,25-05-2024,22-02-2025,09-02-2025,Completed,TRUE,TRUE,FALSE,,1.02,0.96,-13,0.24
MPLADS-02167,RAJA RAM SINGH,Bihar,KARAKAT,"Railways, Roads, Pathways & Bridges",District PWD,479000,500000,291200,2,25-06-2023,13-04-2024,,In Progress,TRUE,TRUE,FALSE,,1.04,0.58,414,-0.57
MPLADS-02168,RAJABHAU,Maharashtra,NASHIK,Education,District PWD,502000,499000,432600,3,19-10-2023,05-07-2024,15-08-2024,Completed,TRUE,TRUE,FALSE,,0.99,0.87,41,-0.51
MPLADS-02169,RAJABHAU,Maharashtra,NASHIK,Other Public Facilities,State Rural Dev Agency,394000,359000,294200,2,17-04-2024,18-02-2025,12-03-2025,Completed,TRUE,TRUE,FALSE,,0.91,0.82,22,-1.06
MPLADS-02170,RAJABHAU,Maharashtra,NASHIK,Other Public Facilities,District PWD,710000,802000,686000,3,24-06-2024,06-02-2025,01-03-2025,Completed,TRUE,TRUE,FALSE,,1.13,0.86,23,0.81
MPLADS-02171,RAJABHAU,Maharashtra,NASHIK,Sanitation & Public Health,Gram Panchayat,579000,652000,320300,1,01-03-2024,02-01-2025,,In Progress,TRUE,TRUE,FALSE,,1.13,0.49,150,0.35
MPLADS-02172,RAJABHAU,Maharashtra,NASHIK,Other Public Facilities,Gram Panchayat,424000,1324000,1222700,2,23-03-2023,10-08-2023,,In Progress,TRUE,TRUE,TRUE,cost_overrun,3.12,0.92,661,3.01
MPLADS-02173,RAJABHAU,Maharashtra,NASHIK,Other Public Facilities,District PWD,455000,463000,462700,3,02-11-2023,05-08-2024,,Not Started,TRUE,TRUE,TRUE,ghost_project,1.02,1,300,-0.62
MPLADS-02174,RAJABHAU,Maharashtra,NASHIK,Sanitation & Public Health,District PWD,575000,526000,233600,1,18-01-2024,26-12-2024,,Stalled,TRUE,TRUE,FALSE,,0.91,0.44,157,-0.49
MPLADS-02175,RAJABHAU,Maharashtra,NASHIK,Sanitation & Public Health,Gram Panchayat,688000,656000,570100,3,23-05-2023,13-01-2024,13-01-2024,Completed,TRUE,TRUE,FALSE,,0.95,0.87,0,0.38
MPLADS-02176,RAJEEV BHARDWAJ,Himachal Pradesh,KANGRA,"Railways, Roads, Pathways & Bridges",Municipal Corporation,420000,430000,398500,3,20-08-2023,27-04-2024,06-05-2024,Completed,TRUE,TRUE,FALSE,,1.02,0.93,9,0.3
MPLADS-02177,RAJEEV BHARDWAJ,Himachal Pradesh,KANGRA,Others,Municipal Corporation,548000,573000,61400,0,04-07-2024,13-10-2024,,Stalled,TRUE,TRUE,FALSE,,1.05,0.11,231,1.43
MPLADS-02178,RAJEEV BHARDWAJ,Himachal Pradesh,KANGRA,"Railways, Roads, Pathways & Bridges",Municipal Corporation,293000,330000,273500,3,14-02-2023,10-10-2023,14-11-2023,Completed,TRUE,TRUE,FALSE,,1.13,0.83,35,-1.08
MPLADS-02179,RAJEEV BHARDWAJ,Himachal Pradesh,KANGRA,Other Public Facilities,Zila Parishad,527000,602000,257000,1,05-12-2024,03-07-2025,,In Progress,TRUE,TRUE,TRUE,duplicate_work,1.14,0.43,0,1.15
MPLADS-02180,RAJEEV BHARDWAJ,Himachal Pradesh,KANGRA,Others,Zila Parishad,385000,403000,130100,0,22-05-2023,23-08-2023,,In Progress,TRUE,TRUE,FALSE,,1.05,0.32,648,-0.09
MPLADS-02181,RAJEEV BHARDWAJ,Himachal Pradesh,KANGRA,"Railways, Roads, Pathways & Bridges",Gram Panchayat,426000,470000,0,0,21-08-2024,14-01-2025,,Not Started,TRUE,TRUE,FALSE,,1.1,0,138,0.85
MPLADS-02182,RAJEEV BHARDWAJ,Himachal Pradesh,KANGRA,"Railways, Roads, Pathways & Bridges",Cooperative Society,314000,323000,310000,2,15-11-2024,06-03-2025,01-04-2025,Completed,TRUE,TRUE,FALSE,,1.03,0.96,26,-1.18
MPLADS-02183,RAJEEV BHARDWAJ,Himachal Pradesh,KANGRA,Other Public Facilities,Zila Parishad,515000,556000,176900,1,16-05-2024,19-09-2024,,Stalled,TRUE,TRUE,FALSE,,1.08,0.32,255,0.73
MPLADS-02184,RAJEEV BHARDWAJ,Himachal Pradesh,KANGRA,Other Public Facilities,State Rural Dev Agency,291000,324000,284300,3,05-04-2023,09-03-2024,26-04-2024,Completed,TRUE,TRUE,FALSE,,1.11,0.88,48,-1.38
MPLADS-02185,RAJEEV BHARDWAJ,Himachal Pradesh,KANGRA,Other Public Facilities,District PWD,506000,539000,272100,1,06-09-2023,04-03-2024,,In Progress,TRUE,TRUE,FALSE,,1.07,0.5,454,0.58
MPLADS-02186,RAJEEV RAI,Uttar Pradesh,GHOSI,Other Public Facilities,Zila Parishad,297000,300000,72500,0,18-03-2023,09-09-2023,,Stalled,TRUE,FALSE,FALSE,,1.01,0.24,631,-0.5
MPLADS-02187,RAJEEV RAI,Uttar Pradesh,GHOSI,Other Public Facilities,Zila Parishad,419000,408000,0,0,24-04-2024,19-09-2024,,Not Started,TRUE,TRUE,FALSE,,0.97,0,255,0.13
MPLADS-02188,RAJEEV RAI,Uttar Pradesh,GHOSI,Other Public Facilities,Municipal Corporation,439000,397000,0,0,27-08-2024,17-07-2025,,Not Started,TRUE,TRUE,FALSE,,0.9,0,0,0.06
MPLADS-02189,RAJEEV RAI,Uttar Pradesh,GHOSI,Other Public Facilities,Zila Parishad,252000,254000,85000,0,26-12-2024,27-05-2025,,In Progress,TRUE,TRUE,FALSE,,1.01,0.33,5,-0.76
MPLADS-02190,RAJEEV RAI,Uttar Pradesh,GHOSI,Drinking Water Facility,State Rural Dev Agency,419000,455000,24600,0,13-08-2023,21-04-2024,,Stalled,TRUE,TRUE,FALSE,,1.09,0.05,406,0.47
MPLADS-02191,RAJEEV RAI,Uttar Pradesh,GHOSI,Other Public Facilities,Gram Panchayat,290000,278000,254100,1,09-06-2024,22-02-2025,15-03-2025,Completed,TRUE,TRUE,FALSE,,0.96,0.91,21,-0.62
MPLADS-02192,RAJEEV RAI,Uttar Pradesh,GHOSI,Other Public Facilities,District PWD,394000,420000,279700,3,18-06-2023,04-10-2023,,In Progress,TRUE,TRUE,FALSE,,1.07,0.67,606,0.19
MPLADS-02193,RAJESH RANJAN ALIAS PAPPU YADAV,Bihar,PURNEA,"Railways, Roads, Pathways & Bridges",District PWD,791000,719000,390900,2,31-05-2023,17-05-2024,,In Progress,TRUE,TRUE,FALSE,,0.91,0.54,380,0.16
MPLADS-02194,RAJESH RANJAN ALIAS PAPPU YADAV,Bihar,PURNEA,Others,Gram Panchayat,500000,455000,393500,3,16-04-2024,26-11-2024,12-12-2024,Completed,FALSE,TRUE,FALSE,,0.91,0.86,16,-1.3
MPLADS-02195,RAJESH RANJAN ALIAS PAPPU YADAV,Bihar,PURNEA,Other Public Facilities,Gram Panchayat,485000,526000,444200,4,27-12-2023,11-10-2024,25-10-2024,Completed,TRUE,TRUE,FALSE,,1.08,0.84,14,-0.69
MPLADS-02196,RAJESH RANJAN ALIAS PAPPU YADAV,Bihar,PURNEA,"Railways, Roads, Pathways & Bridges",District PWD,528000,484000,389600,1,06-08-2023,09-06-2024,08-07-2024,Completed,TRUE,TRUE,FALSE,,0.92,0.8,29,-0.62
MPLADS-02197,RAJESH RANJAN ALIAS PAPPU YADAV,Bihar,PURNEA,"Railways, Roads, Pathways & Bridges",Cooperative Society,606000,583000,481100,2,27-03-2024,04-09-2024,24-10-2024,Completed,TRUE,TRUE,FALSE,,0.96,0.83,50,-0.29
MPLADS-02198,RAJESH RANJAN ALIAS PAPPU YADAV,Bihar,PURNEA,Other Public Facilities,Municipal Corporation,432000,428000,371500,1,08-03-2024,15-10-2024,10-10-2024,Completed,TRUE,TRUE,FALSE,,0.99,0.87,-5,-1.16
MPLADS-02199,RAJESH VERMA,Bihar,KHAGARIA,Other Public Facilities,District PWD,702000,726000,401700,2,26-06-2024,28-11-2024,,In Progress,TRUE,TRUE,FALSE,,1.03,0.55,185,0.29
MPLADS-02200,RAJESH VERMA,Bihar,KHAGARIA,Drinking Water Facility,District PWD,540000,594000,518400,2,23-10-2024,31-07-2025,23-09-2025,Completed,TRUE,TRUE,FALSE,,1.1,0.87,54,-0.27
MPLADS-02201,RAJESH VERMA,Bihar,KHAGARIA,Others,Zila Parishad,458000,487000,389100,3,12-08-2024,15-06-2025,23-06-2025,Completed,TRUE,TRUE,FALSE,,1.06,0.8,8,-1.02
MPLADS-02202,RAJESH VERMA,Bihar,KHAGARIA,Other Public Facilities,Zila Parishad,540000,487000,320700,3,27-09-2024,17-03-2025,,In Progress,TRUE,TRUE,FALSE,,0.9,0.66,76,-0.87
MPLADS-02203,RAJESH VERMA,Bihar,KHAGARIA,"Railways, Roads, Pathways & Bridges",Municipal Corporation,613000,636000,530200,2,09-12-2024,03-04-2025,13-04-2025,Completed,TRUE,TRUE,FALSE,,1.04,0.83,10,-0.12
MPLADS-02204,RAJESH VERMA,Bihar,KHAGARIA,Sanitation & Public Health,District PWD,692000,745000,659900,2,14-10-2024,18-02-2025,04-04-2025,Completed,TRUE,TRUE,FALSE,,1.08,0.89,45,0.89
MPLADS-02205,RAJESH VERMA,Bihar,KHAGARIA,Others,Municipal Corporation,778000,785000,486900,2,09-07-2023,19-01-2024,,In Progress,TRUE,TRUE,FALSE,,1.01,0.62,499,1.54
MPLADS-02206,RAJESH VERMA,Bihar,KHAGARIA,Other Public Facilities,Zila Parishad,804000,884000,723800,3,05-12-2024,19-08-2025,09-08-2025,Completed,TRUE,TRUE,FALSE,,1.1,0.82,-10,1.05
MPLADS-02207,RAJESH VERMA,Bihar,KHAGARIA,Other Public Facilities,Gram Panchayat,536000,522000,0,0,07-12-2023,12-07-2024,,Not Started,TRUE,FALSE,FALSE,,0.97,0,324,-0.7
MPLADS-02208,RAJESH VERMA,Bihar,KHAGARIA,Other Public Facilities,District PWD,549000,1793000,1543800,2,14-03-2024,18-01-2025,19-02-2025,Completed,TRUE,TRUE,TRUE,cost_overrun,3.27,0.86,32,5.47
MPLADS-02209,RAJESH VERMA,Bihar,KHAGARIA,Sanitation & Public Health,Gram Panchayat,602000,593000,451800,1,24-06-2023,12-05-2024,,In Progress,TRUE,TRUE,FALSE,,0.99,0.76,385,-0.55
MPLADS-02210,Rajeshbhai Naranbhai Chudasama,Gujarat,JUNAGADH,Other Public Facilities,District PWD,293000,331000,280300,3,20-08-2024,11-04-2025,02-04-2025,Completed,TRUE,TRUE,FALSE,,1.13,0.85,-9,0.91
MPLADS-02211,Rajeshbhai Naranbhai Chudasama,Gujarat,JUNAGADH,"Railways, Roads, Pathways & Bridges",State Rural Dev Agency,224000,203000,118700,2,18-01-2023,06-09-2023,,In Progress,TRUE,TRUE,FALSE,,0.91,0.58,634,-0.82
MPLADS-02212,Rajeshbhai Naranbhai Chudasama,Gujarat,JUNAGADH,Other Public Facilities,Municipal Corporation,201000,192000,155000,1,30-05-2024,01-03-2025,21-04-2025,Completed,TRUE,TRUE,FALSE,,0.96,0.81,51,-1.56
MPLADS-02213,Rajeshbhai Naranbhai Chudasama,Gujarat,JUNAGADH,Other Public Facilities,Municipal Corporation,291000,302000,208400,2,10-12-2023,27-11-2024,,In Progress,TRUE,TRUE,FALSE,,1.04,0.69,186,0.4
MPLADS-02214,Rajeshbhai Naranbhai Chudasama,Gujarat,JUNAGADH,Other Public Facilities,Municipal Corporation,301000,295000,195300,1,10-11-2024,14-07-2025,,In Progress,TRUE,FALSE,FALSE,,0.98,0.66,0,0.27
MPLADS-02215,Rajeshbhai Naranbhai Chudasama,Gujarat,JUNAGADH,"Railways, Roads, Pathways & Bridges",State Rural Dev Agency,256000,278000,250200,2,05-11-2023,11-10-2024,,In Progress,TRUE,TRUE,FALSE,,1.09,0.9,233,-0.25
MPLADS-02216,Rajeshbhai Naranbhai Chudasama,Gujarat,JUNAGADH,Others,District PWD,293000,321000,262800,2,10-05-2024,14-03-2025,14-03-2025,Completed,TRUE,TRUE,FALSE,,1.1,0.82,0,-0.07
MPLADS-02217,Rajiv Pratap Rudy,Bihar,SARAN,Education,Zila Parishad,432000,479000,68300,0,01-06-2023,19-04-2024,,Stalled,TRUE,TRUE,FALSE,,1.11,0.14,408,-1.25
MPLADS-02218,Rajiv Pratap Rudy,Bihar,SARAN,Other Public Facilities,Gram Panchayat,720000,812000,620300,3,01-01-2024,17-10-2024,,In Progress,TRUE,TRUE,FALSE,,1.13,0.76,227,0.7
MPLADS-02219,Rajiv Pratap Rudy,Bihar,SARAN,Other Public Facilities,Gram Panchayat,680000,685000,654200,4,04-01-2024,07-12-2024,08-01-2025,Not Started,TRUE,TRUE,TRUE,ghost_project,1.01,0.96,32,0.09
MPLADS-02220,Rajiv Pratap Rudy,Bihar,SARAN,Sanitation & Public Health,State Rural Dev Agency,532000,508000,427100,3,16-10-2024,08-06-2025,02-06-2025,Completed,TRUE,TRUE,FALSE,,0.95,0.84,-6,-1.36
MPLADS-02221,Rajiv Pratap Rudy,Bihar,SARAN,Drinking Water Facility,Cooperative Society,656000,615000,254200,1,05-04-2024,01-10-2024,,Stalled,TRUE,TRUE,TRUE,duplicate_work,0.94,0.41,243,-0.21
MPLADS-02222,Rajiv Pratap Rudy,Bihar,SARAN,"Railways, Roads, Pathways & Bridges",Municipal Corporation,674000,648000,0,0,24-12-2023,19-12-2024,,Not Started,TRUE,TRUE,FALSE,,0.96,0,164,-0.08
MPLADS-02223,Rajiv Pratap Rudy,Bihar,SARAN,Other Public Facilities,State Rural Dev Agency,708000,779000,647600,4,13-11-2023,27-08-2024,01-10-2024,Completed,TRUE,TRUE,FALSE,,1.1,0.83,35,0.54
MPLADS-02224,Rajiv Pratap Rudy,Bihar,SARAN,Other Public Facilities,Municipal Corporation,682000,759000,621100,1,06-05-2023,04-02-2024,13-03-2024,Completed,TRUE,TRUE,FALSE,,1.11,0.82,38,0.45
MPLADS-02225,Rajiv Ranjan (Lalan) Singh,Bihar,MUNGER,Other Public Facilities,Zila Parishad,662000,747000,586200,3,23-10-2023,24-09-2024,20-11-2024,Completed,FALSE,TRUE,FALSE,,1.13,0.78,57,0.39
MPLADS-02226,Rajiv Ranjan (Lalan) Singh,Bihar,MUNGER,Others,State Rural Dev Agency,764000,739000,359700,1,22-04-2024,15-11-2024,,In Progress,TRUE,TRUE,FALSE,,0.97,0.49,198,1.14
MPLADS-02227,Rajiv Ranjan (Lalan) Singh,Bihar,MUNGER,Other Public Facilities,Municipal Corporation,764000,874000,815400,2,11-11-2024,04-08-2025,20-08-2025,Completed,TRUE,TRUE,FALSE,,1.14,0.93,16,1.01
MPLADS-02228,Rajiv Ranjan (Lalan) Singh,Bihar,MUNGER,"Railways, Roads, Pathways & Bridges",District PWD,506000,507000,335100,2,16-01-2023,13-01-2024,,In Progress,TRUE,TRUE,FALSE,,1,0.66,505,-0.54
MPLADS-02229,Rajiv Ranjan (Lalan) Singh,Bihar,MUNGER,Drinking Water Facility,District PWD,479000,1833000,1503400,1,24-02-2023,22-06-2023,,In Progress,FALSE,TRUE,TRUE,cost_overrun,3.83,0.82,710,3.33
MPLADS-02230,Rajiv Ranjan (Lalan) Singh,Bihar,MUNGER,"Railways, Roads, Pathways & Bridges",State Rural Dev Agency,746000,777000,629100,2,21-02-2023,07-12-2023,20-12-2023,Completed,TRUE,TRUE,FALSE,,1.04,0.81,13,0.35
MPLADS-02231,Rajiv Ranjan (Lalan) Singh,Bihar,MUNGER,Sanitation & Public Health,Cooperative Society,612000,664000,173800,1,12-11-2024,26-09-2025,,Stalled,TRUE,TRUE,FALSE,,1.08,0.26,0,0.12
MPLADS-02232,Rajiv Ranjan (Lalan) Singh,Bihar,MUNGER,"Railways, Roads, Pathways & Bridges",District PWD,676000,2595000,2288500,1,05-10-2023,12-07-2024,22-07-2024,Completed,TRUE,TRUE,TRUE,cost_overrun,3.84,0.88,10,6.35
MPLADS-02233,Rajiv Ranjan (Lalan) Singh,Bihar,MUNGER,Sanitation & Public Health,Cooperative Society,802000,841000,766700,3,25-10-2023,16-10-2024,07-10-2024,Completed,TRUE,TRUE,FALSE,,1.05,0.91,-9,1.8
MPLADS-02234,Rajiv Ranjan (Lalan) Singh,Bihar,MUNGER,Other Public Facilities,Municipal Corporation,636000,587000,525600,3,14-10-2024,21-06-2025,19-07-2025,Completed,TRUE,TRUE,FALSE,,0.92,0.9,28,-0.39
MPLADS-02235,Rajkumar Chahar,Uttar Pradesh,FATEHPUR SIKRI,Education,Municipal Corporation,283000,290000,202800,1,06-11-2023,19-07-2024,,In Progress,TRUE,TRUE,FALSE,,1.02,0.7,317,-0.51
MPLADS-02236,Rajkumar Chahar,Uttar Pradesh,FATEHPUR SIKRI,Other Public Facilities,Gram Panchayat,421000,481000,364500,2,15-08-2024,01-01-2025,28-01-2025,Completed,TRUE,TRUE,FALSE,,1.14,0.76,27,0.55
MPLADS-02237,Rajkumar Chahar,Uttar Pradesh,FATEHPUR SIKRI,Other Public Facilities,Cooperative Society,236000,270000,218400,3,21-07-2024,29-05-2025,08-07-2025,Completed,TRUE,TRUE,FALSE,,1.14,0.81,40,-0.67
MPLADS-02238,Rajkumar Chahar,Uttar Pradesh,FATEHPUR SIKRI,Education,Gram Panchayat,405000,404000,200600,1,17-04-2024,20-03-2025,,In Progress,TRUE,TRUE,FALSE,,1,0.5,73,0.05
MPLADS-02239,Rajkumar Chahar,Uttar Pradesh,FATEHPUR SIKRI,Education,Cooperative Society,329000,337000,271900,2,09-04-2023,28-02-2024,20-03-2024,Completed,TRUE,TRUE,FALSE,,1.02,0.81,21,-0.28
MPLADS-02240,Rajkumar Chahar,Uttar Pradesh,FATEHPUR SIKRI,"Railways, Roads, Pathways & Bridges",Gram Panchayat,326000,335000,275400,2,30-12-2024,21-10-2025,11-10-2025,Completed,TRUE,TRUE,FALSE,,1.03,0.82,-10,-0.23
MPLADS-02241,Rajnath Singh,Uttar Pradesh,LUCKNOW,Other Public Facilities,Gram Panchayat,287000,322000,252800,3,17-04-2024,17-12-2024,14-01-2025,Completed,TRUE,TRUE,FALSE,,1.12,0.79,28,-0.37
MPLADS-02242,Rajnath Singh,Uttar Pradesh,LUCKNOW,Other Public Facilities,Zila Parishad,370000,403000,0,0,01-04-2023,27-10-2023,,Not Started,TRUE,TRUE,FALSE,,1.09,0,583,0.1
MPLADS-02243,Rajnath Singh,Uttar Pradesh,LUCKNOW,"Railways, Roads, Pathways & Bridges",State Rural Dev Agency,252000,279000,181100,1,17-08-2024,01-12-2024,,In Progress,TRUE,TRUE,FALSE,,1.11,0.65,182,-0.67
MPLADS-02244,Rajnath Singh,Uttar Pradesh,LUCKNOW,"Railways, Roads, Pathways & Bridges",Cooperative Society,366000,384000,316500,2,28-10-2023,26-08-2024,15-09-2024,Completed,TRUE,TRUE,FALSE,,1.05,0.82,20,0.16
MPLADS-02245,Rajnath Singh,Uttar Pradesh,LUCKNOW,Other Public Facilities,District PWD,346000,364000,120500,0,07-01-2023,09-12-2023,,In Progress,TRUE,TRUE,FALSE,,1.05,0.33,540,-0.13
MPLADS-02246,Rajnath Singh,Uttar Pradesh,LUCKNOW,Other Public Facilities,Municipal Corporation,238000,244000,190000,2,28-03-2023,02-02-2024,25-02-2024,Completed,TRUE,TRUE,FALSE,,1.03,0.78,23,-0.82
MPLADS-02247,Rajnath Singh,Uttar Pradesh,LUCKNOW,Other Public Facilities,Municipal Corporation,293000,317000,75900,1,31-08-2024,10-04-2024,09-05-2025,Stalled,TRUE,TRUE,TRUE,delayed_stalled,1.08,0.24,394,-0.4
MPLADS-02248,Rajnath Singh,Uttar Pradesh,LUCKNOW,Other Public Facilities,Cooperative Society,391000,429000,350900,3,04-03-2023,11-08-2023,26-08-2023,Completed,TRUE,TRUE,FALSE,,1.1,0.82,15,0.25
MPLADS-02249,RAJPALSINH MAHENDRASINH JADAV,Gujarat,PANCHMAHAL,"Railways, Roads, Pathways & Bridges",Gram Panchayat,260000,252000,169400,2,24-02-2023,26-07-2023,,In Progress,TRUE,TRUE,FALSE,,0.97,0.67,676,-0.45
MPLADS-02250,RAJPALSINH MAHENDRASINH JADAV,Gujarat,PANCHMAHAL,"Railways, Roads, Pathways & Bridges",Municipal Corporation,358000,339000,307700,3,20-05-2023,23-03-2024,19-05-2024,Completed,TRUE,TRUE,FALSE,,0.95,0.91,57,0.22
MPLADS-02251,RAJPALSINH MAHENDRASINH JADAV,Gujarat,PANCHMAHAL,Others,Gram Panchayat,308000,294000,261700,2,05-10-2024,28-02-2025,05-03-2025,Completed,TRUE,FALSE,FALSE,,0.95,0.89,5,-0.24
MPLADS-02252,RAJPALSINH MAHENDRASINH JADAV,Gujarat,PANCHMAHAL,Drinking Water Facility,State Rural Dev Agency,367000,353000,178600,2,30-09-2024,15-07-2025,,In Progress,TRUE,FALSE,FALSE,,0.96,0.51,0,0.87
MPLADS-02253,RAJPALSINH MAHENDRASINH JADAV,Gujarat,PANCHMAHAL,"Railways, Roads, Pathways & Bridges",District PWD,280000,277000,145700,2,04-05-2023,01-03-2024,,In Progress,TRUE,TRUE,FALSE,,0.99,0.53,457,-0.26
MPLADS-02254,RAJPALSINH MAHENDRASINH JADAV,Gujarat,PANCHMAHAL,"Railways, Roads, Pathways & Bridges",Gram Panchayat,327000,365000,352400,3,01-06-2024,28-04-2025,09-06-2025,Completed,TRUE,TRUE,FALSE,,1.12,0.97,42,0.42
MPLADS-02255,RAJPALSINH MAHENDRASINH JADAV,Gujarat,PANCHMAHAL,Others,State Rural Dev Agency,257000,272000,101300,1,10-05-2024,21-09-2024,,Stalled,TRUE,TRUE,FALSE,,1.06,0.37,253,-0.37
MPLADS-02256,Raju Bista,West Bengal,DARJEELING,Education,State Rural Dev Agency,504000,483000,0,0,24-09-2023,13-01-2024,,Not Started,TRUE,TRUE,FALSE,,0.96,0,505,-1.3
MPLADS-02257,Raju Bista,West Bengal,DARJEELING,Sanitation & Public Health,Cooperative Society,606000,626000,554700,2,07-05-2023,24-01-2024,17-03-2024,Completed,TRUE,TRUE,FALSE,,1.03,0.89,53,-0.41
MPLADS-02258,Raju Bista,West Bengal,DARJEELING,"Railways, Roads, Pathways & Bridges",Zila Parishad,857000,851000,739400,4,04-11-2024,08-02-2025,31-01-2025,Completed,TRUE,TRUE,FALSE,,0.99,0.87,-8,0.63
MPLADS-02259,Raju Bista,West Bengal,DARJEELING,Other Public Facilities,State Rural Dev Agency,448000,412000,235800,1,02-05-2024,10-12-2024,,In Progress,TRUE,TRUE,FALSE,,0.92,0.57,173,-0.97
MPLADS-02260,RAKESH RATHOR,Uttar Pradesh,SITAPUR,"Railways, Roads, Pathways & Bridges",District PWD,350000,343000,294000,1,19-05-2024,11-12-2024,07-02-2025,Completed,TRUE,TRUE,FALSE,,0.98,0.86,58,-0.16
MPLADS-02261,RAKESH RATHOR,Uttar Pradesh,SITAPUR,Education,Gram Panchayat,353000,401000,316700,2,20-04-2024,03-11-2024,20-10-2024,Completed,TRUE,FALSE,FALSE,,1.14,0.79,-14,0.03
MPLADS-02262,RAKESH RATHOR,Uttar Pradesh,SITAPUR,"Railways, Roads, Pathways & Bridges",Cooperative Society,284000,299000,269100,2,04-05-2023,20-08-2023,,In Progress,FALSE,TRUE,FALSE,,1.05,0.9,651,-0.51
MPLADS-02263,RAKESH RATHOR,Uttar Pradesh,SITAPUR,"Railways, Roads, Pathways & Bridges",Municipal Corporation,459000,455000,0,0,28-10-2024,28-08-2025,,Not Started,TRUE,TRUE,FALSE,,0.99,0,0,0.72
MPLADS-02264,RAKESH RATHOR,Uttar Pradesh,SITAPUR,Drinking Water Facility,Zila Parishad,321000,316000,148000,1,23-05-2023,27-08-2023,,In Progress,TRUE,TRUE,FALSE,,0.98,0.47,644,-0.36
MPLADS-02265,RAKESH RATHOR,Uttar Pradesh,SITAPUR,Others,Cooperative Society,391000,366000,230100,1,02-01-2024,10-09-2024,,In Progress,TRUE,TRUE,FALSE,,0.94,0.63,264,0.1
MPLADS-02266,RAKESH RATHOR,Uttar Pradesh,SITAPUR,Other Public Facilities,Municipal Corporation,301000,305000,268900,4,21-06-2024,10-02-2025,30-03-2025,Completed,TRUE,TRUE,FALSE,,1.01,0.88,48,-0.47
MPLADS-02267,RAKESH RATHOR,Uttar Pradesh,SITAPUR,Others,Zila Parishad,233000,263000,156900,2,02-11-2024,14-02-2025,,In Progress,TRUE,TRUE,FALSE,,1.13,0.6,107,-1.21
MPLADS-02268,RAKIBUL HUSSAIN,Assam,DHUBRI,Other Public Facilities,District PWD,509000,522000,0,0,13-10-2023,19-07-2024,,Not Started,TRUE,TRUE,FALSE,,1.03,0,317,0.36
MPLADS-02269,RAKIBUL HUSSAIN,Assam,DHUBRI,Other Public Facilities,Zila Parishad,345000,345000,50600,0,22-10-2024,09-02-2025,,In Progress,TRUE,TRUE,FALSE,,1,0.15,112,-1.28
MPLADS-02270,RAKIBUL HUSSAIN,Assam,DHUBRI,Other Public Facilities,Municipal Corporation,588000,638000,256100,1,12-08-2024,07-04-2025,,In Progress,TRUE,TRUE,FALSE,,1.09,0.4,55,1.44
MPLADS-02271,RAKIBUL HUSSAIN,Assam,DHUBRI,Other Public Facilities,State Rural Dev Agency,427000,474000,246700,1,13-05-2023,30-09-2023,,In Progress,TRUE,TRUE,FALSE,,1.11,0.52,610,-0.08
MPLADS-02272,RAKIBUL HUSSAIN,Assam,DHUBRI,Other Public Facilities,Cooperative Society,577000,647000,638900,4,24-09-2024,11-05-2025,,Not Started,TRUE,FALSE,TRUE,ghost_project,1.12,0.99,21,1.52
MPLADS-02273,RAKIBUL HUSSAIN,Assam,DHUBRI,Education,Cooperative Society,445000,501000,422100,2,12-06-2023,22-05-2024,12-07-2024,Completed,TRUE,TRUE,FALSE,,1.13,0.84,51,-0.23
MPLADS-02274,RAM PRASAD CHAUDHARY,Uttar Pradesh,BASTI,Education,Cooperative Society,401000,1351000,1169300,2,02-05-2024,08-10-2024,16-10-2024,Completed,TRUE,TRUE,TRUE,cost_overrun,3.37,0.87,8,4.7
MPLADS-02275,RAM PRASAD CHAUDHARY,Uttar Pradesh,BASTI,Other Public Facilities,Gram Panchayat,453000,480000,413700,3,31-08-2023,16-05-2024,09-06-2024,Completed,TRUE,TRUE,FALSE,,1.06,0.86,24,0.54
MPLADS-02276,RAM PRASAD CHAUDHARY,Uttar Pradesh,BASTI,Other Public Facilities,District PWD,439000,481000,119000,1,06-03-2024,04-01-2025,,Stalled,TRUE,TRUE,FALSE,,1.1,0.25,148,0.55
MPLADS-02277,RAM PRASAD CHAUDHARY,Uttar Pradesh,BASTI,Others,District PWD,365000,338000,289500,3,16-03-2023,18-10-2023,30-11-2023,Completed,TRUE,TRUE,FALSE,,0.93,0.86,43,-0.26
MPLADS-02278,RAM PRASAD CHAUDHARY,Uttar Pradesh,BASTI,Education,Cooperative Society,256000,277000,232100,3,28-06-2023,23-12-2023,24-12-2023,Completed,TRUE,TRUE,FALSE,,1.08,0.84,1,-0.58
MPLADS-02279,RAM PRASAD CHAUDHARY,Uttar Pradesh,BASTI,Other Public Facilities,Cooperative Society,315000,334000,161800,1,10-08-2024,21-01-2025,,In Progress,TRUE,TRUE,FALSE,,1.06,0.48,131,-0.3
MPLADS-02280,RAM PRASAD CHAUDHARY,Uttar Pradesh,BASTI,Other Public Facilities,State Rural Dev Agency,395000,374000,330900,3,20-10-2023,18-02-2024,05-04-2024,Completed,TRUE,TRUE,FALSE,,0.95,0.88,47,-0.07
MPLADS-02281,RAM PRASAD CHAUDHARY,Uttar Pradesh,BASTI,Education,District PWD,383000,357000,134200,2,16-07-2023,26-01-2023,12-02-2024,Stalled,FALSE,TRUE,TRUE,delayed_stalled,0.93,0.38,382,-0.18
MPLADS-02282,RAM PRASAD CHAUDHARY,Uttar Pradesh,BASTI,Education,Gram Panchayat,334000,304000,255700,2,28-07-2023,02-02-2024,13-03-2024,Completed,TRUE,FALSE,FALSE,,0.91,0.84,40,-0.44
MPLADS-02283,RAM PRASAD CHAUDHARY,Uttar Pradesh,BASTI,Other Public Facilities,Cooperative Society,316000,318000,188800,2,04-08-2024,06-04-2025,,In Progress,TRUE,TRUE,FALSE,,1.01,0.59,56,-0.39
MPLADS-02284,Ram Shiromani,Uttar Pradesh,SHRAWASTI,Drinking Water Facility,Gram Panchayat,235000,222000,115500,2,19-10-2024,31-05-2025,,In Progress,TRUE,TRUE,FALSE,,0.94,0.52,1,-0.92
MPLADS-02285,Ram Shiromani,Uttar Pradesh,SHRAWASTI,"Railways, Roads, Pathways & Bridges",Zila Parishad,352000,347000,279300,4,27-05-2024,22-09-2024,17-11-2024,Completed,TRUE,TRUE,FALSE,,0.99,0.8,56,-0.13
MPLADS-02286,Ram Shiromani,Uttar Pradesh,SHRAWASTI,"Railways, Roads, Pathways & Bridges",State Rural Dev Agency,286000,298000,272700,3,10-03-2023,23-01-2024,19-01-2024,Completed,TRUE,TRUE,FALSE,,1.04,0.92,-4,-0.52
MPLADS-02287,Ram Shiromani,Uttar Pradesh,SHRAWASTI,"Railways, Roads, Pathways & Bridges",Gram Panchayat,443000,408000,355800,4,22-03-2023,26-02-2024,16-03-2024,Completed,TRUE,TRUE,FALSE,,0.92,0.87,19,0.35
MPLADS-02288,Ram Shiromani,Uttar Pradesh,SHRAWASTI,Other Public Facilities,Municipal Corporation,260000,718000,578500,3,25-08-2023,16-04-2024,07-05-2024,Completed,TRUE,FALSE,TRUE,cost_overrun,2.76,0.81,21,1.91
MPLADS-02289,Ram Shiromani,Uttar Pradesh,SHRAWASTI,"Railways, Roads, Pathways & Bridges",Zila Parishad,395000,426000,400800,2,15-09-2023,14-01-2024,08-02-2024,Completed,TRUE,TRUE,FALSE,,1.08,0.94,25,0.49
MPLADS-02290,Ram Shiromani,Uttar Pradesh,SHRAWASTI,Other Public Facilities,State Rural Dev Agency,296000,304000,268800,2,22-10-2023,19-08-2024,24-09-2024,Completed,TRUE,TRUE,FALSE,,1.03,0.88,36,-0.47
MPLADS-02291,Ram Shiromani,Uttar Pradesh,SHRAWASTI,Other Public Facilities,District PWD,455000,427000,347100,2,27-05-2024,16-04-2025,22-05-2025,Completed,TRUE,TRUE,FALSE,,0.94,0.81,36,0.23
MPLADS-02292,Ram Shiromani,Uttar Pradesh,SHRAWASTI,Others,District PWD,314000,288000,207400,1,19-08-2024,01-05-2025,,In Progress,TRUE,TRUE,FALSE,,0.92,0.72,31,-0.89
MPLADS-02293,Ram Shiromani,Uttar Pradesh,SHRAWASTI,Other Public Facilities,District PWD,379000,424000,388300,2,03-02-2023,05-12-2023,24-11-2023,Completed,TRUE,TRUE,FALSE,,1.12,0.92,-11,0.22
MPLADS-02294,Ram Shiromani,Uttar Pradesh,SHRAWASTI,Others,Cooperative Society,401000,362000,297400,1,23-05-2023,18-04-2024,07-04-2024,Completed,TRUE,TRUE,FALSE,,0.9,0.82,-11,0.05
MPLADS-02295,RAMASAHAYAM RAGHURAM REDDY,Telangana,KHAMMAM,Other Public Facilities,State Rural Dev Agency,420000,410000,352400,2,05-03-2023,24-07-2023,09-09-2023,Completed,TRUE,TRUE,FALSE,,0.98,0.86,47,0.62
MPLADS-02296,RAMASAHAYAM RAGHURAM REDDY,Telangana,KHAMMAM,"Railways, Roads, Pathways & Bridges",District PWD,341000,359000,0,0,20-12-2024,30-07-2025,,Not Started,TRUE,TRUE,FALSE,,1.05,0,0,0.19
MPLADS-02297,RAMASAHAYAM RAGHURAM REDDY,Telangana,KHAMMAM,"Railways, Roads, Pathways & Bridges",State Rural Dev Agency,327000,348000,216100,2,02-03-2024,26-09-2024,,In Progress,TRUE,TRUE,FALSE,,1.06,0.62,248,0.05
MPLADS-02298,RAMASAHAYAM RAGHURAM REDDY,Telangana,KHAMMAM,Education,District PWD,295000,288000,75100,0,05-05-2024,23-11-2024,,Stalled,TRUE,TRUE,FALSE,,0.98,0.26,190,-0.68
MPLADS-02299,RAMASAHAYAM RAGHURAM REDDY,Telangana,KHAMMAM,Others,Municipal Corporation,280000,261000,196700,3,23-05-2024,30-11-2024,,In Progress,TRUE,TRUE,FALSE,,0.93,0.75,183,-0.78
MPLADS-02300,RAMASAHAYAM RAGHURAM REDDY,Telangana,KHAMMAM,"Railways, Roads, Pathways & Bridges",Zila Parishad,348000,349000,309600,2,22-08-2023,22-12-2023,28-12-2023,Completed,TRUE,TRUE,FALSE,,1,0.89,6,0.06
MPLADS-02301,RAMASAHAYAM RAGHURAM REDDY,Telangana,KHAMMAM,"Railways, Roads, Pathways & Bridges",District PWD,363000,401000,331900,3,01-07-2024,03-01-2025,,In Progress,TRUE,TRUE,FALSE,,1.1,0.83,149,0.75
MPLADS-02302,RAMASHANKAR RAJBHAR,Uttar Pradesh,SALEMPUR,Other Public Facilities,Zila Parishad,324000,358000,178800,1,19-07-2024,29-04-2025,,In Progress,TRUE,TRUE,FALSE,,1.1,0.5,33,-0.16
MPLADS-02303,RAMASHANKAR RAJBHAR,Uttar Pradesh,SALEMPUR,Others,District PWD,397000,440000,309600,2,16-03-2024,17-06-2024,,In Progress,TRUE,TRUE,FALSE,,1.11,0.7,349,1.04
MPLADS-02304,RAMBHUAL NISHAD,Uttar Pradesh,SULTANPUR,"Railways, Roads, Pathways & Bridges",Gram Panchayat,297000,276000,57700,0,22-09-2024,12-06-2025,,Stalled,TRUE,TRUE,FALSE,,0.93,0.21,0,-0.69
MPLADS-02305,RAMBHUAL NISHAD,Uttar Pradesh,SULTANPUR,Drinking Water Facility,Gram Panchayat,322000,348000,279500,2,01-03-2023,04-02-2024,18-01-2024,Completed,TRUE,FALSE,FALSE,,1.08,0.8,-17,-0.17
MPLADS-02306,RAMBHUAL NISHAD,Uttar Pradesh,SULTANPUR,Other Public Facilities,Cooperative Society,305000,333000,121200,1,03-07-2024,25-06-2025,,In Progress,TRUE,FALSE,FALSE,,1.09,0.36,0,-0.31
MPLADS-02307,RAMBHUAL NISHAD,Uttar Pradesh,SULTANPUR,"Railways, Roads, Pathways & Bridges",Zila Parishad,293000,328000,0,0,13-09-2023,25-01-2024,,Not Started,TRUE,TRUE,FALSE,,1.12,0,493,-0.28
MPLADS-02308,RAMESH AWASTHI,Uttar Pradesh,KANPUR,Other Public Facilities,Zila Parishad,285000,305000,256100,3,17-10-2023,12-05-2024,02-05-2024,Completed,TRUE,TRUE,FALSE,,1.07,0.84,-10,-0.47
MPLADS-02309,RAMESH AWASTHI,Uttar Pradesh,KANPUR,"Railways, Roads, Pathways & Bridges",Cooperative Society,272000,269000,194400,1,27-10-2023,22-07-2024,21-07-2024,Completed,TRUE,TRUE,FALSE,,0.99,0.72,-1,-0.75
MPLADS-02310,RAMESH AWASTHI,Uttar Pradesh,KANPUR,"Railways, Roads, Pathways & Bridges",Cooperative Society,330000,362000,289400,1,20-03-2023,31-12-2023,17-02-2024,Completed,TRUE,TRUE,FALSE,,1.1,0.8,48,-0.01
MPLADS-02311,RAMESH AWASTHI,Uttar Pradesh,KANPUR,Others,Municipal Corporation,310000,356000,0,0,01-01-2024,08-06-2024,,Not Started,TRUE,TRUE,FALSE,,1.15,0,358,-0.03
MPLADS-02312,RAMESH AWASTHI,Uttar Pradesh,KANPUR,Education,State Rural Dev Agency,313000,348000,0,0,11-01-2024,01-11-2024,,Not Started,TRUE,TRUE,FALSE,,1.11,0,212,-0.23
MPLADS-02313,RAMESH AWASTHI,Uttar Pradesh,KANPUR,Other Public Facilities,Municipal Corporation,338000,312000,253300,2,01-10-2023,29-09-2024,23-10-2024,Completed,TRUE,TRUE,FALSE,,0.92,0.81,24,-0.43
MPLADS-02314,Ramesh Chandappa Jigajinagi,Karnataka,BIJAPUR(SC),"Railways, Roads, Pathways & Bridges",Zila Parishad,548000,564000,396900,1,25-02-2024,13-09-2024,,In Progress,TRUE,TRUE,TRUE,duplicate_work,1.03,0.7,261,-0.88
MPLADS-02315,Ramesh Chandappa Jigajinagi,Karnataka,BIJAPUR(SC),Others,State Rural Dev Agency,824000,799000,0,0,21-05-2023,07-03-2024,,Not Started,TRUE,TRUE,FALSE,,0.97,0,451,1.47
MPLADS-02316,Ramesh Chandappa Jigajinagi,Karnataka,BIJAPUR(SC),"Railways, Roads, Pathways & Bridges",District PWD,532000,544000,460100,3,04-08-2023,25-02-2024,28-02-2024,Completed,TRUE,TRUE,FALSE,,1.02,0.85,3,-1.04
MPLADS-02317,Ramesh Chandappa Jigajinagi,Karnataka,BIJAPUR(SC),"Railways, Roads, Pathways & Bridges",District PWD,647000,634000,422500,2,29-08-2023,19-04-2024,,In Progress,TRUE,TRUE,FALSE,,0.98,0.67,408,-0.32
MPLADS-02318,Ramesh Chandappa Jigajinagi,Karnataka,BIJAPUR(SC),Other Public Facilities,Gram Panchayat,571000,613000,187200,1,22-01-2023,05-01-2024,,In Progress,FALSE,TRUE,FALSE,,1.07,0.31,513,-0.27
MPLADS-02319,Ramprit Mandal,Bihar,JHANJHARPUR,Education,State Rural Dev Agency,793000,718000,0,0,04-11-2023,11-06-2024,,Not Started,TRUE,TRUE,FALSE,,0.91,0,355,0.54
MPLADS-02320,Ramprit Mandal,Bihar,JHANJHARPUR,Education,District PWD,595000,622000,389100,1,29-01-2024,02-09-2024,,In Progress,TRUE,TRUE,FALSE,,1.05,0.63,272,-0.18
MPLADS-02321,Ramprit Mandal,Bihar,JHANJHARPUR,"Railways, Roads, Pathways & Bridges",District PWD,671000,758000,688500,2,18-08-2023,15-12-2023,12-12-2023,Completed,TRUE,FALSE,TRUE,no_mp_recommendation,1.13,0.91,-3,0.28
MPLADS-02322,Ramprit Mandal,Bihar,JHANJHARPUR,Others,District PWD,440000,500000,412700,2,07-11-2024,09-07-2025,10-08-2025,Completed,TRUE,TRUE,FALSE,,1.14,0.83,32,-0.91
MPLADS-02323,Ramvir Singh Bidhuri,Delhi,SOUTH DELHI,Other Public Facilities,Municipal Corporation,2441000,2546000,0,0,15-09-2024,18-01-2025,,Not Started,TRUE,TRUE,FALSE,,1.04,0,134,0.06
MPLADS-02324,Ramvir Singh Bidhuri,Delhi,SOUTH DELHI,Other Public Facilities,State Rural Dev Agency,2665000,2709000,2127300,3,28-08-2024,18-08-2025,07-10-2025,Completed,FALSE,TRUE,FALSE,,1.02,0.79,50,0.41
MPLADS-02325,Ramvir Singh Bidhuri,Delhi,SOUTH DELHI,Other Public Facilities,District PWD,2243000,2191000,0,0,20-03-2024,07-10-2024,,Not Started,TRUE,TRUE,FALSE,,0.98,0,237,-0.72
MPLADS-02326,Ramvir Singh Bidhuri,Delhi,SOUTH DELHI,Education,Municipal Corporation,2033000,2216000,1732500,1,22-04-2023,14-12-2023,,In Progress,TRUE,TRUE,FALSE,,1.09,0.78,535,0
MPLADS-02327,RANJIT DUTTA,Assam,Sonitpur,"Railways, Roads, Pathways & Bridges",State Rural Dev Agency,434000,430000,205600,1,01-07-2024,24-02-2025,,In Progress,TRUE,TRUE,FALSE,,0.99,0.48,97,-0.37
MPLADS-02328,RANJIT DUTTA,Assam,Sonitpur,Education,Zila Parishad,348000,317000,276000,3,24-09-2023,16-06-2024,02-06-2024,Completed,TRUE,TRUE,FALSE,,0.91,0.87,-14,-0.78
MPLADS-02329,RANJIT DUTTA,Assam,Sonitpur,Sanitation & Public Health,Municipal Corporation,363000,376000,128200,1,16-05-2023,03-10-2023,,Stalled,TRUE,TRUE,FALSE,,1.04,0.34,607,-1.49
MPLADS-02330,RANJIT DUTTA,Assam,Sonitpur,"Railways, Roads, Pathways & Bridges",State Rural Dev Agency,522000,494000,86600,0,29-03-2023,16-01-2024,,Stalled,TRUE,TRUE,FALSE,,0.95,0.18,502,-0.04
MPLADS-02331,RANJIT DUTTA,Assam,Sonitpur,Drinking Water Facility,Municipal Corporation,561000,604000,565300,3,09-02-2024,18-05-2024,21-05-2024,Completed,TRUE,TRUE,FALSE,,1.08,0.94,3,1.2
MPLADS-02332,RANJIT DUTTA,Assam,Sonitpur,Other Public Facilities,State Rural Dev Agency,523000,561000,0,0,30-10-2024,10-09-2025,,Not Started,TRUE,TRUE,FALSE,,1.07,0,0,0.72
MPLADS-02333,RANJIT DUTTA,Assam,Sonitpur,Education,Gram Panchayat,446000,481000,417100,2,07-11-2024,03-10-2025,04-10-2025,Completed,TRUE,TRUE,FALSE,,1.08,0.87,1,-0.29
MPLADS-02334,Rao Inderjit Singh,Haryana,GURGAON,"Railways, Roads, Pathways & Bridges",Gram Panchayat,485000,469000,414800,2,18-01-2023,31-10-2023,26-12-2023,Completed,TRUE,TRUE,FALSE,,0.97,0.88,56,-0.64
MPLADS-02335,Rao Inderjit Singh,Haryana,GURGAON,Other Public Facilities,District PWD,605000,652000,0,0,15-10-2024,01-06-2025,,Not Started,TRUE,FALSE,TRUE,no_mp_recommendation,1.08,0,0,1.51
MPLADS-02336,Rao Inderjit Singh,Haryana,GURGAON,Other Public Facilities,Gram Panchayat,412000,454000,0,0,11-10-2023,26-09-2024,,Not Started,TRUE,TRUE,FALSE,,1.1,0,248,-0.32
MPLADS-02337,Rao Inderjit Singh,Haryana,GURGAON,Other Public Facilities,Gram Panchayat,571000,608000,527100,2,04-07-2023,29-02-2024,19-04-2024,Completed,TRUE,TRUE,FALSE,,1.06,0.87,50,1.1
MPLADS-02338,Rao Inderjit Singh,Haryana,GURGAON,"Railways, Roads, Pathways & Bridges",Cooperative Society,606000,648000,561600,3,11-05-2023,29-03-2024,21-03-2024,Completed,TRUE,TRUE,FALSE,,1.07,0.87,-8,0.86
MPLADS-02339,Rao Inderjit Singh,Haryana,GURGAON,Other Public Facilities,State Rural Dev Agency,372000,397000,329900,2,20-02-2023,20-01-2024,03-02-2024,Completed,TRUE,TRUE,FALSE,,1.07,0.83,14,-0.85
MPLADS-02340,Rao Inderjit Singh,Haryana,GURGAON,Education,District PWD,355000,399000,155700,1,26-03-2024,18-02-2025,,In Progress,FALSE,TRUE,FALSE,,1.12,0.39,103,-0.66
MPLADS-02341,Rao Inderjit Singh,Haryana,GURGAON,Other Public Facilities,Municipal Corporation,624000,691000,219100,1,23-09-2023,05-09-2024,,Stalled,FALSE,TRUE,FALSE,,1.11,0.32,269,1.87
MPLADS-02342,Rao Inderjit Singh,Haryana,GURGAON,Other Public Facilities,District PWD,349000,388000,163200,1,07-07-2024,21-03-2025,,In Progress,TRUE,TRUE,FALSE,,1.11,0.42,72,-0.93
MPLADS-02343,Rao Inderjit Singh,Haryana,GURGAON,Education,Municipal Corporation,482000,896000,434700,2,03-06-2024,09-05-2025,24-06-2025,Completed,FALSE,TRUE,TRUE,no_tender_high_value,1.86,0.49,46,1.15
MPLADS-02344,Rao Inderjit Singh,Haryana,GURGAON,Education,Cooperative Society,407000,404000,322600,2,07-08-2024,05-12-2024,31-01-2025,Completed,TRUE,TRUE,FALSE,,0.99,0.8,57,-0.65
MPLADS-02345,Rao Rajendra Singh,Rajasthan,JAIPUR RURAL,"Railways, Roads, Pathways & Bridges",Municipal Corporation,653000,610000,0,0,12-03-2024,21-06-2024,,Not Started,TRUE,TRUE,FALSE,,0.93,0,345,-0.27
MPLADS-02346,Rao Rajendra Singh,Rajasthan,JAIPUR RURAL,Other Public Facilities,Municipal Corporation,460000,450000,108000,0,10-12-2023,01-07-2024,,Stalled,TRUE,TRUE,FALSE,,0.98,0.24,335,-1.33
MPLADS-02347,Rao Rajendra Singh,Rajasthan,JAIPUR RURAL,Drinking Water Facility,Zila Parishad,448000,408000,343500,3,28-09-2024,18-05-2025,18-05-2025,Completed,TRUE,TRUE,FALSE,,0.91,0.84,0,-0.81
MPLADS-02348,Rao Rajendra Singh,Rajasthan,JAIPUR RURAL,Other Public Facilities,State Rural Dev Agency,750000,838000,676000,3,28-08-2024,20-08-2025,30-09-2025,Completed,TRUE,TRUE,FALSE,,1.12,0.81,41,1.64
MPLADS-02349,Rao Rajendra Singh,Rajasthan,JAIPUR RURAL,Education,Gram Panchayat,488000,523000,0,0,04-06-2024,02-06-2025,,Not Started,TRUE,TRUE,FALSE,,1.07,0,0,-0.46
MPLADS-02350,Ravi Shankar Prasad,Bihar,PATNA SAHIB,Others,Cooperative Society,559000,546000,460100,3,19-08-2024,04-06-2025,08-06-2025,Completed,TRUE,TRUE,FALSE,,0.98,0.84,4,-0.52
MPLADS-02351,Ravi Shankar Prasad,Bihar,PATNA SAHIB,Education,State Rural Dev Agency,679000,723000,168700,1,22-03-2023,07-01-2024,,Stalled,TRUE,TRUE,FALSE,,1.06,0.23,511,0.58
MPLADS-02352,Ravi Shankar Prasad,Bihar,PATNA SAHIB,Education,State Rural Dev Agency,486000,476000,186200,1,30-05-2024,24-12-2024,,Stalled,TRUE,TRUE,FALSE,,0.98,0.39,159,-1.27
MPLADS-02353,Ravi Shankar Prasad,Bihar,PATNA SAHIB,Other Public Facilities,Gram Panchayat,755000,827000,0,0,05-05-2023,06-02-2024,,Not Started,TRUE,TRUE,FALSE,,1.1,0,481,0.78
MPLADS-02354,Ravi Shankar Prasad,Bihar,PATNA SAHIB,Others,State Rural Dev Agency,654000,622000,290200,1,06-11-2024,25-04-2025,,In Progress,TRUE,TRUE,FALSE,,0.95,0.47,37,0.14
MPLADS-02355,Ravi Shankar Prasad,Bihar,PATNA SAHIB,Others,Municipal Corporation,491000,452000,118700,0,28-10-2023,24-09-2024,,Stalled,TRUE,TRUE,FALSE,,0.92,0.26,250,-1.32
MPLADS-02356,Ravi Shankar Prasad,Bihar,PATNA SAHIB,Other Public Facilities,Zila Parishad,554000,620000,393600,1,25-08-2023,22-12-2023,,In Progress,TRUE,TRUE,FALSE,,1.12,0.63,527,-0.23
MPLADS-02357,Ravi Shankar Prasad,Bihar,PATNA SAHIB,"Railways, Roads, Pathways & Bridges",Municipal Corporation,536000,498000,235400,2,31-03-2024,17-07-2024,,In Progress,TRUE,TRUE,FALSE,,0.93,0.47,319,-0.57
MPLADS-02358,Ravi Shankar Prasad,Bihar,PATNA SAHIB,Education,State Rural Dev Agency,696000,666000,430100,2,27-07-2024,30-12-2024,,In Progress,TRUE,TRUE,FALSE,,0.96,0.65,153,0.15
MPLADS-02359,RAVINDRA DATTARAM WAIKAR,Maharashtra,MUMBAI NORTH WEST,Education,Zila Parishad,600000,648000,523300,1,24-08-2023,21-04-2024,02-06-2024,Completed,TRUE,TRUE,FALSE,,1.08,0.81,42,-0.06
MPLADS-02360,RAVINDRA DATTARAM WAIKAR,Maharashtra,MUMBAI NORTH WEST,Other Public Facilities,Cooperative Society,644000,632000,518800,1,04-07-2024,19-03-2025,04-03-2025,Completed,TRUE,TRUE,FALSE,,0.98,0.82,-15,0.09
MPLADS-02361,RAVINDRA DATTARAM WAIKAR,Maharashtra,MUMBAI NORTH WEST,Other Public Facilities,District PWD,522000,975000,259200,1,22-05-2023,04-04-2024,,In Progress,FALSE,TRUE,TRUE,no_tender_high_value,1.87,0.27,423,1.54
MPLADS-02362,RAVINDRA DATTARAM WAIKAR,Maharashtra,MUMBAI NORTH WEST,Other Public Facilities,Gram Panchayat,677000,742000,641300,3,25-03-2023,24-08-2023,20-08-2023,Completed,TRUE,TRUE,FALSE,,1.1,0.86,-4,0.56
MPLADS-02363,RAVINDRA DATTARAM WAIKAR,Maharashtra,MUMBAI NORTH WEST,Other Public Facilities,Gram Panchayat,503000,466000,0,0,09-10-2024,23-07-2025,,Not Started,TRUE,TRUE,FALSE,,0.93,0,0,-0.61
MPLADS-02364,RAVINDRA DATTARAM WAIKAR,Maharashtra,MUMBAI NORTH WEST,"Railways, Roads, Pathways & Bridges",Cooperative Society,438000,429000,385500,2,16-01-2023,25-09-2023,03-10-2023,Completed,TRUE,TRUE,FALSE,,0.98,0.9,8,-1.32
MPLADS-02365,RAVINDRA DATTARAM WAIKAR,Maharashtra,MUMBAI NORTH WEST,Other Public Facilities,Gram Panchayat,427000,407000,127800,0,26-04-2024,10-09-2024,,In Progress,TRUE,TRUE,FALSE,,0.95,0.31,264,-0.86
MPLADS-02366,RAVINDRA DATTARAM WAIKAR,Maharashtra,MUMBAI NORTH WEST,Other Public Facilities,State Rural Dev Agency,559000,619000,271700,1,25-01-2023,22-05-2023,,In Progress,TRUE,TRUE,FALSE,,1.11,0.44,741,0.04
MPLADS-02367,RAVINDRA DATTARAM WAIKAR,Maharashtra,MUMBAI NORTH WEST,"Railways, Roads, Pathways & Bridges",State Rural Dev Agency,538000,525000,90100,0,02-02-2024,24-05-2024,,Stalled,TRUE,TRUE,FALSE,,0.98,0.17,373,-0.59
MPLADS-02368,Ravindra Shyamnarayan Alias Ravi Kishan Shukla,Uttar Pradesh,GORAKHPUR,Education,Municipal Corporation,376000,412000,183800,1,05-09-2023,09-06-2024,,In Progress,TRUE,TRUE,FALSE,,1.1,0.45,357,0.09
MPLADS-02369,Ravindra Shyamnarayan Alias Ravi Kishan Shukla,Uttar Pradesh,GORAKHPUR,"Railways, Roads, Pathways & Bridges",District PWD,397000,452000,291700,1,28-08-2024,06-02-2025,,In Progress,TRUE,TRUE,FALSE,,1.14,0.65,115,0.7
MPLADS-02370,Ravindra Shyamnarayan Alias Ravi Kishan Shukla,Uttar Pradesh,GORAKHPUR,Drinking Water Facility,Cooperative Society,429000,445000,94100,0,30-12-2023,07-03-2023,,Stalled,TRUE,TRUE,TRUE,delayed_stalled,1.04,0.21,817,0.41
MPLADS-02371,Ravindra Shyamnarayan Alias Ravi Kishan Shukla,Uttar Pradesh,GORAKHPUR,Other Public Facilities,Zila Parishad,384000,351000,284000,3,22-03-2024,10-03-2025,02-03-2025,Completed,TRUE,TRUE,FALSE,,0.91,0.81,-8,-0.2
MPLADS-02372,Ravindra Shyamnarayan Alias Ravi Kishan Shukla,Uttar Pradesh,GORAKHPUR,Other Public Facilities,District PWD,274000,258000,121800,1,26-08-2024,21-07-2025,,Stalled,TRUE,TRUE,FALSE,,0.94,0.47,0,-0.74
MPLADS-02373,Ravindra Shyamnarayan Alias Ravi Kishan Shukla,Uttar Pradesh,GORAKHPUR,Other Public Facilities,Municipal Corporation,342000,332000,145400,2,30-08-2024,07-03-2025,,In Progress,TRUE,TRUE,FALSE,,0.97,0.44,86,-0.31
MPLADS-02374,Ravindra Vasantrao Chavan,Maharashtra,NANDED,"Railways, Roads, Pathways & Bridges",District PWD,646000,707000,630300,2,25-03-2024,27-08-2024,27-08-2024,Completed,TRUE,TRUE,FALSE,,1.09,0.89,0,0.79
MPLADS-02375,Ravindra Vasantrao Chavan,Maharashtra,NANDED,"Railways, Roads, Pathways & Bridges",State Rural Dev Agency,641000,702000,539400,2,26-08-2023,09-04-2024,18-04-2024,Completed,TRUE,TRUE,FALSE,,1.1,0.77,9,0.75
MPLADS-02376,Ravindra Vasantrao Chavan,Maharashtra,NANDED,Education,Gram Panchayat,748000,817000,515400,2,16-08-2024,10-01-2025,,In Progress,TRUE,TRUE,FALSE,,1.09,0.63,142,0.44
MPLADS-02377,Ravindra Vasantrao Chavan,Maharashtra,NANDED,Drinking Water Facility,Cooperative Society,691000,755000,0,0,23-11-2023,08-07-2024,,Not Started,TRUE,TRUE,FALSE,,1.09,0,328,0.16
MPLADS-02378,Ravindra Vasantrao Chavan,Maharashtra,NANDED,Other Public Facilities,Municipal Corporation,679000,773000,571700,3,04-08-2023,14-01-2024,15-01-2024,Completed,TRUE,TRUE,FALSE,,1.14,0.74,1,0.69
MPLADS-02379,Ravindra Vasantrao Chavan,Maharashtra,NANDED,Other Public Facilities,Gram Panchayat,735000,673000,530900,1,12-04-2023,30-12-2023,22-12-2023,Completed,TRUE,TRUE,FALSE,,0.92,0.79,-8,0.27
MPLADS-02380,Ravindra Vasantrao Chavan,Maharashtra,NANDED,"Railways, Roads, Pathways & Bridges",Municipal Corporation,622000,616000,524000,2,25-03-2024,21-07-2024,26-07-2024,Completed,TRUE,TRUE,FALSE,,0.99,0.85,5,0.1
MPLADS-02381,RICHARD VANLALHMANGAIHA,Mizoram,MIZORAM (ST),Other Public Facilities,Zila Parishad,561000,513000,0,0,12-09-2024,08-02-2025,,Not Started,TRUE,TRUE,FALSE,,0.91,0,113,-0.27
MPLADS-02382,RICHARD VANLALHMANGAIHA,Mizoram,MIZORAM (ST),Sanitation & Public Health,District PWD,469000,511000,457300,2,09-04-2023,29-11-2023,11-11-2023,Completed,TRUE,TRUE,FALSE,,1.09,0.89,-18,0
MPLADS-02383,RICHARD VANLALHMANGAIHA,Mizoram,MIZORAM (ST),Others,Zila Parishad,416000,422000,206200,1,04-09-2024,03-01-2025,,Stalled,TRUE,TRUE,FALSE,,1.01,0.49,149,0
MPLADS-02384,RICHARD VANLALHMANGAIHA,Mizoram,MIZORAM (ST),Education,Municipal Corporation,460000,509000,429100,4,07-01-2023,09-04-2023,,In Progress,TRUE,TRUE,FALSE,,1.11,0.84,784,0.71
MPLADS-02385,RICHARD VANLALHMANGAIHA,Mizoram,MIZORAM (ST),Other Public Facilities,Gram Panchayat,359000,328000,301100,2,07-08-2024,05-07-2025,21-08-2025,Completed,TRUE,TRUE,FALSE,,0.91,0.92,47,-0.55
MPLADS-02386,RICHARD VANLALHMANGAIHA,Mizoram,MIZORAM (ST),Other Public Facilities,District PWD,507000,579000,225400,1,30-10-2023,15-10-2024,,Stalled,TRUE,TRUE,FALSE,,1.14,0.39,229,-0.17
MPLADS-02387,RICHARD VANLALHMANGAIHA,Mizoram,MIZORAM (ST),Other Public Facilities,Zila Parishad,668000,2160000,1870700,0,31-03-2024,22-07-2024,,Not Started,TRUE,TRUE,TRUE,cost_overrun,3.23,0.87,314,2.25
MPLADS-02388,RICHARD VANLALHMANGAIHA,Mizoram,MIZORAM (ST),Other Public Facilities,District PWD,415000,414000,335700,2,13-10-2023,23-06-2024,,In Progress,TRUE,TRUE,FALSE,,1,0.81,343,-0.42
MPLADS-02389,RICHARD VANLALHMANGAIHA,Mizoram,MIZORAM (ST),Education,Municipal Corporation,385000,437000,393300,3,16-08-2023,07-06-2024,,In Progress,TRUE,TRUE,FALSE,,1.14,0.9,359,-0.71
MPLADS-02390,RICHARD VANLALHMANGAIHA,Mizoram,MIZORAM (ST),Other Public Facilities,Cooperative Society,485000,455000,251100,1,09-04-2024,02-04-2025,,In Progress,TRUE,TRUE,FALSE,,0.94,0.55,60,-0.36
MPLADS-02391,RICHARD VANLALHMANGAIHA,Mizoram,MIZORAM (ST),Other Public Facilities,Cooperative Society,389000,382000,301800,2,05-12-2024,04-07-2025,30-06-2025,Completed,TRUE,TRUE,FALSE,,0.98,0.79,-4,-0.47
MPLADS-02392,ROBERT BRUCE C,Tamil Nadu,TIRUNELVELI,Other Public Facilities,Cooperative Society,889000,911000,766400,3,17-06-2024,20-10-2024,03-12-2024,Completed,TRUE,TRUE,FALSE,,1.02,0.84,44,-0.24
MPLADS-02393,ROBERT BRUCE C,Tamil Nadu,TIRUNELVELI,"Railways, Roads, Pathways & Bridges",State Rural Dev Agency,832000,917000,245000,0,06-02-2023,10-10-2023,,Stalled,TRUE,TRUE,FALSE,,1.1,0.27,600,-0.23
MPLADS-02394,ROBERT BRUCE C,Tamil Nadu,TIRUNELVELI,Sanitation & Public Health,Gram Panchayat,1116000,1126000,0,0,21-01-2024,17-08-2024,,Not Started,TRUE,TRUE,FALSE,,1.01,0,288,0.35
MPLADS-02395,ROBERT BRUCE C,Tamil Nadu,TIRUNELVELI,Other Public Facilities,Zila Parishad,948000,915000,423700,1,05-06-2023,17-02-2024,,In Progress,TRUE,TRUE,FALSE,,0.97,0.46,470,-0.23
MPLADS-02396,Rodmal Nagar,Madhya Pradesh,RAJGARH,Others,Cooperative Society,246000,253000,168200,3,23-07-2023,15-04-2024,,In Progress,TRUE,TRUE,FALSE,,1.03,0.66,412,-0.56
MPLADS-02397,Rodmal Nagar,Madhya Pradesh,RAJGARH,"Railways, Roads, Pathways & Bridges",Zila Parishad,242000,226000,192600,3,08-08-2023,11-05-2024,20-05-2024,Completed,TRUE,TRUE,FALSE,,0.93,0.85,9,-1.58
MPLADS-02398,Rodmal Nagar,Madhya Pradesh,RAJGARH,Education,Gram Panchayat,348000,380000,319700,3,28-12-2024,25-08-2025,17-09-2025,Completed,TRUE,TRUE,FALSE,,1.09,0.84,23,0.56
MPLADS-02399,Rodmal Nagar,Madhya Pradesh,RAJGARH,Drinking Water Facility,Cooperative Society,407000,459000,180700,1,08-10-2024,20-08-2025,,In Progress,TRUE,TRUE,FALSE,,1.13,0.39,0,1.64
MPLADS-02400,Rodmal Nagar,Madhya Pradesh,RAJGARH,Other Public Facilities,Cooperative Society,298000,286000,0,0,04-07-2023,04-01-2024,,Not Started,TRUE,TRUE,FALSE,,0.96,0,514,-0.47
MPLADS-02401,Rodmal Nagar,Madhya Pradesh,RAJGARH,Education,State Rural Dev Agency,312000,355000,172500,1,11-05-2024,03-11-2024,,In Progress,TRUE,TRUE,TRUE,duplicate_work,1.14,0.49,210,0.23
MPLADS-02402,Rodmal Nagar,Madhya Pradesh,RAJGARH,Sanitation & Public Health,Municipal Corporation,358000,326000,281800,2,07-05-2024,04-10-2024,20-10-2024,Completed,TRUE,TRUE,FALSE,,0.91,0.86,16,-0.46
MPLADS-02403,Rodmal Nagar,Madhya Pradesh,RAJGARH,Other Public Facilities,District PWD,323000,304000,109600,1,05-03-2024,03-02-2025,,Stalled,TRUE,TRUE,FALSE,,0.94,0.36,118,-0.34
MPLADS-02404,Rodmal Nagar,Madhya Pradesh,RAJGARH,Others,Cooperative Society,321000,338000,127300,1,30-06-2023,29-12-2023,,In Progress,TRUE,TRUE,FALSE,,1.05,0.38,520,-0.11
MPLADS-02405,ROOP KUMARI CHOUDHARY,Chhattisgarh,MAHASAMUND,Education,Gram Panchayat,623000,578000,393600,2,12-02-2024,21-10-2024,,In Progress,TRUE,TRUE,FALSE,,0.93,0.68,223,1.3
MPLADS-02406,ROOP KUMARI CHOUDHARY,Chhattisgarh,MAHASAMUND,Other Public Facilities,State Rural Dev Agency,349000,347000,298200,3,07-09-2024,13-01-2025,04-03-2025,Completed,TRUE,FALSE,TRUE,no_mp_recommendation,0.99,0.86,50,-1.61
MPLADS-02407,ROOP KUMARI CHOUDHARY,Chhattisgarh,MAHASAMUND,Other Public Facilities,Municipal Corporation,516000,530000,0,0,09-08-2023,18-12-2023,,Not Started,TRUE,TRUE,FALSE,,1.03,0,531,0.21
MPLADS-02408,ROOP KUMARI CHOUDHARY,Chhattisgarh,MAHASAMUND,"Railways, Roads, Pathways & Bridges",Gram Panchayat,539000,507000,280400,1,25-09-2023,04-07-2024,,In Progress,TRUE,TRUE,FALSE,,0.94,0.55,332,-0.15
MPLADS-02409,ROOP KUMARI CHOUDHARY,Chhattisgarh,MAHASAMUND,Education,Zila Parishad,412000,443000,418400,4,13-02-2024,13-06-2024,29-07-2024,Completed,TRUE,TRUE,FALSE,,1.08,0.94,46,-0.23
MPLADS-02410,ROOP KUMARI CHOUDHARY,Chhattisgarh,MAHASAMUND,"Railways, Roads, Pathways & Bridges",Zila Parishad,537000,573000,315800,1,14-12-2023,04-10-2024,,In Progress,FALSE,TRUE,FALSE,,1.07,0.55,240,0.13
MPLADS-02411,ROOP KUMARI CHOUDHARY,Chhattisgarh,MAHASAMUND,Education,District PWD,560000,607000,0,0,09-08-2024,19-07-2025,,Not Started,TRUE,TRUE,FALSE,,1.08,0,0,1.62
MPLADS-02412,RUCHI VIRA,Uttar Pradesh,MORADABAD,Education,Cooperative Society,357000,330000,172800,1,20-09-2024,13-06-2025,,In Progress,TRUE,TRUE,FALSE,,0.92,0.52,0,-0.32
MPLADS-02413,RUCHI VIRA,Uttar Pradesh,MORADABAD,Other Public Facilities,Municipal Corporation,424000,400000,0,0,22-01-2023,02-01-2024,,Not Started,TRUE,TRUE,FALSE,,0.94,0,516,0.08
MPLADS-02414,RUDRA NARAYAN PANY,Odisha,DHENKANAL,Other Public Facilities,State Rural Dev Agency,267000,270000,222300,2,20-07-2024,28-02-2025,25-04-2025,Completed,FALSE,TRUE,FALSE,,1.01,0.82,56,0.4
MPLADS-02415,RUDRA NARAYAN PANY,Odisha,DHENKANAL,Others,Cooperative Society,284000,321000,74200,0,23-07-2023,12-01-2024,,Stalled,TRUE,TRUE,FALSE,,1.13,0.23,506,0.3
MPLADS-02416,RUDRA NARAYAN PANY,Odisha,DHENKANAL,Other Public Facilities,Gram Panchayat,213000,221000,192000,3,23-08-2023,11-05-2024,29-05-2024,Completed,TRUE,TRUE,FALSE,,1.04,0.87,18,-0.63
MPLADS-02417,RUDRA NARAYAN PANY,Odisha,DHENKANAL,Other Public Facilities,District PWD,245000,244000,110600,1,09-08-2023,22-06-2024,,In Progress,TRUE,FALSE,FALSE,,1,0.45,344,-0.15
MPLADS-02418,RUDRA NARAYAN PANY,Odisha,DHENKANAL,"Railways, Roads, Pathways & Bridges",Zila Parishad,248000,232000,205100,3,23-06-2024,30-03-2025,05-04-2025,Completed,TRUE,TRUE,FALSE,,0.94,0.88,6,-0.33
MPLADS-02419,RUDRA NARAYAN PANY,Odisha,DHENKANAL,Other Public Facilities,Zila Parishad,290000,304000,268400,4,17-10-2023,05-10-2024,01-10-2024,Completed,TRUE,TRUE,FALSE,,1.05,0.88,-4,1.11
MPLADS-02420,RUDRA NARAYAN PANY,Odisha,DHENKANAL,Education,Cooperative Society,252000,235000,198700,4,04-02-2023,30-09-2023,28-10-2023,Completed,TRUE,TRUE,FALSE,,0.93,0.85,28,-0.34
MPLADS-02421,RUDRA NARAYAN PANY,Odisha,DHENKANAL,Drinking Water Facility,District PWD,305000,291000,251200,4,15-02-2024,01-10-2024,27-11-2024,Completed,TRUE,TRUE,FALSE,,0.95,0.86,57,0.7
MPLADS-02422,RUDRA NARAYAN PANY,Odisha,DHENKANAL,Other Public Facilities,Gram Panchayat,296000,279000,241600,2,20-03-2023,02-01-2024,31-01-2024,Completed,TRUE,TRUE,FALSE,,0.94,0.87,29,0.59
MPLADS-02423,S SUPONGMEREN JAMIR,Nagaland,NAGALAND,"Railways, Roads, Pathways & Bridges",Zila Parishad,2181000,2159000,1775200,3,21-01-2023,09-12-2023,15-12-2023,Completed,TRUE,TRUE,FALSE,,0.99,0.82,6,0.5
MPLADS-02424,S SUPONGMEREN JAMIR,Nagaland,NAGALAND,"Railways, Roads, Pathways & Bridges",State Rural Dev Agency,1733000,1708000,1002000,2,08-04-2023,16-02-2024,,In Progress,TRUE,TRUE,FALSE,,0.99,0.59,471,-0.78
MPLADS-02425,S SUPONGMEREN JAMIR,Nagaland,NAGALAND,Other Public Facilities,Municipal Corporation,2461000,2714000,2586000,2,16-11-2023,06-03-2024,,Not Started,TRUE,TRUE,TRUE,ghost_project,1.1,0.95,452,0.71
MPLADS-02426,S SUPONGMEREN JAMIR,Nagaland,NAGALAND,Sanitation & Public Health,State Rural Dev Agency,1272000,1225000,819600,3,08-10-2023,15-09-2024,,In Progress,TRUE,TRUE,FALSE,,0.96,0.67,259,0
MPLADS-02427,S SUPONGMEREN JAMIR,Nagaland,NAGALAND,Other Public Facilities,Gram Panchayat,2479000,2731000,2324000,3,27-04-2024,28-07-2024,31-07-2024,Completed,TRUE,TRUE,FALSE,,1.1,0.85,3,0.73
MPLADS-02428,S SUPONGMEREN JAMIR,Nagaland,NAGALAND,Other Public Facilities,State Rural Dev Agency,2022000,2289000,1772000,2,28-07-2024,12-03-2025,02-05-2025,Completed,TRUE,TRUE,FALSE,,1.13,0.77,51,-0.04
MPLADS-02429,S SUPONGMEREN JAMIR,Nagaland,NAGALAND,"Railways, Roads, Pathways & Bridges",Municipal Corporation,2398000,2391000,2093800,1,08-09-2023,23-04-2024,29-04-2024,Completed,TRUE,TRUE,FALSE,,1,0.88,6,1.16
MPLADS-02430,S SUPONGMEREN JAMIR,Nagaland,NAGALAND,Other Public Facilities,District PWD,1620000,1512000,746600,1,13-07-2024,11-05-2025,,In Progress,TRUE,TRUE,FALSE,,0.93,0.49,21,-1.4
MPLADS-02431,S SUPONGMEREN JAMIR,Nagaland,NAGALAND,"Railways, Roads, Pathways & Bridges",District PWD,1595000,1669000,0,0,11-02-2024,08-11-2024,,Not Started,TRUE,TRUE,FALSE,,1.05,0,205,-0.89
MPLADS-02432,S Venkatesan,Tamil Nadu,MADURAI,Other Public Facilities,District PWD,1059000,1104000,973400,3,20-10-2024,13-04-2025,22-05-2025,Completed,TRUE,TRUE,FALSE,,1.04,0.88,39,0.2
MPLADS-02433,S Venkatesan,Tamil Nadu,MADURAI,Other Public Facilities,State Rural Dev Agency,892000,846000,414000,2,08-04-2023,03-08-2023,,In Progress,TRUE,TRUE,FALSE,,0.95,0.49,668,-0.39
MPLADS-02434,S Venkatesan,Tamil Nadu,MADURAI,Others,State Rural Dev Agency,999000,935000,887300,4,13-09-2023,25-08-2024,23-10-2024,Completed,TRUE,TRUE,TRUE,duplicate_work,0.94,0.95,59,0.64
MPLADS-02435,S Venkatesan,Tamil Nadu,MADURAI,Other Public Facilities,Gram Panchayat,1191000,1106000,0,0,03-08-2024,09-04-2025,,Not Started,TRUE,TRUE,FALSE,,0.93,0,53,0.2
MPLADS-02436,S Venkatesan,Tamil Nadu,MADURAI,Others,Cooperative Society,1135000,1299000,1232300,2,15-11-2023,02-07-2024,,Not Started,TRUE,TRUE,TRUE,ghost_project,1.14,0.95,334,2.97
MPLADS-02437,S Venkatesan,Tamil Nadu,MADURAI,Education,Zila Parishad,861000,829000,542600,1,01-08-2024,12-06-2025,,In Progress,TRUE,TRUE,FALSE,,0.96,0.65,0,-0.43
MPLADS-02438,S Venkatesan,Tamil Nadu,MADURAI,"Railways, Roads, Pathways & Bridges",Cooperative Society,903000,832000,0,0,29-07-2024,06-01-2025,,Not Started,TRUE,TRUE,FALSE,,0.92,0,146,-0.48
MPLADS-02439,S Venkatesan,Tamil Nadu,MADURAI,"Railways, Roads, Pathways & Bridges",Cooperative Society,670000,763000,652900,4,30-08-2023,12-02-2024,27-02-2024,Completed,TRUE,TRUE,FALSE,,1.14,0.86,15,-0.68
MPLADS-02440,S Venkatesan,Tamil Nadu,MADURAI,Other Public Facilities,Zila Parishad,979000,1054000,344900,1,25-03-2023,05-02-2024,,Stalled,TRUE,TRUE,FALSE,,1.08,0.33,482,0.08
MPLADS-02441,S. Jagathrakshakan,Tamil Nadu,ARAKKONAM,Others,Gram Panchayat,756000,858000,766400,3,14-01-2023,01-01-2024,20-02-2024,Completed,TRUE,TRUE,FALSE,,1.13,0.89,50,0.15
MPLADS-02442,S. Jagathrakshakan,Tamil Nadu,ARAKKONAM,Other Public Facilities,State Rural Dev Agency,1132000,1238000,918000,3,27-04-2023,15-01-2024,13-03-2024,Completed,TRUE,TRUE,FALSE,,1.09,0.74,58,0.5
MPLADS-02443,S. Jagathrakshakan,Tamil Nadu,ARAKKONAM,"Railways, Roads, Pathways & Bridges",District PWD,1196000,1171000,941800,3,13-05-2024,06-12-2024,07-12-2024,Completed,TRUE,TRUE,FALSE,,0.98,0.8,1,0.52
MPLADS-02444,S. Jagathrakshakan,Tamil Nadu,ARAKKONAM,"Railways, Roads, Pathways & Bridges",Cooperative Society,696000,756000,627900,2,31-10-2023,20-03-2024,19-03-2024,Completed,TRUE,TRUE,FALSE,,1.09,0.83,-1,-0.7
MPLADS-02445,S. Jagathrakshakan,Tamil Nadu,ARAKKONAM,Other Public Facilities,Cooperative Society,660000,741000,430800,1,05-10-2023,09-09-2024,,In Progress,TRUE,TRUE,FALSE,,1.12,0.58,265,-0.62
MPLADS-02446,S. Jagathrakshakan,Tamil Nadu,ARAKKONAM,Others,State Rural Dev Agency,785000,723000,561600,3,19-06-2023,18-09-2023,30-09-2023,Completed,TRUE,TRUE,FALSE,,0.92,0.78,12,-0.72
MPLADS-02447,SACHITHANANTHAM R,Tamil Nadu,DINDIGUL,Drinking Water Facility,Municipal Corporation,934000,911000,691400,2,16-01-2024,15-10-2024,,In Progress,TRUE,TRUE,FALSE,,0.98,0.76,229,-0.28
MPLADS-02448,SACHITHANANTHAM R,Tamil Nadu,DINDIGUL,Other Public Facilities,Municipal Corporation,674000,687000,582600,1,19-05-2023,22-11-2023,11-12-2023,Completed,TRUE,TRUE,FALSE,,1.02,0.85,19,-0.75
MPLADS-02449,SACHITHANANTHAM R,Tamil Nadu,DINDIGUL,Education,District PWD,1102000,1207000,1075500,3,02-03-2024,19-10-2024,19-10-2024,Completed,TRUE,TRUE,FALSE,,1.1,0.89,0,0.43
MPLADS-02450,SACHITHANANTHAM R,Tamil Nadu,DINDIGUL,Other Public Facilities,Gram Panchayat,1211000,1690000,329600,1,16-11-2023,22-08-2024,,In Progress,FALSE,TRUE,TRUE,no_tender_high_value,1.4,0.2,283,1.52
MPLADS-02451,SACHITHANANTHAM R,Tamil Nadu,DINDIGUL,Drinking Water Facility,District PWD,1207000,1224000,1032400,1,05-12-2023,22-03-2024,25-04-2024,Completed,TRUE,TRUE,FALSE,,1.01,0.84,34,1.28
MPLADS-02452,SACHITHANANTHAM R,Tamil Nadu,DINDIGUL,"Railways, Roads, Pathways & Bridges",District PWD,819000,889000,534600,1,25-12-2023,06-08-2024,,In Progress,TRUE,TRUE,FALSE,,1.09,0.6,299,-0.31
MPLADS-02453,SAGAR ESHWAR KHANDRE,Karnataka,BIDAR,Education,State Rural Dev Agency,708000,654000,545100,2,17-07-2023,04-02-2024,30-03-2024,Completed,TRUE,TRUE,FALSE,,0.92,0.83,55,-0.12
MPLADS-02454,SAGAR ESHWAR KHANDRE,Karnataka,BIDAR,Others,State Rural Dev Agency,446000,481000,416300,2,10-11-2023,16-07-2024,05-08-2024,Completed,TRUE,TRUE,FALSE,,1.08,0.87,20,-1.01
MPLADS-02455,SAGAR ESHWAR KHANDRE,Karnataka,BIDAR,Others,District PWD,603000,665000,368900,2,08-07-2024,20-01-2025,,In Progress,TRUE,TRUE,FALSE,,1.1,0.55,132,0.42
MPLADS-02456,SAGAR ESHWAR KHANDRE,Karnataka,BIDAR,Other Public Facilities,State Rural Dev Agency,481000,511000,439100,2,10-08-2023,30-12-2023,11-01-2024,Completed,TRUE,TRUE,FALSE,,1.06,0.86,12,-0.68
MPLADS-02457,SAGAR ESHWAR KHANDRE,Karnataka,BIDAR,Drinking Water Facility,State Rural Dev Agency,526000,563000,154000,0,24-08-2024,29-04-2024,,Stalled,TRUE,TRUE,TRUE,delayed_stalled,1.07,0.27,398,-0.64
MPLADS-02458,SAGAR ESHWAR KHANDRE,Karnataka,BIDAR,Others,Cooperative Society,694000,748000,643700,2,11-09-2024,24-02-2025,05-02-2025,Completed,TRUE,TRUE,FALSE,,1.08,0.86,-19,1.07
MPLADS-02459,SAGAR ESHWAR KHANDRE,Karnataka,BIDAR,Education,Zila Parishad,701000,745000,642200,2,29-04-2024,21-03-2025,13-03-2025,Completed,FALSE,TRUE,FALSE,,1.06,0.86,-8,0.39
MPLADS-02460,SALENG A SANGMA,Meghalaya,TURA,Others,Gram Panchayat,784000,872000,226100,0,04-04-2023,19-07-2023,,Stalled,TRUE,TRUE,FALSE,,1.11,0.26,683,0
MPLADS-02461,SALENG A SANGMA,Meghalaya,TURA,Other Public Facilities,State Rural Dev Agency,712000,677000,546800,3,01-01-2023,18-04-2023,05-04-2023,Completed,TRUE,TRUE,FALSE,,0.95,0.81,-13,0.71
MPLADS-02462,SAMBIT PATRA,Odisha,PURI,Education,District PWD,177000,160000,132500,1,26-03-2024,11-09-2024,23-08-2024,Completed,TRUE,TRUE,FALSE,,0.9,0.83,-19,-1.02
MPLADS-02463,SAMBIT PATRA,Odisha,PURI,"Railways, Roads, Pathways & Bridges",Gram Panchayat,312000,326000,294000,4,04-09-2023,15-08-2024,,Not Started,TRUE,TRUE,TRUE,ghost_project,1.04,0.9,290,0.41
MPLADS-02464,SAMBIT PATRA,Odisha,PURI,Other Public Facilities,State Rural Dev Agency,198000,209000,178600,4,30-12-2023,03-05-2024,14-04-2024,Completed,TRUE,TRUE,FALSE,,1.06,0.85,-19,-0.89
MPLADS-02465,SAMBIT PATRA,Odisha,PURI,Education,Cooperative Society,219000,219000,59800,1,08-08-2023,18-05-2024,,Stalled,TRUE,TRUE,FALSE,,1,0.27,379,-0.48
MPLADS-02466,SAMBIT PATRA,Odisha,PURI,Others,Municipal Corporation,169000,182000,0,0,27-05-2023,23-11-2023,,Not Started,TRUE,TRUE,FALSE,,1.08,0,556,-1.1
MPLADS-02467,SAMBIT PATRA,Odisha,PURI,Drinking Water Facility,Zila Parishad,248000,232000,177500,1,02-12-2024,26-04-2025,08-05-2025,Completed,TRUE,TRUE,FALSE,,0.94,0.77,12,-0.45
MPLADS-02468,SANATAN PANDEY,Uttar Pradesh,BALLIA,Others,Municipal Corporation,387000,355000,0,0,26-01-2023,28-05-2023,,Not Started,TRUE,TRUE,FALSE,,0.92,0,735,-0.04
MPLADS-02469,SANATAN PANDEY,Uttar Pradesh,BALLIA,Other Public Facilities,Zila Parishad,426000,479000,386900,2,10-03-2024,09-10-2024,23-09-2024,Completed,TRUE,TRUE,FALSE,,1.12,0.81,-16,0.53
MPLADS-02470,SANATAN PANDEY,Uttar Pradesh,BALLIA,"Railways, Roads, Pathways & Bridges",Zila Parishad,275000,276000,207400,2,27-01-2024,28-05-2024,22-05-2024,Completed,TRUE,TRUE,FALSE,,1,0.75,-6,-0.69
MPLADS-02471,SANJAY DINA PATIL,Maharashtra,MUMBAI NORTH EAST,Drinking Water Facility,Municipal Corporation,674000,1837000,1814400,3,28-03-2024,08-02-2025,02-04-2025,Completed,TRUE,TRUE,TRUE,cost_overrun,2.73,0.99,53,3.27
MPLADS-02472,SANJAY DINA PATIL,Maharashtra,MUMBAI NORTH EAST,"Railways, Roads, Pathways & Bridges",District PWD,723000,794000,171200,0,07-04-2023,28-01-2024,,Stalled,TRUE,TRUE,FALSE,,1.1,0.22,490,1.45
MPLADS-02473,SANJAY DINA PATIL,Maharashtra,MUMBAI NORTH EAST,"Railways, Roads, Pathways & Bridges",Gram Panchayat,634000,667000,550900,3,13-09-2024,10-01-2025,11-02-2025,Completed,TRUE,TRUE,FALSE,,1.05,0.83,32,0.49
MPLADS-02474,SANJAY DINA PATIL,Maharashtra,MUMBAI NORTH EAST,"Railways, Roads, Pathways & Bridges",District PWD,610000,601000,96500,0,14-02-2023,18-09-2023,,Stalled,TRUE,TRUE,FALSE,,0.99,0.16,622,-0.01
MPLADS-02475,SANJAY DINA PATIL,Maharashtra,MUMBAI NORTH EAST,Others,State Rural Dev Agency,620000,636000,0,0,08-08-2024,19-02-2025,,Not Started,TRUE,TRUE,FALSE,,1.03,0,102,0.25
MPLADS-02476,Sanjay Haribhau Jadhav,Maharashtra,PARBHANI,Other Public Facilities,Cooperative Society,440000,400000,121500,1,09-10-2024,15-03-2025,,In Progress,TRUE,TRUE,FALSE,,0.91,0.3,78,-0.88
MPLADS-02477,Sanjay Haribhau Jadhav,Maharashtra,PARBHANI,Other Public Facilities,Cooperative Society,609000,690000,0,0,12-07-2024,09-02-2025,,Not Started,FALSE,FALSE,FALSE,,1.13,0,112,0.34
MPLADS-02478,Sanjay Haribhau Jadhav,Maharashtra,PARBHANI,"Railways, Roads, Pathways & Bridges",District PWD,473000,501000,142600,1,06-06-2023,16-12-2023,,In Progress,TRUE,TRUE,FALSE,,1.06,0.28,533,-0.77
MPLADS-02479,Sanjay Haribhau Jadhav,Maharashtra,PARBHANI,"Railways, Roads, Pathways & Bridges",Cooperative Society,401000,452000,0,0,05-03-2024,31-01-2025,,Not Started,TRUE,TRUE,FALSE,,1.13,0,121,-1.14
MPLADS-02480,Sanjay Haribhau Jadhav,Maharashtra,PARBHANI,Other Public Facilities,Zila Parishad,642000,668000,599600,2,05-03-2023,07-07-2023,03-07-2023,Completed,TRUE,TRUE,FALSE,,1.04,0.9,-4,0.24
MPLADS-02481,Sanjay Jaiswal,Bihar,PASCHIM CHAMPARAN,Others,Municipal Corporation,528000,514000,266500,2,01-11-2024,25-03-2025,,In Progress,FALSE,TRUE,FALSE,,0.97,0.52,68,-0.79
MPLADS-02482,Sanjay Jaiswal,Bihar,PASCHIM CHAMPARAN,Drinking Water Facility,Municipal Corporation,648000,603000,497800,1,27-12-2024,02-11-2025,14-12-2025,Completed,TRUE,TRUE,FALSE,,0.93,0.83,42,-0.24
MPLADS-02483,Sanjay Jaiswal,Bihar,PASCHIM CHAMPARAN,Education,Cooperative Society,445000,489000,409300,2,12-06-2024,31-03-2025,22-05-2025,Completed,TRUE,TRUE,FALSE,,1.1,0.84,52,-1.17
MPLADS-02484,Sanjay Jaiswal,Bihar,PASCHIM CHAMPARAN,Education,Zila Parishad,634000,579000,446900,3,16-11-2024,29-08-2025,21-09-2025,Completed,TRUE,TRUE,FALSE,,0.91,0.77,23,-0.5
MPLADS-02485,Sanjay Jaiswal,Bihar,PASCHIM CHAMPARAN,"Railways, Roads, Pathways & Bridges",Zila Parishad,793000,912000,789200,2,01-10-2023,07-09-2024,19-10-2024,Completed,TRUE,TRUE,FALSE,,1.15,0.87,42,0.79
MPLADS-02486,Sanjay Jaiswal,Bihar,PASCHIM CHAMPARAN,Other Public Facilities,District PWD,714000,818000,626100,2,06-12-2024,01-08-2025,,In Progress,TRUE,TRUE,FALSE,,1.15,0.77,0,0.73
MPLADS-02487,Sanjay Kumar Bandi,Telangana,KARIMNAGAR,Education,State Rural Dev Agency,413000,376000,330700,1,15-11-2023,09-06-2024,19-07-2024,Completed,TRUE,TRUE,FALSE,,0.91,0.88,40,0.69
MPLADS-02488,Sanjay Kumar Bandi,Telangana,KARIMNAGAR,Other Public Facilities,District PWD,363000,349000,294900,3,14-12-2024,31-07-2025,22-07-2025,Completed,TRUE,TRUE,FALSE,,0.96,0.84,-9,-0.33
MPLADS-02489,Sanjay Kumar Bandi,Telangana,KARIMNAGAR,Education,District PWD,360000,338000,205100,2,06-07-2023,29-11-2023,,In Progress,TRUE,TRUE,FALSE,,0.94,0.61,550,0.1
MPLADS-02490,Sanjay Kumar Bandi,Telangana,KARIMNAGAR,"Railways, Roads, Pathways & Bridges",District PWD,383000,379000,0,0,23-06-2023,11-11-2023,,Not Started,TRUE,TRUE,FALSE,,0.99,0,568,0.46
MPLADS-02491,Sanjay Kumar Bandi,Telangana,KARIMNAGAR,Other Public Facilities,Zila Parishad,382000,390000,306900,3,10-09-2023,01-05-2024,23-04-2024,Completed,TRUE,TRUE,FALSE,,1.02,0.79,-8,0.31
MPLADS-02492,Sanjay Kumar Bandi,Telangana,KARIMNAGAR,Others,Municipal Corporation,372000,336000,287700,3,16-05-2023,08-01-2024,07-02-2024,Completed,TRUE,TRUE,FALSE,,0.9,0.86,30,0.37
MPLADS-02493,Sanjay Seth,Jharkhand,RANCHI,"Railways, Roads, Pathways & Bridges",Municipal Corporation,311000,311000,150500,1,24-05-2023,22-05-2024,,In Progress,TRUE,TRUE,FALSE,,1,0.48,375,-1.09
MPLADS-02494,Sanjay Seth,Jharkhand,RANCHI,"Railways, Roads, Pathways & Bridges",Municipal Corporation,529000,593000,539600,3,24-07-2023,30-10-2023,09-12-2023,Completed,TRUE,TRUE,FALSE,,1.12,0.91,40,1.88
MPLADS-02495,Sanjay Seth,Jharkhand,RANCHI,Others,Cooperative Society,288000,276000,141400,1,05-04-2023,21-10-2023,,In Progress,TRUE,TRUE,FALSE,,0.96,0.51,589,-1.88
MPLADS-02496,Sanjay Seth,Jharkhand,RANCHI,Others,District PWD,431000,393000,335900,3,19-06-2024,07-01-2025,20-01-2025,Completed,TRUE,TRUE,FALSE,,0.91,0.85,13,-0.19
MPLADS-02497,Sanjay Seth,Jharkhand,RANCHI,Other Public Facilities,Cooperative Society,489000,518000,451500,3,22-08-2024,24-01-2025,14-03-2025,Completed,TRUE,TRUE,FALSE,,1.06,0.87,49,-0.1
MPLADS-02498,Sanjay Seth,Jharkhand,RANCHI,Other Public Facilities,Zila Parishad,551000,1044000,514900,3,20-03-2024,01-02-2025,29-03-2025,Completed,FALSE,TRUE,TRUE,no_tender_high_value,1.89,0.49,56,1.57
MPLADS-02499,Sanjay Uttamrao Deshmukh,Maharashtra,YAVATMAL-WASHIM,Others,Municipal Corporation,609000,674000,219100,0,17-12-2023,12-08-2024,,In Progress,TRUE,TRUE,FALSE,,1.11,0.33,293,0.46
MPLADS-02500,Sanjay Uttamrao Deshmukh,Maharashtra,YAVATMAL-WASHIM,Education,Municipal Corporation,527000,602000,221400,2,03-04-2023,29-05-2022,,Stalled,TRUE,TRUE,TRUE,delayed_stalled,1.14,0.37,1099,-0.2
MPLADS-02501,Sanjay Uttamrao Deshmukh,Maharashtra,YAVATMAL-WASHIM,Education,Gram Panchayat,392000,375000,75800,0,02-02-2023,13-12-2022,,Stalled,TRUE,TRUE,TRUE,delayed_stalled,0.96,0.2,901,-0.88
MPLADS-02502,Sanjay Uttamrao Deshmukh,Maharashtra,YAVATMAL-WASHIM,Sanitation & Public Health,Cooperative Society,411000,399000,217600,2,24-05-2023,15-09-2023,,In Progress,TRUE,TRUE,FALSE,,0.97,0.55,625,-1.33
MPLADS-02503,Sanjay Uttamrao Deshmukh,Maharashtra,YAVATMAL-WASHIM,Other Public Facilities,Municipal Corporation,752000,773000,277100,1,25-08-2024,17-05-2025,,Stalled,TRUE,TRUE,FALSE,,1.03,0.36,15,0.69
MPLADS-02504,Sanjay Uttamrao Deshmukh,Maharashtra,YAVATMAL-WASHIM,Drinking Water Facility,District PWD,705000,748000,655800,2,09-01-2023,15-11-2023,27-12-2023,Completed,TRUE,TRUE,FALSE,,1.06,0.88,42,0.14
MPLADS-02505,Sanjay Uttamrao Deshmukh,Maharashtra,YAVATMAL-WASHIM,Other Public Facilities,Zila Parishad,640000,736000,104700,0,11-07-2023,17-10-2023,,Stalled,TRUE,TRUE,FALSE,,1.15,0.14,593,0.53
MPLADS-02506,Sanjay Uttamrao Deshmukh,Maharashtra,YAVATMAL-WASHIM,"Railways, Roads, Pathways & Bridges",Cooperative Society,534000,590000,492500,1,23-01-2023,11-12-2023,18-01-2024,Completed,TRUE,TRUE,FALSE,,1.1,0.83,38,-0.1
MPLADS-02507,Sanjay Uttamrao Deshmukh,Maharashtra,YAVATMAL-WASHIM,"Railways, Roads, Pathways & Bridges",Cooperative Society,707000,765000,252300,1,21-03-2024,24-11-2023,,Stalled,TRUE,TRUE,TRUE,delayed_stalled,1.08,0.33,555,1.23
MPLADS-02508,SANJNA JATAV,Rajasthan,BHARATPUR(SC),Other Public Facilities,District PWD,550000,594000,395600,2,18-01-2024,28-10-2024,,In Progress,TRUE,TRUE,FALSE,,1.08,0.67,216,-0.23
MPLADS-02509,SANJNA JATAV,Rajasthan,BHARATPUR(SC),"Railways, Roads, Pathways & Bridges",Gram Panchayat,717000,751000,0,0,28-08-2023,29-11-2023,,Not Started,TRUE,TRUE,FALSE,,1.05,0,550,0.16
MPLADS-02510,SANJNA JATAV,Rajasthan,BHARATPUR(SC),Sanitation & Public Health,District PWD,772000,865000,0,0,12-03-2024,10-10-2024,,Not Started,TRUE,TRUE,FALSE,,1.12,0,234,1.65
MPLADS-02511,SANJNA JATAV,Rajasthan,BHARATPUR(SC),Education,Cooperative Society,599000,673000,314600,1,17-06-2023,18-04-2024,,In Progress,TRUE,TRUE,FALSE,,1.12,0.47,409,0.72
MPLADS-02512,SANJNA JATAV,Rajasthan,BHARATPUR(SC),Other Public Facilities,Zila Parishad,825000,865000,681000,3,20-06-2024,22-04-2025,02-06-2025,Completed,TRUE,TRUE,FALSE,,1.05,0.79,41,1.85
MPLADS-02513,Santosh Pandey,Chhattisgarh,RAJNANDGAON,Drinking Water Facility,Municipal Corporation,419000,437000,339400,2,10-11-2024,22-02-2025,14-03-2025,Completed,TRUE,TRUE,FALSE,,1.04,0.78,20,-0.42
MPLADS-02514,Santosh Pandey,Chhattisgarh,RAJNANDGAON,Sanitation & Public Health,District PWD,444000,431000,0,0,25-05-2023,27-04-2024,,Not Started,TRUE,TRUE,FALSE,,0.97,0,400,-0.13
MPLADS-02515,Santosh Pandey,Chhattisgarh,RAJNANDGAON,Other Public Facilities,District PWD,601000,622000,435400,1,05-11-2024,02-10-2025,22-09-2025,Completed,TRUE,TRUE,FALSE,,1.03,0.7,-10,1.13
MPLADS-02516,Santosh Pandey,Chhattisgarh,RAJNANDGAON,Education,Zila Parishad,428000,457000,378200,2,09-07-2023,21-06-2024,08-06-2024,Completed,TRUE,TRUE,FALSE,,1.07,0.83,-13,-0.07
MPLADS-02517,Santosh Pandey,Chhattisgarh,RAJNANDGAON,Education,Gram Panchayat,455000,498000,308000,2,07-06-2023,04-01-2024,,In Progress,TRUE,TRUE,FALSE,,1.09,0.62,514,0.39
MPLADS-02518,Santosh Pandey,Chhattisgarh,RAJNANDGAON,"Railways, Roads, Pathways & Bridges",Cooperative Society,381000,1361000,1349900,3,13-06-2023,07-01-2024,01-03-2024,Completed,TRUE,TRUE,TRUE,cost_overrun,3.57,0.99,54,3.45
MPLADS-02519,Saptagiri Sankar Ulaka,Odisha,KORAPUT(ST),Other Public Facilities,Cooperative Society,204000,188000,30600,0,06-08-2023,10-11-2023,,Stalled,TRUE,TRUE,FALSE,,0.92,0.16,569,-1.33
MPLADS-02520,Saptagiri Sankar Ulaka,Odisha,KORAPUT(ST),Other Public Facilities,Zila Parishad,283000,298000,0,0,06-09-2023,26-07-2024,,Not Started,TRUE,TRUE,FALSE,,1.05,0,310,0.98
MPLADS-02521,Saptagiri Sankar Ulaka,Odisha,KORAPUT(ST),Others,Cooperative Society,230000,230000,0,0,14-02-2024,02-09-2024,,Not Started,TRUE,TRUE,FALSE,,1,0,272,-0.62
MPLADS-02522,Saptagiri Sankar Ulaka,Odisha,KORAPUT(ST),Others,Cooperative Society,187000,184000,67200,0,10-03-2024,03-09-2024,,In Progress,TRUE,TRUE,FALSE,,0.98,0.37,271,-1.08
MPLADS-02523,Saptagiri Sankar Ulaka,Odisha,KORAPUT(ST),"Railways, Roads, Pathways & Bridges",Zila Parishad,172000,167000,144700,4,23-08-2024,17-07-2025,24-07-2025,Completed,TRUE,TRUE,FALSE,,0.97,0.87,7,-0.84
MPLADS-02524,SARABJEET SINGH KHALSA,Punjab,FARIDKOT(SC),Others,State Rural Dev Agency,282000,311000,250900,2,13-01-2024,07-07-2024,19-07-2024,Completed,TRUE,FALSE,FALSE,,1.1,0.81,12,-0.21
MPLADS-02525,SARABJEET SINGH KHALSA,Punjab,FARIDKOT(SC),Others,Zila Parishad,272000,1054000,867000,0,12-02-2024,08-11-2024,,Stalled,TRUE,TRUE,TRUE,cost_overrun,3.88,0.82,205,2.25
MPLADS-02526,SARABJEET SINGH KHALSA,Punjab,FARIDKOT(SC),Education,Cooperative Society,193000,174000,137300,3,15-02-2023,23-12-2023,12-02-2024,Completed,TRUE,TRUE,FALSE,,0.9,0.79,51,-1.06
MPLADS-02527,SARABJEET SINGH KHALSA,Punjab,FARIDKOT(SC),Other Public Facilities,Gram Panchayat,220000,213000,193400,4,04-07-2023,02-07-2024,29-07-2024,Completed,TRUE,TRUE,FALSE,,0.97,0.91,27,-0.35
MPLADS-02528,SARABJEET SINGH KHALSA,Punjab,FARIDKOT(SC),"Railways, Roads, Pathways & Bridges",Gram Panchayat,174000,186000,168800,2,05-02-2023,07-01-2024,10-02-2024,Completed,TRUE,TRUE,FALSE,,1.07,0.91,34,-0.64
MPLADS-02529,Sasikanth Senthil,Tamil Nadu,TIRUVALLUR(SC),Others,Municipal Corporation,636000,654000,303100,1,29-11-2024,09-07-2025,,In Progress,TRUE,TRUE,FALSE,,1.03,0.46,0,-1.16
MPLADS-02530,Sasikanth Senthil,Tamil Nadu,TIRUVALLUR(SC),Others,District PWD,951000,881000,646300,3,03-12-2024,25-04-2025,,In Progress,TRUE,TRUE,FALSE,,0.93,0.73,37,0.29
MPLADS-02531,Sasikanth Senthil,Tamil Nadu,TIRUVALLUR(SC),"Railways, Roads, Pathways & Bridges",Gram Panchayat,975000,980000,828200,3,14-06-2023,12-05-2024,21-06-2024,Completed,TRUE,TRUE,FALSE,,1.01,0.85,40,-0.04
MPLADS-02532,Sasikanth Senthil,Tamil Nadu,TIRUVALLUR(SC),Education,District PWD,1169000,1197000,708500,1,12-01-2023,19-10-2023,,In Progress,TRUE,TRUE,FALSE,,1.02,0.59,591,0.41
MPLADS-02533,Sasikanth Senthil,Tamil Nadu,TIRUVALLUR(SC),Other Public Facilities,Gram Panchayat,810000,800000,657800,3,07-11-2023,08-03-2024,29-02-2024,Completed,TRUE,TRUE,FALSE,,0.99,0.82,-8,-0.49
MPLADS-02534,Sasikanth Senthil,Tamil Nadu,TIRUVALLUR(SC),Education,State Rural Dev Agency,1044000,961000,768100,3,29-05-2024,05-02-2025,23-02-2025,Completed,TRUE,TRUE,FALSE,,0.92,0.8,18,-0.13
MPLADS-02535,Sasikanth Senthil,Tamil Nadu,TIRUVALLUR(SC),Other Public Facilities,Gram Panchayat,881000,964000,809100,2,09-01-2024,31-05-2024,24-06-2024,Completed,TRUE,TRUE,FALSE,,1.09,0.84,24,-0.12
MPLADS-02536,Sasikanth Senthil,Tamil Nadu,TIRUVALLUR(SC),Other Public Facilities,Cooperative Society,902000,981000,804400,3,21-11-2024,10-07-2025,27-06-2025,Completed,FALSE,TRUE,FALSE,,1.09,0.82,-13,-0.08
MPLADS-02537,Sasikanth Senthil,Tamil Nadu,TIRUVALLUR(SC),Other Public Facilities,Gram Panchayat,1152000,1202000,1005100,1,27-08-2024,20-06-2025,30-07-2025,Completed,TRUE,TRUE,FALSE,,1.04,0.84,40,0.42
MPLADS-02538,SATPAL BRAHAMCHARI,Haryana,SONEPAT,Sanitation & Public Health,Gram Panchayat,558000,641000,535800,2,21-03-2024,25-09-2024,15-11-2024,Completed,TRUE,TRUE,FALSE,,1.15,0.84,51,1.05
MPLADS-02539,SATPAL BRAHAMCHARI,Haryana,SONEPAT,Other Public Facilities,Municipal Corporation,525000,479000,439700,2,16-04-2024,05-08-2024,18-07-2024,Completed,TRUE,TRUE,FALSE,,0.91,0.92,-18,-0.09
MPLADS-02540,SATPAL BRAHAMCHARI,Haryana,SONEPAT,Other Public Facilities,State Rural Dev Agency,423000,465000,378700,2,11-03-2024,14-01-2025,25-02-2025,Completed,TRUE,TRUE,FALSE,,1.1,0.81,42,-0.22
MPLADS-02541,SATPAL BRAHAMCHARI,Haryana,SONEPAT,"Railways, Roads, Pathways & Bridges",Municipal Corporation,594000,562000,511400,3,01-10-2023,18-03-2024,13-03-2024,Completed,TRUE,FALSE,FALSE,,0.95,0.91,-5,0.14
MPLADS-02542,SATPAL BRAHAMCHARI,Haryana,SONEPAT,Education,District PWD,361000,407000,274000,2,01-11-2023,17-06-2024,,In Progress,TRUE,TRUE,FALSE,,1.13,0.67,349,-0.64
MPLADS-02543,SATPAL BRAHAMCHARI,Haryana,SONEPAT,Other Public Facilities,District PWD,392000,366000,144300,1,28-06-2024,15-01-2025,,In Progress,TRUE,TRUE,FALSE,,0.93,0.39,137,-1.13
MPLADS-02544,SATPAL BRAHAMCHARI,Haryana,SONEPAT,Sanitation & Public Health,Municipal Corporation,487000,522000,202000,0,10-05-2023,25-04-2024,,In Progress,TRUE,TRUE,FALSE,,1.07,0.39,402,0.07
MPLADS-02545,Saumitra khan,West Bengal,BISHNUPUR(SC),Sanitation & Public Health,Cooperative Society,731000,740000,216300,1,20-12-2023,11-11-2024,,Stalled,TRUE,TRUE,FALSE,,1.01,0.29,202,0.5
MPLADS-02546,Saumitra khan,West Bengal,BISHNUPUR(SC),"Railways, Roads, Pathways & Bridges",District PWD,435000,433000,331500,2,20-06-2024,02-03-2025,,In Progress,FALSE,TRUE,FALSE,,1,0.77,91,-0.95
MPLADS-02547,Saumitra khan,West Bengal,BISHNUPUR(SC),Drinking Water Facility,District PWD,488000,460000,303700,2,31-05-2023,19-04-2024,,In Progress,TRUE,TRUE,FALSE,,0.94,0.66,408,-0.82
MPLADS-02548,Saumitra khan,West Bengal,BISHNUPUR(SC),Other Public Facilities,Cooperative Society,522000,526000,381400,2,27-01-2024,03-11-2024,,In Progress,TRUE,TRUE,FALSE,,1.01,0.73,210,-0.53
MPLADS-02549,Saumitra khan,West Bengal,BISHNUPUR(SC),"Railways, Roads, Pathways & Bridges",Municipal Corporation,847000,941000,658700,2,06-11-2023,15-04-2024,14-05-2024,Completed,FALSE,TRUE,FALSE,,1.11,0.7,29,0.97
MPLADS-02550,Saumitra khan,West Bengal,BISHNUPUR(SC),Other Public Facilities,District PWD,599000,549000,348200,1,30-10-2024,15-02-2025,,In Progress,TRUE,TRUE,FALSE,,0.92,0.63,106,-0.44
MPLADS-02551,SAVITRI THAKUR,Madhya Pradesh,DHAR(ST),Education,State Rural Dev Agency,346000,396000,158700,0,16-07-2023,08-02-2024,,In Progress,TRUE,TRUE,FALSE,,1.14,0.4,479,0.77
MPLADS-02552,SAVITRI THAKUR,Madhya Pradesh,DHAR(ST),Other Public Facilities,Zila Parishad,284000,264000,44500,0,07-09-2023,12-04-2024,,In Progress,FALSE,TRUE,FALSE,,0.93,0.17,415,-0.63
MPLADS-02553,SAVITRI THAKUR,Madhya Pradesh,DHAR(ST),Education,State Rural Dev Agency,237000,215000,184800,2,23-03-2024,02-02-2025,27-03-2025,Completed,TRUE,TRUE,FALSE,,0.91,0.86,53,-1.64
MPLADS-02554,SAVITRI THAKUR,Madhya Pradesh,DHAR(ST),Drinking Water Facility,Municipal Corporation,307000,297000,231100,1,18-11-2024,27-08-2025,18-08-2025,Completed,TRUE,TRUE,FALSE,,0.97,0.78,-9,-0.5
MPLADS-02555,SAVITRI THAKUR,Madhya Pradesh,DHAR(ST),Other Public Facilities,Cooperative Society,356000,365000,273100,2,07-10-2023,12-05-2024,31-05-2024,Completed,TRUE,TRUE,FALSE,,1.03,0.75,19,0.11
MPLADS-02556,SAVITRI THAKUR,Madhya Pradesh,DHAR(ST),Sanitation & Public Health,Cooperative Society,362000,390000,308200,2,13-05-2023,22-11-2023,05-12-2023,Completed,TRUE,TRUE,FALSE,,1.08,0.79,13,0.68
MPLADS-02557,SAVITRI THAKUR,Madhya Pradesh,DHAR(ST),Sanitation & Public Health,Zila Parishad,311000,349000,302900,2,22-11-2023,29-08-2024,19-10-2024,Completed,TRUE,TRUE,FALSE,,1.12,0.87,51,-0.05
MPLADS-02558,SAVITRI THAKUR,Madhya Pradesh,DHAR(ST),"Railways, Roads, Pathways & Bridges",Gram Panchayat,338000,387000,205400,1,07-03-2023,27-09-2023,,In Progress,TRUE,TRUE,FALSE,,1.14,0.53,613,0.76
MPLADS-02559,SAYANI GHOSH,West Bengal,JADAVPUR,Education,Gram Panchayat,477000,520000,379500,2,25-08-2024,03-03-2025,22-04-2025,Completed,TRUE,TRUE,FALSE,,1.09,0.73,50,-1.05
MPLADS-02560,SAYANI GHOSH,West Bengal,JADAVPUR,Education,Gram Panchayat,704000,650000,566900,1,25-07-2024,11-04-2025,13-04-2025,Completed,TRUE,TRUE,FALSE,,0.92,0.87,2,-0.17
MPLADS-02561,SAYANI GHOSH,West Bengal,JADAVPUR,Sanitation & Public Health,Cooperative Society,684000,689000,440100,1,05-06-2023,22-09-2023,,In Progress,TRUE,TRUE,FALSE,,1.01,0.64,618,0.09
MPLADS-02562,SAYANI GHOSH,West Bengal,JADAVPUR,Drinking Water Facility,State Rural Dev Agency,649000,594000,434500,3,24-06-2023,06-03-2024,,In Progress,TRUE,TRUE,FALSE,,0.92,0.73,452,-0.36
MPLADS-02563,SAYANI GHOSH,West Bengal,JADAVPUR,Other Public Facilities,Zila Parishad,522000,582000,523800,2,22-03-2023,22-09-2023,,In Progress,TRUE,TRUE,FALSE,,1.11,0.9,618,-0.31
MPLADS-02564,SAYANI GHOSH,West Bengal,JADAVPUR,Other Public Facilities,Cooperative Society,705000,638000,530900,2,26-06-2024,10-03-2025,29-03-2025,Completed,TRUE,TRUE,FALSE,,0.9,0.83,19,-0.09
MPLADS-02565,SAYANI GHOSH,West Bengal,JADAVPUR,Others,Municipal Corporation,823000,801000,726600,3,23-04-2024,17-12-2024,22-12-2024,Completed,TRUE,TRUE,FALSE,,0.97,0.91,5,1.07
MPLADS-02566,SAYANI GHOSH,West Bengal,JADAVPUR,Education,Municipal Corporation,841000,864000,711600,2,01-08-2024,07-03-2025,09-04-2025,Completed,TRUE,FALSE,FALSE,,1.03,0.82,33,1.28
MPLADS-02567,SELJA,Haryana,SIRSA(SC),Drinking Water Facility,State Rural Dev Agency,456000,429000,218300,2,23-07-2024,22-06-2025,,In Progress,TRUE,TRUE,FALSE,,0.94,0.51,0,-0.54
MPLADS-02568,SELJA,Haryana,SIRSA(SC),Other Public Facilities,Gram Panchayat,559000,509000,437400,1,15-05-2023,25-09-2023,11-09-2023,Completed,TRUE,TRUE,FALSE,,0.91,0.86,-14,0.19
MPLADS-02569,SELJA,Haryana,SIRSA(SC),"Railways, Roads, Pathways & Bridges",Zila Parishad,457000,439000,392000,1,12-08-2023,27-11-2023,19-12-2023,Completed,TRUE,TRUE,FALSE,,0.96,0.89,22,-0.89
MPLADS-02570,SELJA,Haryana,SIRSA(SC),Other Public Facilities,State Rural Dev Agency,642000,693000,281500,1,15-02-2024,02-12-2024,,In Progress,TRUE,TRUE,FALSE,,1.08,0.41,181,1.89
MPLADS-02571,SELJA,Haryana,SIRSA(SC),"Railways, Roads, Pathways & Bridges",Cooperative Society,655000,716000,681700,3,13-10-2023,28-07-2024,05-08-2024,Completed,TRUE,TRUE,FALSE,,1.09,0.95,8,1.43
MPLADS-02572,SELJA,Haryana,SIRSA(SC),Other Public Facilities,Gram Panchayat,355000,351000,0,0,10-10-2024,07-05-2025,,Not Started,TRUE,TRUE,FALSE,,0.99,0,25,-1.27
MPLADS-02573,SELJA,Haryana,SIRSA(SC),"Railways, Roads, Pathways & Bridges",Gram Panchayat,374000,371000,0,0,19-08-2023,31-03-2024,,Not Started,TRUE,TRUE,FALSE,,0.99,0,427,-1.45
MPLADS-02574,SELJA,Haryana,SIRSA(SC),Others,State Rural Dev Agency,580000,628000,196700,1,10-06-2023,25-10-2023,,Stalled,TRUE,TRUE,FALSE,,1.08,0.31,585,1.35
MPLADS-02575,SELVAGANAPATHI T M,Tamil Nadu,SALEM,Other Public Facilities,District PWD,665000,618000,0,0,09-12-2023,28-09-2024,,Not Started,TRUE,TRUE,FALSE,,0.93,0,246,-0.9
MPLADS-02576,SELVAGANAPATHI T M,Tamil Nadu,SALEM,Other Public Facilities,Zila Parishad,1161000,1137000,357400,1,28-01-2024,25-06-2024,,In Progress,TRUE,TRUE,FALSE,,0.98,0.31,341,0.27
MPLADS-02577,SELVAGANAPATHI T M,Tamil Nadu,SALEM,Other Public Facilities,State Rural Dev Agency,1080000,1115000,909000,2,13-10-2024,08-02-2025,16-03-2025,Completed,TRUE,TRUE,TRUE,duplicate_work,1.03,0.82,36,0.22
MPLADS-02578,SELVAGANAPATHI T M,Tamil Nadu,SALEM,"Railways, Roads, Pathways & Bridges",Municipal Corporation,1115000,1098000,445100,1,24-03-2023,21-08-2023,,In Progress,TRUE,TRUE,FALSE,,0.98,0.41,650,0.31
MPLADS-02579,SELVAGANAPATHI T M,Tamil Nadu,SALEM,Other Public Facilities,District PWD,644000,675000,527900,3,16-09-2024,03-09-2025,03-09-2025,Completed,TRUE,TRUE,FALSE,,1.05,0.78,0,-0.77
MPLADS-02580,SELVAGANAPATHI T M,Tamil Nadu,SALEM,Others,Gram Panchayat,768000,836000,683700,3,15-01-2024,18-06-2024,27-07-2024,Completed,TRUE,TRUE,FALSE,,1.09,0.82,39,0.01
MPLADS-02581,SELVARAJ V,Tamil Nadu,NAGAPATTINAM(SC),Education,Gram Panchayat,930000,902000,633900,2,19-07-2024,30-11-2024,,In Progress,TRUE,TRUE,FALSE,,0.97,0.7,183,-0.26
MPLADS-02582,SELVARAJ V,Tamil Nadu,NAGAPATTINAM(SC),Drinking Water Facility,Cooperative Society,921000,1048000,464000,2,13-01-2024,25-09-2024,,In Progress,TRUE,TRUE,FALSE,,1.14,0.44,249,0.4
MPLADS-02583,SELVARAJ V,Tamil Nadu,NAGAPATTINAM(SC),Other Public Facilities,Zila Parishad,1136000,1140000,984800,2,24-07-2023,08-03-2024,29-03-2024,Completed,TRUE,TRUE,FALSE,,1,0.86,21,0.28
MPLADS-02584,SELVARAJ V,Tamil Nadu,NAGAPATTINAM(SC),Other Public Facilities,Zila Parishad,1152000,1084000,493400,1,14-08-2024,05-12-2024,,In Progress,TRUE,TRUE,FALSE,,0.94,0.46,178,0.15
MPLADS-02585,SELVARAJ V,Tamil Nadu,NAGAPATTINAM(SC),Other Public Facilities,State Rural Dev Agency,800000,883000,342800,1,01-07-2023,27-02-2024,,Stalled,TRUE,TRUE,FALSE,,1.1,0.39,460,-0.3
MPLADS-02586,SELVARAJ V,Tamil Nadu,NAGAPATTINAM(SC),Other Public Facilities,Cooperative Society,1131000,1024000,0,0,06-12-2023,10-05-2024,,Not Started,TRUE,TRUE,FALSE,,0.91,0,387,0.02
MPLADS-02587,SHAFI PARAMBIL,Kerala,VADAKARA,Others,State Rural Dev Agency,754000,822000,695100,2,13-03-2023,05-07-2023,24-07-2023,Completed,FALSE,TRUE,FALSE,,1.09,0.85,19,0.94
MPLADS-02588,SHAFI PARAMBIL,Kerala,VADAKARA,"Railways, Roads, Pathways & Bridges",Municipal Corporation,828000,783000,0,0,26-04-2024,28-10-2024,,Not Started,TRUE,TRUE,FALSE,,0.95,0,216,0.24
MPLADS-02589,SHAFI PARAMBIL,Kerala,VADAKARA,Drinking Water Facility,State Rural Dev Agency,832000,949000,797000,2,04-07-2024,03-11-2024,09-12-2024,Completed,TRUE,TRUE,FALSE,,1.14,0.84,36,0.86
MPLADS-02590,SHAFI PARAMBIL,Kerala,VADAKARA,Education,Gram Panchayat,494000,461000,398100,4,25-01-2023,21-07-2023,28-07-2023,Completed,TRUE,TRUE,FALSE,,0.93,0.86,7,-2.13
MPLADS-02591,SHAFI PARAMBIL,Kerala,VADAKARA,Other Public Facilities,Cooperative Society,594000,583000,508600,3,10-02-2023,06-08-2023,12-08-2023,Completed,TRUE,TRUE,FALSE,,0.98,0.87,6,-0.49
MPLADS-02592,SHAFI PARAMBIL,Kerala,VADAKARA,Sanitation & Public Health,Municipal Corporation,663000,621000,534100,2,26-03-2024,30-06-2024,28-06-2024,Completed,TRUE,TRUE,FALSE,,0.94,0.86,-2,0.92
MPLADS-02593,SHAFI PARAMBIL,Kerala,VADAKARA,Other Public Facilities,Gram Panchayat,663000,609000,0,0,16-08-2024,25-06-2025,,Not Started,TRUE,TRUE,FALSE,,0.92,0,0,-0.44
MPLADS-02594,SHAFI PARAMBIL,Kerala,VADAKARA,"Railways, Roads, Pathways & Bridges",Zila Parishad,907000,827000,691400,3,03-11-2024,28-03-2025,07-05-2025,Completed,TRUE,TRUE,FALSE,,0.91,0.84,40,0.52
MPLADS-02595,SHAFI PARAMBIL,Kerala,VADAKARA,"Railways, Roads, Pathways & Bridges",Cooperative Society,508000,566000,506200,1,28-09-2023,22-03-2024,18-03-2024,Completed,TRUE,TRUE,FALSE,,1.11,0.89,-4,-1.15
MPLADS-02596,SHAMBHAVI,Bihar,SAMASTIPUR(SC),Other Public Facilities,Cooperative Society,728000,796000,0,0,18-05-2024,25-04-2025,,Not Started,TRUE,TRUE,FALSE,,1.09,0,37,0.63
MPLADS-02597,SHAMBHAVI,Bihar,SAMASTIPUR(SC),"Railways, Roads, Pathways & Bridges",Municipal Corporation,683000,686000,584300,2,31-03-2024,09-12-2024,22-12-2024,Completed,TRUE,TRUE,FALSE,,1,0.85,13,0.05
MPLADS-02598,SHAMBHAVI,Bihar,SAMASTIPUR(SC),Drinking Water Facility,District PWD,705000,775000,712100,2,31-08-2024,13-04-2025,07-04-2025,Completed,TRUE,TRUE,FALSE,,1.1,0.92,-6,0.26
MPLADS-02599,SHAMBHAVI,Bihar,SAMASTIPUR(SC),Other Public Facilities,Municipal Corporation,628000,603000,0,0,15-08-2023,18-06-2024,,Not Started,TRUE,TRUE,FALSE,,0.96,0,348,-0.31
MPLADS-02600,SHAMBHAVI,Bihar,SAMASTIPUR(SC),Sanitation & Public Health,Cooperative Society,504000,592000,235400,1,12-06-2023,26-01-2024,,In Progress,FALSE,TRUE,TRUE,no_tender_high_value,1.17,0.4,492,-0.56
MPLADS-02601,SHAMBHAVI,Bihar,SAMASTIPUR(SC),Other Public Facilities,State Rural Dev Agency,727000,787000,599800,2,29-10-2023,18-05-2024,17-06-2024,Completed,TRUE,TRUE,FALSE,,1.08,0.76,30,0.58
MPLADS-02602,SHAMBHAVI,Bihar,SAMASTIPUR(SC),Others,Zila Parishad,497000,560000,184500,0,27-10-2023,04-01-2023,,Stalled,TRUE,TRUE,TRUE,delayed_stalled,1.13,0.33,879,-0.39
MPLADS-02603,SHAMBHAVI,Bihar,SAMASTIPUR(SC),"Railways, Roads, Pathways & Bridges",Cooperative Society,678000,632000,591700,3,20-08-2024,18-07-2025,02-09-2025,Completed,TRUE,TRUE,FALSE,,0.93,0.94,46,-0.13
MPLADS-02604,SHAMBHAVI,Bihar,SAMASTIPUR(SC),Drinking Water Facility,State Rural Dev Agency,806000,893000,587900,2,04-06-2024,17-01-2025,,In Progress,TRUE,TRUE,FALSE,,1.11,0.66,135,0.6
MPLADS-02605,Shankar Lalwani,Madhya Pradesh,INDORE,Other Public Facilities,State Rural Dev Agency,254000,273000,118200,1,24-06-2023,11-10-2023,,Stalled,TRUE,TRUE,FALSE,,1.07,0.43,599,-0.56
MPLADS-02606,Shankar Lalwani,Madhya Pradesh,INDORE,Other Public Facilities,Cooperative Society,280000,255000,115900,1,18-11-2023,01-10-2024,,In Progress,TRUE,TRUE,FALSE,,0.91,0.45,243,-0.7
MPLADS-02607,Shankar Lalwani,Madhya Pradesh,INDORE,"Railways, Roads, Pathways & Bridges",Gram Panchayat,252000,276000,0,0,23-06-2023,18-12-2023,,Not Started,TRUE,TRUE,FALSE,,1.1,0,531,-0.85
MPLADS-02608,Shankar Lalwani,Madhya Pradesh,INDORE,"Railways, Roads, Pathways & Bridges",Zila Parishad,319000,342000,167100,1,15-01-2023,11-10-2023,,In Progress,TRUE,TRUE,TRUE,duplicate_work,1.07,0.49,599,0.11
MPLADS-02609,Shankar Lalwani,Madhya Pradesh,INDORE,Others,District PWD,263000,269000,210400,2,18-08-2023,16-07-2024,03-07-2024,Completed,TRUE,TRUE,FALSE,,1.02,0.78,-13,-0.47
MPLADS-02610,Shankar Lalwani,Madhya Pradesh,INDORE,Drinking Water Facility,Cooperative Society,345000,332000,294700,4,27-10-2024,17-04-2025,16-05-2025,Completed,TRUE,TRUE,FALSE,,0.96,0.89,29,-0.04
MPLADS-02611,Shankar Lalwani,Madhya Pradesh,INDORE,Other Public Facilities,State Rural Dev Agency,381000,378000,0,0,13-01-2023,26-06-2023,,Not Started,TRUE,TRUE,FALSE,,0.99,0,706,0.21
MPLADS-02612,SHASHANK MANI,Uttar Pradesh,DEORIA,"Railways, Roads, Pathways & Bridges",Cooperative Society,320000,298000,200900,3,22-08-2023,16-07-2024,,In Progress,TRUE,TRUE,FALSE,,0.93,0.67,320,-0.52
MPLADS-02613,SHASHANK MANI,Uttar Pradesh,DEORIA,Drinking Water Facility,State Rural Dev Agency,285000,270000,85300,1,12-04-2023,10-09-2023,,Stalled,TRUE,TRUE,FALSE,,0.95,0.32,630,-0.63
MPLADS-02614,SHASHANK MANI,Uttar Pradesh,DEORIA,"Railways, Roads, Pathways & Bridges",State Rural Dev Agency,243000,256000,0,0,04-07-2024,27-03-2025,,Not Started,TRUE,TRUE,FALSE,,1.05,0,66,-0.85
MPLADS-02615,SHASHANK MANI,Uttar Pradesh,DEORIA,Education,Cooperative Society,417000,431000,360300,2,19-06-2024,16-10-2024,28-11-2024,Completed,TRUE,TRUE,FALSE,,1.03,0.84,43,0.18
MPLADS-02616,SHASHANK MANI,Uttar Pradesh,DEORIA,Other Public Facilities,Zila Parishad,297000,325000,0,0,28-10-2024,29-07-2025,,Not Started,TRUE,TRUE,FALSE,,1.09,0,0,-0.35
MPLADS-02617,Shatrughan Sinha,West Bengal,ASANSOL,"Railways, Roads, Pathways & Bridges",Cooperative Society,583000,646000,36200,0,11-02-2023,20-08-2023,,Stalled,TRUE,TRUE,FALSE,,1.11,0.06,651,-0.14
MPLADS-02618,Shatrughan Sinha,West Bengal,ASANSOL,Education,Zila Parishad,774000,886000,577300,2,14-07-2023,16-12-2023,,In Progress,TRUE,TRUE,FALSE,,1.14,0.65,533,1.43
MPLADS-02619,SHER SINGH GHUBAYA,Punjab,FIROZPUR,Others,State Rural Dev Agency,247000,243000,218500,2,19-06-2024,02-05-2025,12-06-2025,Completed,TRUE,TRUE,FALSE,,0.98,0.9,41,-0.44
MPLADS-02620,SHER SINGH GHUBAYA,Punjab,FIROZPUR,"Railways, Roads, Pathways & Bridges",Municipal Corporation,159000,178000,57300,1,03-05-2024,19-03-2025,,In Progress,TRUE,TRUE,FALSE,,1.12,0.32,74,-0.83
MPLADS-02621,SHER SINGH GHUBAYA,Punjab,FIROZPUR,Others,Gram Panchayat,253000,266000,212800,2,11-10-2024,16-03-2025,07-04-2025,Completed,TRUE,TRUE,FALSE,,1.05,0.8,22,-0.36
MPLADS-02622,SHER SINGH GHUBAYA,Punjab,FIROZPUR,Other Public Facilities,Municipal Corporation,197000,218000,177800,3,22-07-2023,01-02-2024,17-03-2024,Completed,TRUE,TRUE,FALSE,,1.11,0.82,45,-0.25
MPLADS-02623,SHIVMANGAL SINGH TOMAR,Madhya Pradesh,MORENA,"Railways, Roads, Pathways & Bridges",Cooperative Society,342000,338000,254900,2,05-08-2024,10-03-2025,16-03-2025,Completed,TRUE,TRUE,FALSE,,0.99,0.75,6,0.05
MPLADS-02624,SHIVMANGAL SINGH TOMAR,Madhya Pradesh,MORENA,Other Public Facilities,State Rural Dev Agency,341000,392000,0,0,29-03-2024,29-01-2025,,Not Started,TRUE,TRUE,FALSE,,1.15,0,123,0.31
MPLADS-02625,SHIVMANGAL SINGH TOMAR,Madhya Pradesh,MORENA,"Railways, Roads, Pathways & Bridges",Municipal Corporation,286000,318000,90600,1,12-04-2024,18-07-2024,,Stalled,TRUE,TRUE,FALSE,,1.11,0.28,318,-0.24
MPLADS-02626,SHIVMANGAL SINGH TOMAR,Madhya Pradesh,MORENA,"Railways, Roads, Pathways & Bridges",Municipal Corporation,261000,291000,141900,1,19-05-2024,19-04-2025,,In Progress,TRUE,TRUE,FALSE,,1.11,0.49,43,-0.64
MPLADS-02627,SHIVMANGAL SINGH TOMAR,Madhya Pradesh,MORENA,Education,Municipal Corporation,392000,428000,358200,2,22-10-2024,31-08-2025,21-09-2025,Completed,TRUE,TRUE,FALSE,,1.09,0.84,21,1.2
MPLADS-02628,SHIVMANGAL SINGH TOMAR,Madhya Pradesh,MORENA,Other Public Facilities,Zila Parishad,329000,366000,222400,2,25-11-2024,17-03-2025,,In Progress,TRUE,TRUE,FALSE,,1.11,0.61,76,0.12
MPLADS-02629,SHIVMANGAL SINGH TOMAR,Madhya Pradesh,MORENA,"Railways, Roads, Pathways & Bridges",Gram Panchayat,354000,322000,253700,2,14-05-2024,26-01-2025,04-03-2025,Completed,TRUE,TRUE,FALSE,,0.91,0.79,37,-0.19
MPLADS-02630,SHIVMANGAL SINGH TOMAR,Madhya Pradesh,MORENA,Other Public Facilities,District PWD,283000,273000,224200,2,17-06-2023,30-11-2023,24-01-2024,Completed,TRUE,TRUE,FALSE,,0.96,0.82,55,-0.56
MPLADS-02631,SHIVRAJ SINGH CHOUHAN,Madhya Pradesh,VIDISHA,"Railways, Roads, Pathways & Bridges",Zila Parishad,425000,447000,374300,2,29-03-2024,11-11-2024,21-11-2024,Completed,TRUE,TRUE,FALSE,,1.05,0.84,10,1.63
MPLADS-02632,SHIVRAJ SINGH CHOUHAN,Madhya Pradesh,VIDISHA,"Railways, Roads, Pathways & Bridges",Municipal Corporation,376000,394000,0,0,22-04-2023,04-01-2024,,Not Started,TRUE,TRUE,FALSE,,1.05,0,514,0.86
MPLADS-02633,SHOBHA KARANDLAJE,Karnataka,BANGALORE NORTH,Sanitation & Public Health,Zila Parishad,831000,952000,491800,1,27-06-2024,11-12-2024,,In Progress,TRUE,TRUE,FALSE,,1.15,0.52,172,1.48
MPLADS-02634,SHOBHA KARANDLAJE,Karnataka,BANGALORE NORTH,"Railways, Roads, Pathways & Bridges",Gram Panchayat,790000,823000,154800,0,07-08-2024,18-02-2025,,In Progress,TRUE,TRUE,FALSE,,1.04,0.19,103,1.2
MPLADS-02635,SHOBHA KARANDLAJE,Karnataka,BANGALORE NORTH,"Railways, Roads, Pathways & Bridges",State Rural Dev Agency,676000,766000,0,0,25-06-2023,15-05-2024,,Not Started,TRUE,TRUE,FALSE,,1.13,0,382,0.75
MPLADS-02636,SHOBHA KARANDLAJE,Karnataka,BANGALORE NORTH,Other Public Facilities,Municipal Corporation,600000,578000,286400,1,30-04-2024,25-04-2025,,In Progress,TRUE,TRUE,FALSE,,0.96,0.5,37,-0.41
MPLADS-02637,SHOBHA KARANDLAJE,Karnataka,BANGALORE NORTH,Education,Municipal Corporation,839000,783000,180900,0,23-08-2023,17-06-2024,,Stalled,TRUE,TRUE,FALSE,,0.93,0.23,349,0.61
MPLADS-02638,SHOBHA KARANDLAJE,Karnataka,BANGALORE NORTH,Education,Cooperative Society,469000,1381000,1305600,2,15-01-2024,17-11-2024,02-12-2024,Completed,TRUE,TRUE,TRUE,cost_overrun,2.94,0.95,15,3.99
MPLADS-02639,SHOBHANABEN MAHENDRASINH BARAIYA,Gujarat,SABARKANTHA,Other Public Facilities,Gram Panchayat,230000,260000,219300,1,19-11-2023,24-07-2024,15-09-2024,Completed,TRUE,TRUE,FALSE,,1.13,0.84,53,-0.35
MPLADS-02640,SHOBHANABEN MAHENDRASINH BARAIYA,Gujarat,SABARKANTHA,"Railways, Roads, Pathways & Bridges",Municipal Corporation,347000,315000,0,0,06-01-2023,03-08-2023,,Not Started,TRUE,FALSE,TRUE,no_mp_recommendation,0.91,0,668,0.03
MPLADS-02641,SHOBHANABEN MAHENDRASINH BARAIYA,Gujarat,SABARKANTHA,Education,District PWD,343000,362000,0,0,23-10-2024,11-08-2025,,Not Started,TRUE,TRUE,FALSE,,1.06,0,0,1.6
MPLADS-02642,SHOBHANABEN MAHENDRASINH BARAIYA,Gujarat,SABARKANTHA,Others,Municipal Corporation,319000,321000,266700,3,22-12-2024,17-07-2025,08-09-2025,Completed,TRUE,TRUE,FALSE,,1.01,0.83,53,-0.07
MPLADS-02643,SHOBHANABEN MAHENDRASINH BARAIYA,Gujarat,SABARKANTHA,Other Public Facilities,State Rural Dev Agency,264000,252000,244000,2,25-01-2023,09-11-2023,07-12-2023,Completed,TRUE,TRUE,FALSE,,0.95,0.97,28,-0.49
MPLADS-02644,SHOBHANABEN MAHENDRASINH BARAIYA,Gujarat,SABARKANTHA,Other Public Facilities,Municipal Corporation,363000,408000,0,0,24-07-2023,18-01-2024,,Not Started,TRUE,TRUE,FALSE,,1.12,0,500,2.28
MPLADS-02645,SHOBHANABEN MAHENDRASINH BARAIYA,Gujarat,SABARKANTHA,Other Public Facilities,Cooperative Society,297000,308000,262200,3,20-04-2023,29-03-2024,20-04-2024,Completed,TRUE,TRUE,FALSE,,1.04,0.85,22,0.5
MPLADS-02646,SHOBHANABEN MAHENDRASINH BARAIYA,Gujarat,SABARKANTHA,"Railways, Roads, Pathways & Bridges",Cooperative Society,199000,179000,84000,2,30-08-2024,06-08-2025,,In Progress,TRUE,TRUE,FALSE,,0.9,0.47,0,-1.01
MPLADS-02647,SHREYAS. M. PATEL,Karnataka,HASSAN,"Railways, Roads, Pathways & Bridges",Municipal Corporation,535000,519000,51900,0,04-02-2024,04-11-2024,,In Progress,TRUE,TRUE,FALSE,,0.97,0.1,209,-1.24
MPLADS-02648,SHREYAS. M. PATEL,Karnataka,HASSAN,Other Public Facilities,Municipal Corporation,460000,431000,202300,1,13-09-2024,30-04-2025,,In Progress,TRUE,TRUE,FALSE,,0.94,0.47,32,-0.99
MPLADS-02649,SHREYAS. M. PATEL,Karnataka,HASSAN,Other Public Facilities,Gram Panchayat,685000,642000,316900,1,10-10-2023,05-06-2024,,In Progress,TRUE,TRUE,FALSE,,0.94,0.49,361,-0.16
MPLADS-02650,SHREYAS. M. PATEL,Karnataka,HASSAN,Education,Cooperative Society,643000,599000,574500,4,18-05-2023,22-11-2023,,Not Started,TRUE,TRUE,TRUE,ghost_project,0.93,0.96,557,-0.44
MPLADS-02651,SHREYAS. M. PATEL,Karnataka,HASSAN,Others,State Rural Dev Agency,472000,455000,0,0,28-02-2024,28-01-2025,,Not Started,TRUE,FALSE,TRUE,no_mp_recommendation,0.96,0,124,-1.22
MPLADS-02652,Shri  Dharambir Singh,Haryana,BHIWANI MAHENDRAGARH,"Railways, Roads, Pathways & Bridges",State Rural Dev Agency,472000,520000,163600,0,24-07-2023,31-03-2024,,In Progress,TRUE,TRUE,FALSE,,1.1,0.31,427,-0.21
MPLADS-02653,Shri  Dharambir Singh,Haryana,BHIWANI MAHENDRAGARH,Other Public Facilities,District PWD,357000,398000,347300,2,07-11-2024,18-06-2025,03-08-2025,Completed,TRUE,TRUE,FALSE,,1.11,0.87,46,-0.84
MPLADS-02654,Shri  Dharambir Singh,Haryana,BHIWANI MAHENDRAGARH,Education,Cooperative Society,575000,1043000,0,0,24-05-2023,24-10-2023,,Not Started,FALSE,TRUE,TRUE,no_tender_high_value,1.81,0,586,1.68
MPLADS-02655,Shri Abhishek Banerjee,West Bengal,DIAMOND HARBOUR,Education,Cooperative Society,445000,468000,118500,0,18-11-2023,05-05-2024,,Stalled,TRUE,TRUE,FALSE,,1.05,0.25,392,-1.4
MPLADS-02656,Shri Abhishek Banerjee,West Bengal,DIAMOND HARBOUR,Drinking Water Facility,Municipal Corporation,619000,667000,652900,4,08-08-2023,01-05-2024,26-04-2024,Not Started,TRUE,TRUE,TRUE,ghost_project,1.08,0.98,-5,-0.11
MPLADS-02657,Shri Abhishek Banerjee,West Bengal,DIAMOND HARBOUR,"Railways, Roads, Pathways & Bridges",Cooperative Society,511000,544000,420700,2,23-07-2023,20-07-2024,,In Progress,TRUE,TRUE,FALSE,,1.06,0.77,316,-0.53
MPLADS-02658,Shri Abhishek Banerjee,West Bengal,DIAMOND HARBOUR,Education,Gram Panchayat,829000,947000,882100,4,24-01-2023,07-09-2023,10-09-2023,Completed,TRUE,TRUE,FALSE,,1.14,0.93,3,1.84
MPLADS-02659,Shri Amar Singh,Punjab,FATEHGARH SAHIB(SC),Other Public Facilities,Municipal Corporation,202000,192000,0,0,19-02-2023,13-09-2023,,Not Started,TRUE,TRUE,FALSE,,0.95,0,627,-0.81
MPLADS-02660,Shri Amar Singh,Punjab,FATEHGARH SAHIB(SC),"Railways, Roads, Pathways & Bridges",Municipal Corporation,190000,172000,68100,1,17-01-2023,09-11-2023,,In Progress,TRUE,TRUE,FALSE,,0.91,0.4,570,-0.98
MPLADS-02661,Shri Amar Singh,Punjab,FATEHGARH SAHIB(SC),"Railways, Roads, Pathways & Bridges",Cooperative Society,226000,247000,124900,1,05-07-2024,07-05-2025,,In Progress,TRUE,TRUE,FALSE,,1.09,0.51,25,0.82
MPLADS-02662,Shri Amar Singh,Punjab,FATEHGARH SAHIB(SC),Others,State Rural Dev Agency,273000,284000,139400,1,19-03-2023,27-10-2023,,In Progress,TRUE,TRUE,FALSE,,1.04,0.49,583,-0.3
MPLADS-02663,Shri Amar Singh,Punjab,FATEHGARH SAHIB(SC),Other Public Facilities,Gram Panchayat,200000,214000,0,0,12-06-2023,07-10-2023,,Not Started,TRUE,TRUE,FALSE,,1.07,0,603,-0.33
MPLADS-02664,Shri Amar Singh,Punjab,FATEHGARH SAHIB(SC),"Railways, Roads, Pathways & Bridges",Cooperative Society,149000,154000,60400,1,16-09-2024,21-07-2025,,In Progress,TRUE,TRUE,FALSE,,1.03,0.39,0,-1.41
MPLADS-02665,Shri Amar Singh,Punjab,FATEHGARH SAHIB(SC),Other Public Facilities,Cooperative Society,239000,235000,0,0,17-03-2024,22-09-2024,,Not Started,TRUE,TRUE,FALSE,,0.98,0,252,0.12
MPLADS-02666,Shri Amar Singh,Punjab,FATEHGARH SAHIB(SC),Other Public Facilities,Municipal Corporation,165000,149000,74600,2,05-06-2023,13-02-2024,,In Progress,TRUE,TRUE,FALSE,,0.9,0.5,474,-1.75
MPLADS-02667,Shri Amit Shah,Gujarat,GANDHINAGAR,Others,Gram Panchayat,251000,249000,170000,2,09-04-2024,01-03-2025,,In Progress,TRUE,TRUE,FALSE,,0.99,0.68,92,-0.51
MPLADS-02668,Shri Amit Shah,Gujarat,GANDHINAGAR,Sanitation & Public Health,Gram Panchayat,347000,355000,133000,2,22-01-2023,21-09-2022,13-10-2023,Stalled,TRUE,TRUE,TRUE,delayed_stalled,1.02,0.37,387,1.27
MPLADS-02669,Shri Amit Shah,Gujarat,GANDHINAGAR,Others,Zila Parishad,368000,410000,323700,3,20-01-2023,15-07-2023,10-09-2023,Completed,TRUE,TRUE,FALSE,,1.11,0.79,57,0.47
MPLADS-02670,Shri Amit Shah,Gujarat,GANDHINAGAR,Education,Cooperative Society,317000,287000,190400,2,21-08-2024,29-12-2024,,In Progress,TRUE,TRUE,FALSE,,0.91,0.66,154,0.32
MPLADS-02671,Shri Amit Shah,Gujarat,GANDHINAGAR,Drinking Water Facility,Cooperative Society,355000,376000,0,0,25-07-2023,09-02-2024,,Not Started,TRUE,TRUE,FALSE,,1.06,0,478,1.3
MPLADS-02672,Shri Amit Shah,Gujarat,GANDHINAGAR,"Railways, Roads, Pathways & Bridges",Zila Parishad,369000,372000,335700,4,13-08-2024,20-03-2025,08-04-2025,Completed,TRUE,TRUE,FALSE,,1.01,0.9,19,0.47
MPLADS-02673,Shri Amit Shah,Gujarat,GANDHINAGAR,Other Public Facilities,Zila Parishad,316000,315000,281500,3,14-04-2023,20-07-2023,12-09-2023,Completed,TRUE,TRUE,FALSE,,1,0.89,54,0.63
MPLADS-02674,Shri Anil Firojiya,Madhya Pradesh,UJJAIN(SC),Education,Zila Parishad,289000,264000,230600,3,07-07-2024,06-11-2024,02-11-2024,Completed,TRUE,TRUE,FALSE,,0.91,0.87,-4,-0.99
MPLADS-02675,Shri Anil Firojiya,Madhya Pradesh,UJJAIN(SC),"Railways, Roads, Pathways & Bridges",Municipal Corporation,278000,251000,197300,2,04-11-2024,12-08-2025,10-09-2025,Completed,TRUE,TRUE,FALSE,,0.9,0.79,29,-1.22
MPLADS-02676,Shri Anil Firojiya,Madhya Pradesh,UJJAIN(SC),Other Public Facilities,Zila Parishad,387000,362000,146800,1,27-08-2023,06-04-2024,,Stalled,TRUE,TRUE,FALSE,,0.94,0.41,421,0.09
MPLADS-02677,Shri Anil Firojiya,Madhya Pradesh,UJJAIN(SC),"Railways, Roads, Pathways & Bridges",Cooperative Society,371000,384000,324300,3,26-03-2024,22-08-2024,26-08-2024,Completed,TRUE,FALSE,FALSE,,1.04,0.84,4,0.72
MPLADS-02678,Shri Anil Firojiya,Madhya Pradesh,UJJAIN(SC),Education,Zila Parishad,231000,231000,208300,4,02-08-2023,11-04-2024,13-04-2024,Completed,TRUE,FALSE,TRUE,no_mp_recommendation,1,0.9,2,-1.43
MPLADS-02679,Shri Arjun Ram Meghwal,Rajasthan,BIKANER(SC),"Railways, Roads, Pathways & Bridges",State Rural Dev Agency,579000,590000,275100,1,25-01-2024,20-09-2024,,In Progress,TRUE,TRUE,FALSE,,1.02,0.47,254,-0.34
MPLADS-02680,Shri Arjun Ram Meghwal,Rajasthan,BIKANER(SC),Education,District PWD,756000,784000,135800,0,15-08-2024,12-02-2025,,In Progress,TRUE,TRUE,FALSE,,1.04,0.17,109,1.59
MPLADS-02681,Shri Arjun Ram Meghwal,Rajasthan,BIKANER(SC),Other Public Facilities,Gram Panchayat,819000,879000,508400,2,15-05-2024,25-11-2024,,In Progress,TRUE,TRUE,FALSE,,1.07,0.58,188,1.96
MPLADS-02682,Shri Arjun Ram Meghwal,Rajasthan,BIKANER(SC),Other Public Facilities,Gram Panchayat,778000,764000,601800,3,15-07-2023,01-02-2024,24-03-2024,Completed,TRUE,TRUE,FALSE,,0.98,0.79,52,1.08
MPLADS-02683,Shri Arun Kumar Sagar,Uttar Pradesh,SHAHJAHANPUR(SC),Other Public Facilities,Gram Panchayat,256000,256000,234100,2,19-09-2023,26-07-2024,,Not Started,TRUE,FALSE,TRUE,ghost_project,1,0.91,310,-0.75
MPLADS-02684,Shri Arun Kumar Sagar,Uttar Pradesh,SHAHJAHANPUR(SC),Others,Municipal Corporation,280000,255000,215300,2,06-03-2024,29-01-2025,10-03-2025,Completed,TRUE,TRUE,FALSE,,0.91,0.84,40,-1.31
MPLADS-02685,Shri Arun Kumar Sagar,Uttar Pradesh,SHAHJAHANPUR(SC),Others,Cooperative Society,347000,395000,296800,2,08-03-2023,22-10-2023,08-11-2023,Completed,TRUE,TRUE,FALSE,,1.14,0.75,17,0.47
MPLADS-02686,Shri Arun Kumar Sagar,Uttar Pradesh,SHAHJAHANPUR(SC),Education,District PWD,240000,232000,227600,3,28-03-2023,23-08-2023,,Not Started,TRUE,TRUE,TRUE,ghost_project,0.97,0.98,648,-0.8
MPLADS-02687,Shri Arun Kumar Sagar,Uttar Pradesh,SHAHJAHANPUR(SC),Other Public Facilities,Zila Parishad,408000,465000,243100,1,09-10-2023,02-07-2024,,In Progress,TRUE,TRUE,FALSE,,1.14,0.52,334,0.45
MPLADS-02688,Shri Arun Kumar Sagar,Uttar Pradesh,SHAHJAHANPUR(SC),Others,Cooperative Society,361000,351000,138300,1,01-07-2023,20-04-2024,,In Progress,TRUE,TRUE,FALSE,,0.97,0.39,407,-0.09
MPLADS-02689,Shri Arun Kumar Sagar,Uttar Pradesh,SHAHJAHANPUR(SC),"Railways, Roads, Pathways & Bridges",Cooperative Society,364000,411000,0,0,26-04-2024,13-03-2025,,Not Started,TRUE,TRUE,FALSE,,1.13,0,80,0.38
MPLADS-02690,Shri Arun Kumar Sagar,Uttar Pradesh,SHAHJAHANPUR(SC),Education,Gram Panchayat,251000,255000,222800,2,07-11-2024,30-08-2025,07-09-2025,Completed,TRUE,FALSE,TRUE,no_mp_recommendation,1.02,0.87,8,-0.69
MPLADS-02691,Shri Arun Kumar Sagar,Uttar Pradesh,SHAHJAHANPUR(SC),"Railways, Roads, Pathways & Bridges",Cooperative Society,255000,269000,243400,4,26-06-2023,25-10-2023,11-12-2023,Completed,TRUE,TRUE,FALSE,,1.05,0.9,47,-0.75
MPLADS-02692,Shri B Y Raghavendra,Karnataka,SHIMOGA,Other Public Facilities,District PWD,712000,1059000,579400,1,05-07-2023,18-02-2024,31-03-2024,Completed,FALSE,TRUE,TRUE,no_tender_high_value,1.49,0.55,42,1.5
MPLADS-02693,Shri B Y Raghavendra,Karnataka,SHIMOGA,Other Public Facilities,Municipal Corporation,682000,668000,557100,4,24-05-2024,08-03-2025,19-04-2025,Completed,TRUE,TRUE,FALSE,,0.98,0.83,42,-0.05
MPLADS-02694,Shri B Y Raghavendra,Karnataka,SHIMOGA,Education,Gram Panchayat,711000,747000,586100,3,28-09-2024,20-05-2025,10-07-2025,Completed,TRUE,TRUE,TRUE,duplicate_work,1.05,0.78,51,0.4
MPLADS-02695,Shri B Y Raghavendra,Karnataka,SHIMOGA,Other Public Facilities,State Rural Dev Agency,623000,688000,331200,1,05-02-2023,06-09-2023,,In Progress,TRUE,TRUE,FALSE,,1.1,0.48,634,0.03
MPLADS-02696,Shri B Y Raghavendra,Karnataka,SHIMOGA,"Railways, Roads, Pathways & Bridges",District PWD,576000,538000,0,0,22-01-2024,27-10-2024,,Not Started,TRUE,TRUE,FALSE,,0.93,0,217,-1.09
MPLADS-02697,Shri B Y Raghavendra,Karnataka,SHIMOGA,"Railways, Roads, Pathways & Bridges",District PWD,619000,590000,502500,3,16-01-2023,26-12-2023,11-12-2023,Completed,TRUE,TRUE,FALSE,,0.95,0.85,-15,-0.67
MPLADS-02698,Shri Benny Behanan,Kerala,CHALAKUDY,Education,State Rural Dev Agency,643000,701000,307600,0,26-04-2023,01-01-2024,,Stalled,TRUE,TRUE,FALSE,,1.09,0.44,517,-0.65
MPLADS-02699,Shri Benny Behanan,Kerala,CHALAKUDY,Others,Municipal Corporation,621000,714000,586700,2,26-03-2024,13-03-2025,07-05-2025,Completed,TRUE,FALSE,TRUE,no_mp_recommendation,1.15,0.82,55,0.21
MPLADS-02700,Shri Benny Behanan,Kerala,CHALAKUDY,"Railways, Roads, Pathways & Bridges",Cooperative Society,603000,635000,475200,3,02-05-2024,11-08-2024,,In Progress,TRUE,TRUE,FALSE,,1.05,0.75,294,-0.71
MPLADS-02701,Shri Benny Behanan,Kerala,CHALAKUDY,Others,Gram Panchayat,661000,680000,539900,2,06-07-2024,09-02-2025,31-03-2025,Completed,TRUE,TRUE,FALSE,,1.03,0.79,50,-0.02
MPLADS-02702,Shri Benny Behanan,Kerala,CHALAKUDY,Education,Zila Parishad,938000,885000,705200,3,19-05-2024,10-09-2024,,In Progress,TRUE,TRUE,FALSE,,0.94,0.8,264,0.48
MPLADS-02703,Shri Benny Behanan,Kerala,CHALAKUDY,Others,District PWD,896000,921000,789900,1,11-06-2024,09-03-2025,03-04-2025,Completed,TRUE,TRUE,FALSE,,1.03,0.86,25,1.61
MPLADS-02704,Shri Benny Behanan,Kerala,CHALAKUDY,Education,Zila Parishad,925000,903000,496900,1,08-04-2023,21-03-2024,,In Progress,TRUE,TRUE,FALSE,,0.98,0.55,437,0.59
MPLADS-02705,Shri Benny Behanan,Kerala,CHALAKUDY,Education,Cooperative Society,780000,851000,733000,2,20-08-2023,03-04-2024,23-05-2024,Completed,TRUE,TRUE,FALSE,,1.09,0.86,50,0.27
MPLADS-02706,Shri Benny Behanan,Kerala,CHALAKUDY,Other Public Facilities,Municipal Corporation,800000,755000,473600,1,18-04-2024,26-03-2025,,In Progress,TRUE,TRUE,FALSE,,0.94,0.63,67,-0.13
MPLADS-02707,Shri Benny Behanan,Kerala,CHALAKUDY,"Railways, Roads, Pathways & Bridges",Cooperative Society,868000,804000,672600,3,15-05-2023,13-10-2023,02-11-2023,Completed,TRUE,TRUE,FALSE,,0.93,0.84,20,0.37
MPLADS-02708,Shri Bhartruhari Mahtab,Odisha,CUTTACK,Drinking Water Facility,Zila Parishad,266000,285000,124200,1,05-02-2023,19-11-2023,,In Progress,TRUE,TRUE,FALSE,,1.07,0.44,560,0.58
MPLADS-02709,Shri Bhartruhari Mahtab,Odisha,CUTTACK,"Railways, Roads, Pathways & Bridges",Zila Parishad,320000,344000,284200,1,06-07-2023,08-12-2023,13-12-2023,Completed,TRUE,TRUE,FALSE,,1.08,0.83,5,0.55
MPLADS-02710,Shri Bhartruhari Mahtab,Odisha,CUTTACK,"Railways, Roads, Pathways & Bridges",Municipal Corporation,268000,280000,236600,1,15-06-2023,05-03-2024,11-04-2024,Completed,FALSE,TRUE,FALSE,,1.04,0.84,37,0.05
MPLADS-02711,Shri Bhartruhari Mahtab,Odisha,CUTTACK,"Railways, Roads, Pathways & Bridges",Gram Panchayat,224000,210000,118600,2,12-07-2023,30-10-2023,,In Progress,TRUE,TRUE,FALSE,,0.94,0.56,580,-0.5
MPLADS-02712,Shri Bhartruhari Mahtab,Odisha,CUTTACK,Other Public Facilities,Cooperative Society,274000,297000,140300,2,08-08-2023,19-01-2024,,In Progress,TRUE,TRUE,FALSE,,1.08,0.47,499,0.96
MPLADS-02713,Shri Bhartruhari Mahtab,Odisha,CUTTACK,"Railways, Roads, Pathways & Bridges",Zila Parishad,200000,194000,87600,2,14-10-2023,06-10-2024,,In Progress,TRUE,TRUE,FALSE,,0.97,0.45,238,-0.63
MPLADS-02714,Shri Bhartruhari Mahtab,Odisha,CUTTACK,Other Public Facilities,Gram Panchayat,320000,313000,301900,2,19-09-2023,18-03-2024,05-05-2024,Completed,TRUE,TRUE,FALSE,,0.98,0.96,48,1.3
MPLADS-02715,Shri Bhartruhari Mahtab,Odisha,CUTTACK,Others,Municipal Corporation,248000,281000,107100,3,10-11-2024,06-04-2024,17-06-2025,Stalled,TRUE,TRUE,TRUE,delayed_stalled,1.13,0.38,437,-0.1
MPLADS-02716,Shri Bhartruhari Mahtab,Odisha,CUTTACK,Others,State Rural Dev Agency,279000,269000,0,0,06-03-2023,09-02-2024,,Not Started,TRUE,FALSE,TRUE,duplicate_work,0.96,0,478,-0.22
MPLADS-02717,Shri Bhartruhari Mahtab,Odisha,CUTTACK,Education,District PWD,181000,204000,170200,3,10-05-2023,25-10-2023,25-10-2023,Completed,TRUE,TRUE,FALSE,,1.13,0.83,0,-0.62
MPLADS-02718,Shri Chandra Prakash Choudhary,Jharkhand,GIRIDIH,Drinking Water Facility,Gram Panchayat,469000,426000,170700,0,17-07-2024,12-05-2025,,In Progress,TRUE,TRUE,FALSE,,0.91,0.4,20,-0.76
MPLADS-02719,Shri Chandra Prakash Choudhary,Jharkhand,GIRIDIH,Other Public Facilities,State Rural Dev Agency,363000,368000,122200,1,22-03-2024,15-10-2024,,In Progress,TRUE,TRUE,FALSE,,1.01,0.33,229,-0.57
MPLADS-02720,Shri Chandra Prakash Choudhary,Jharkhand,GIRIDIH,Drinking Water Facility,Zila Parishad,494000,454000,358700,3,06-07-2023,25-11-2023,19-12-2023,Completed,TRUE,TRUE,FALSE,,0.92,0.79,24,-0.37
MPLADS-02721,Shri Chandra Prakash Choudhary,Jharkhand,GIRIDIH,"Railways, Roads, Pathways & Bridges",Cooperative Society,330000,322000,0,0,26-05-2023,12-02-2024,,Not Started,TRUE,FALSE,FALSE,,0.98,0,475,-0.97
MPLADS-02722,Shri Chandra Prakash Choudhary,Jharkhand,GIRIDIH,"Railways, Roads, Pathways & Bridges",State Rural Dev Agency,537000,529000,348600,2,29-12-2023,10-10-2024,,In Progress,TRUE,TRUE,FALSE,,0.99,0.66,234,1.21
MPLADS-02723,Shri Chandra Prakash Choudhary,Jharkhand,GIRIDIH,"Railways, Roads, Pathways & Bridges",Cooperative Society,510000,563000,502800,2,21-06-2024,05-01-2025,01-02-2025,Completed,TRUE,TRUE,FALSE,,1.1,0.89,27,1.56
MPLADS-02724,Shri Chandra Prakash Choudhary,Jharkhand,GIRIDIH,Other Public Facilities,Cooperative Society,336000,304000,241700,2,27-06-2024,07-12-2024,03-12-2024,Completed,TRUE,TRUE,FALSE,,0.9,0.8,-4,-0.77
MPLADS-02725,Shri Deepak (Dev) Adhikari,West Bengal,GHATAL,Sanitation & Public Health,Cooperative Society,528000,549000,218800,0,11-10-2024,12-04-2024,,Stalled,TRUE,TRUE,TRUE,delayed_stalled,1.04,0.4,415,-1.02
MPLADS-02726,Shri Deepak (Dev) Adhikari,West Bengal,GHATAL,Sanitation & Public Health,Zila Parishad,850000,882000,446500,1,05-06-2023,22-04-2024,,In Progress,TRUE,TRUE,FALSE,,1.04,0.51,405,1.62
MPLADS-02727,Shri Deepak (Dev) Adhikari,West Bengal,GHATAL,"Railways, Roads, Pathways & Bridges",Gram Panchayat,598000,628000,475500,2,13-10-2023,18-06-2024,18-07-2024,Completed,TRUE,TRUE,FALSE,,1.05,0.76,30,-0.21
MPLADS-02728,Shri Deepak (Dev) Adhikari,West Bengal,GHATAL,Education,Zila Parishad,699000,652000,245000,0,18-06-2024,24-11-2024,,Stalled,TRUE,TRUE,FALSE,,0.93,0.38,189,-0.16
MPLADS-02729,Shri Deepak (Dev) Adhikari,West Bengal,GHATAL,Education,Municipal Corporation,830000,911000,718400,2,04-11-2023,25-04-2024,17-06-2024,Completed,TRUE,TRUE,FALSE,,1.1,0.79,53,1.6
MPLADS-02730,Shri Deepak (Dev) Adhikari,West Bengal,GHATAL,"Railways, Roads, Pathways & Bridges",District PWD,865000,967000,410300,1,02-08-2023,07-03-2024,,Stalled,TRUE,TRUE,FALSE,,1.12,0.42,451,1.06
MPLADS-02731,Shri Deepak (Dev) Adhikari,West Bengal,GHATAL,"Railways, Roads, Pathways & Bridges",Zila Parishad,637000,718000,653300,1,25-02-2024,27-05-2024,08-07-2024,Completed,TRUE,TRUE,FALSE,,1.13,0.91,42,0.13
MPLADS-02732,Shri Deepak (Dev) Adhikari,West Bengal,GHATAL,Drinking Water Facility,Zila Parishad,710000,761000,0,0,05-02-2024,21-05-2024,,Not Started,TRUE,TRUE,FALSE,,1.07,0,376,0.21
MPLADS-02733,Shri Deepak (Dev) Adhikari,West Bengal,GHATAL,Other Public Facilities,Municipal Corporation,462000,431000,0,0,12-09-2023,10-06-2024,,Not Started,TRUE,TRUE,FALSE,,0.93,0,356,-0.9
MPLADS-02734,Shri Deepak (Dev) Adhikari,West Bengal,GHATAL,"Railways, Roads, Pathways & Bridges",Cooperative Society,666000,751000,0,0,24-05-2023,26-08-2023,,Not Started,TRUE,TRUE,FALSE,,1.13,0,645,0.25
MPLADS-02735,Shri Deepak (Dev) Adhikari,West Bengal,GHATAL,"Railways, Roads, Pathways & Bridges",Municipal Corporation,436000,409000,364600,2,05-06-2023,28-12-2023,10-02-2024,Completed,TRUE,TRUE,FALSE,,0.94,0.89,44,-1.04
MPLADS-02736,Shri Deepak (Dev) Adhikari,West Bengal,GHATAL,"Railways, Roads, Pathways & Bridges",Cooperative Society,657000,722000,279200,1,12-01-2023,26-11-2023,,In Progress,TRUE,TRUE,FALSE,,1.1,0.39,553,0.14
MPLADS-02737,Shri Gurjeet Singh Aujla,Punjab,AMRITSAR,Education,District PWD,234000,252000,123700,1,04-09-2024,20-01-2025,,In Progress,TRUE,TRUE,FALSE,,1.08,0.49,132,0.46
MPLADS-02738,Shri Gurjeet Singh Aujla,Punjab,AMRITSAR,"Railways, Roads, Pathways & Bridges",Cooperative Society,254000,234000,123600,1,08-07-2024,13-11-2024,,In Progress,TRUE,TRUE,FALSE,,0.92,0.53,200,0.51
MPLADS-02739,Shri Gurjeet Singh Aujla,Punjab,AMRITSAR,Other Public Facilities,Municipal Corporation,240000,240000,0,0,16-12-2023,13-10-2024,,Not Started,TRUE,TRUE,FALSE,,1,0,231,0.23
MPLADS-02740,Shri Gurjeet Singh Aujla,Punjab,AMRITSAR,"Railways, Roads, Pathways & Bridges",Cooperative Society,242000,274000,87000,1,26-04-2023,29-01-2024,,In Progress,TRUE,TRUE,FALSE,,1.13,0.32,489,1.46
MPLADS-02741,Shri Gurjeet Singh Aujla,Punjab,AMRITSAR,Other Public Facilities,State Rural Dev Agency,242000,278000,0,0,09-12-2024,18-03-2025,,Not Started,TRUE,TRUE,FALSE,,1.15,0,75,1.06
MPLADS-02742,Shri Hanuman Beniwal,Rajasthan,NAGAUR,Drinking Water Facility,Municipal Corporation,502000,560000,495800,3,16-04-2023,23-12-2023,16-02-2024,Completed,TRUE,TRUE,FALSE,,1.12,0.89,55,0.11
MPLADS-02743,Shri Hanuman Beniwal,Rajasthan,NAGAUR,"Railways, Roads, Pathways & Bridges",Gram Panchayat,484000,555000,0,0,05-09-2023,20-06-2024,,Not Started,TRUE,TRUE,FALSE,,1.15,0,346,-0.44
MPLADS-02744,Shri Hanuman Beniwal,Rajasthan,NAGAUR,Other Public Facilities,Cooperative Society,584000,570000,480100,2,07-03-2024,17-07-2024,02-09-2024,Completed,TRUE,TRUE,FALSE,,0.98,0.84,47,-0.41
MPLADS-02745,Shri Hanuman Beniwal,Rajasthan,NAGAUR,"Railways, Roads, Pathways & Bridges",Cooperative Society,623000,563000,105400,0,10-10-2023,30-03-2024,,Stalled,TRUE,TRUE,FALSE,,0.9,0.19,428,-0.42
MPLADS-02746,Shri Hibi Eden,Kerala,ERNAKULAM,"Railways, Roads, Pathways & Bridges",Gram Panchayat,489000,513000,97200,0,15-09-2023,07-08-2024,,Stalled,TRUE,TRUE,TRUE,duplicate_work,1.05,0.19,298,-1.49
MPLADS-02747,Shri Hibi Eden,Kerala,ERNAKULAM,Other Public Facilities,Municipal Corporation,824000,777000,555400,2,06-09-2023,12-12-2023,,In Progress,TRUE,TRUE,FALSE,,0.94,0.71,537,-0.08
MPLADS-02748,Shri Hibi Eden,Kerala,ERNAKULAM,Other Public Facilities,State Rural Dev Agency,817000,901000,324400,1,17-04-2023,30-12-2023,,Stalled,TRUE,TRUE,FALSE,,1.1,0.36,519,0.17
MPLADS-02749,Shri Hibi Eden,Kerala,ERNAKULAM,Others,Gram Panchayat,896000,874000,712100,3,02-08-2024,25-05-2025,12-07-2025,Completed,TRUE,TRUE,FALSE,,0.98,0.81,48,1.3
MPLADS-02750,Shri Hibi Eden,Kerala,ERNAKULAM,"Railways, Roads, Pathways & Bridges",District PWD,935000,947000,662100,2,13-02-2023,18-06-2023,,In Progress,TRUE,TRUE,FALSE,,1.01,0.7,714,1.29
MPLADS-02751,Shri Hibi Eden,Kerala,ERNAKULAM,"Railways, Roads, Pathways & Bridges",State Rural Dev Agency,833000,916000,742100,3,12-08-2024,28-05-2025,25-05-2025,Completed,TRUE,TRUE,FALSE,,1.1,0.81,-3,1.09
MPLADS-02752,Shri Hibi Eden,Kerala,ERNAKULAM,"Railways, Roads, Pathways & Bridges",Cooperative Society,625000,625000,407200,3,19-11-2024,04-10-2025,,In Progress,TRUE,TRUE,FALSE,,1,0.65,0,-0.77
MPLADS-02753,Shri Hibi Eden,Kerala,ERNAKULAM,Others,State Rural Dev Agency,565000,535000,395700,1,10-02-2023,24-06-2023,06-08-2023,Completed,TRUE,TRUE,FALSE,,0.95,0.74,43,-1
MPLADS-02754,Shri Janardan Singh Sigriwal,Bihar,MAHARAJGANJ_BR,Education,Cooperative Society,531000,546000,481000,4,19-06-2024,13-06-2025,03-06-2025,Completed,TRUE,TRUE,FALSE,,1.03,0.88,-10,-0.75
MPLADS-02755,Shri Janardan Singh Sigriwal,Bihar,MAHARAJGANJ_BR,Education,District PWD,708000,653000,355000,2,18-03-2024,28-12-2024,,In Progress,FALSE,TRUE,FALSE,,0.92,0.54,155,0.05
MPLADS-02756,Shri Janardan Singh Sigriwal,Bihar,MAHARAJGANJ_BR,Sanitation & Public Health,District PWD,625000,592000,272700,0,07-10-2024,28-06-2025,,Stalled,TRUE,FALSE,TRUE,no_mp_recommendation,0.95,0.46,0,-0.56
MPLADS-02757,Shri Jual Oram,Odisha,SUNDARGARH (ST),Other Public Facilities,Municipal Corporation,213000,240000,0,0,12-04-2024,31-01-2025,,Not Started,TRUE,TRUE,FALSE,,1.13,0,121,-0.23
MPLADS-02758,Shri Jual Oram,Odisha,SUNDARGARH (ST),"Railways, Roads, Pathways & Bridges",District PWD,207000,236000,71600,0,27-12-2023,19-06-2024,,Stalled,TRUE,TRUE,TRUE,duplicate_work,1.14,0.3,347,-0.3
MPLADS-02759,Shri Jual Oram,Odisha,SUNDARGARH (ST),"Railways, Roads, Pathways & Bridges",Zila Parishad,297000,288000,49200,0,29-11-2023,27-05-2024,,In Progress,TRUE,TRUE,FALSE,,0.97,0.17,370,0.11
MPLADS-02760,Shri Jual Oram,Odisha,SUNDARGARH (ST),Drinking Water Facility,Cooperative Society,299000,330000,34500,0,03-08-2023,07-06-2024,,In Progress,TRUE,TRUE,FALSE,,1.1,0.1,359,1.46
MPLADS-02761,Shri Jual Oram,Odisha,SUNDARGARH (ST),Other Public Facilities,Gram Panchayat,184000,171000,0,0,15-02-2024,30-01-2025,,Not Started,TRUE,TRUE,FALSE,,0.93,0,122,-1.69
MPLADS-02762,Shri Jual Oram,Odisha,SUNDARGARH (ST),Sanitation & Public Health,Zila Parishad,309000,355000,287600,2,02-04-2023,15-12-2023,13-01-2024,Completed,TRUE,TRUE,FALSE,,1.15,0.81,29,1.27
MPLADS-02763,Shri Jugal Kishore Sharma,Jammu And Kashmir,JAMMU,Others,Cooperative Society,1840000,1892000,0,0,21-11-2023,25-10-2024,,Not Started,TRUE,TRUE,FALSE,,1.03,0,219,2.12
MPLADS-02764,Shri Jugal Kishore Sharma,Jammu And Kashmir,JAMMU,"Railways, Roads, Pathways & Bridges",Gram Panchayat,1192000,1270000,1127600,3,20-02-2024,04-10-2024,05-11-2024,Completed,TRUE,TRUE,FALSE,,1.07,0.89,32,-0.3
MPLADS-02765,Shri Jugal Kishore Sharma,Jammu And Kashmir,JAMMU,"Railways, Roads, Pathways & Bridges",Gram Panchayat,1019000,1053000,1009000,2,27-07-2023,16-12-2023,15-01-2024,Completed,TRUE,TRUE,FALSE,,1.03,0.96,30,-0.65
MPLADS-02766,Shri Jugal Kishore Sharma,Jammu And Kashmir,JAMMU,Other Public Facilities,District PWD,1769000,2033000,0,0,06-01-2024,21-11-2024,,Not Started,TRUE,TRUE,FALSE,,1.15,0,192,-0.04
MPLADS-02767,Shri Jugal Kishore Sharma,Jammu And Kashmir,JAMMU,"Railways, Roads, Pathways & Bridges",State Rural Dev Agency,1626000,1845000,1373700,2,14-07-2023,09-12-2023,,In Progress,TRUE,TRUE,FALSE,,1.13,0.74,540,0.63
MPLADS-02768,Shri Jugal Kishore Sharma,Jammu And Kashmir,JAMMU,"Railways, Roads, Pathways & Bridges",Cooperative Society,1679000,1682000,0,0,31-10-2023,15-02-2024,,Not Started,TRUE,TRUE,FALSE,,1,0,472,0.36
MPLADS-02769,Shri Jugal Kishore Sharma,Jammu And Kashmir,JAMMU,Other Public Facilities,Cooperative Society,1287000,1269000,1115900,3,19-03-2023,04-09-2023,20-09-2023,Completed,TRUE,TRUE,FALSE,,0.99,0.88,16,-0.48
MPLADS-02770,Shri Jyotirmay Singh Mahato,West Bengal,PURULIA,Other Public Facilities,Municipal Corporation,711000,677000,0,0,19-02-2024,09-12-2024,,Not Started,TRUE,TRUE,FALSE,,0.95,0,174,0.06
MPLADS-02771,Shri Jyotirmay Singh Mahato,West Bengal,PURULIA,Others,Cooperative Society,507000,552000,414200,2,11-02-2024,03-06-2024,28-06-2024,Completed,TRUE,TRUE,FALSE,,1.09,0.75,25,-0.82
MPLADS-02772,Shri Jyotirmay Singh Mahato,West Bengal,PURULIA,Education,Zila Parishad,800000,721000,510400,1,28-10-2023,17-06-2024,,In Progress,TRUE,TRUE,FALSE,,0.9,0.71,349,0.31
MPLADS-02773,Shri Jyotirmay Singh Mahato,West Bengal,PURULIA,Other Public Facilities,Municipal Corporation,797000,883000,0,0,29-03-2024,07-08-2024,,Not Started,TRUE,TRUE,FALSE,,1.11,0,298,0.86
MPLADS-02774,Shri Jyotirmay Singh Mahato,West Bengal,PURULIA,"Railways, Roads, Pathways & Bridges",Zila Parishad,801000,866000,414900,2,27-01-2023,20-09-2023,,In Progress,TRUE,TRUE,FALSE,,1.08,0.48,620,0.68
MPLADS-02775,Shri Karti P Chidambaram,Tamil Nadu,SIVAGANGA,Other Public Facilities,Municipal Corporation,1051000,3695000,3229100,2,20-08-2023,25-02-2024,07-02-2024,Completed,TRUE,TRUE,TRUE,cost_overrun,3.52,0.87,-18,6.06
MPLADS-02776,Shri Karti P Chidambaram,Tamil Nadu,SIVAGANGA,Drinking Water Facility,Gram Panchayat,973000,915000,288900,0,07-09-2023,07-07-2024,,Stalled,TRUE,TRUE,FALSE,,0.94,0.32,329,-0.26
MPLADS-02777,Shri Karti P Chidambaram,Tamil Nadu,SIVAGANGA,"Railways, Roads, Pathways & Bridges",Zila Parishad,943000,945000,550100,1,29-02-2024,06-02-2025,,In Progress,TRUE,TRUE,FALSE,,1,0.58,115,-0.14
MPLADS-02778,Shri Karti P Chidambaram,Tamil Nadu,SIVAGANGA,Education,Gram Panchayat,767000,795000,592800,2,15-06-2024,22-04-2025,,In Progress,TRUE,TRUE,FALSE,,1.04,0.75,40,-0.5
MPLADS-02779,Shri Karti P Chidambaram,Tamil Nadu,SIVAGANGA,"Railways, Roads, Pathways & Bridges",Municipal Corporation,893000,819000,396100,1,25-09-2023,03-07-2024,,In Progress,TRUE,TRUE,FALSE,,0.92,0.48,333,-0.52
MPLADS-02780,Shri Karti P Chidambaram,Tamil Nadu,SIVAGANGA,Others,Municipal Corporation,660000,738000,738000,4,17-03-2024,26-09-2024,15-11-2024,Completed,TRUE,TRUE,FALSE,,1.12,1,50,-0.62
MPLADS-02781,Shri Karti P Chidambaram,Tamil Nadu,SIVAGANGA,"Railways, Roads, Pathways & Bridges",Cooperative Society,1109000,1187000,1093400,3,07-07-2024,13-10-2024,04-10-2024,Completed,TRUE,TRUE,FALSE,,1.07,0.92,-9,0.57
MPLADS-02782,Shri Karti P Chidambaram,Tamil Nadu,SIVAGANGA,Other Public Facilities,State Rural Dev Agency,1005000,1097000,0,0,10-09-2023,15-05-2024,,Not Started,TRUE,TRUE,FALSE,,1.09,0,382,0.18
MPLADS-02783,Shri Karti P Chidambaram,Tamil Nadu,SIVAGANGA,Others,State Rural Dev Agency,616000,611000,468700,2,26-12-2024,12-10-2025,,In Progress,TRUE,TRUE,FALSE,,0.99,0.77,0,-1.44
MPLADS-02784,Shri Kumbakudi Sudhakaran,Kerala,KANNUR,Other Public Facilities,State Rural Dev Agency,941000,977000,473100,0,22-08-2023,07-04-2024,,In Progress,TRUE,TRUE,FALSE,,1.04,0.48,420,0.33
MPLADS-02785,Shri LS Tejasvi Surya,Karnataka,BANGALORE SOUTH,Other Public Facilities,State Rural Dev Agency,799000,906000,300100,0,18-08-2023,03-05-2024,,In Progress,TRUE,TRUE,FALSE,,1.13,0.33,394,0.89
MPLADS-02786,Shri LS Tejasvi Surya,Karnataka,BANGALORE SOUTH,Other Public Facilities,Zila Parishad,468000,500000,295100,1,24-03-2024,22-01-2025,,In Progress,TRUE,TRUE,FALSE,,1.07,0.59,130,-0.72
MPLADS-02787,Shri LS Tejasvi Surya,Karnataka,BANGALORE SOUTH,Others,Municipal Corporation,498000,561000,207900,1,23-01-2023,12-06-2022,,Stalled,TRUE,TRUE,TRUE,delayed_stalled,1.13,0.37,1085,-0.39
MPLADS-02788,Shri M K Raghavan,Kerala,KOZHIKODE,Other Public Facilities,District PWD,604000,677000,0,0,03-05-2024,07-02-2025,,Not Started,TRUE,TRUE,FALSE,,1.12,0,114,-0.29
MPLADS-02789,Shri Narendra Modi,Uttar Pradesh,VARANASI,Other Public Facilities,Cooperative Society,343000,326000,179700,2,10-10-2023,15-02-2024,,In Progress,TRUE,TRUE,FALSE,,0.95,0.55,472,-0.35
MPLADS-02790,Shri Narendra Modi,Uttar Pradesh,VARANASI,"Railways, Roads, Pathways & Bridges",Gram Panchayat,370000,412000,229800,2,04-09-2024,16-12-2024,,In Progress,TRUE,TRUE,FALSE,,1.11,0.56,167,0.38
MPLADS-02791,Shri Narendra Modi,Uttar Pradesh,VARANASI,Education,Municipal Corporation,268000,253000,125800,1,09-08-2023,16-07-2024,,In Progress,TRUE,TRUE,FALSE,,0.94,0.5,320,-0.7
MPLADS-02792,Shri Narendra Modi,Uttar Pradesh,VARANASI,Other Public Facilities,Gram Panchayat,399000,408000,347900,4,05-12-2023,26-10-2024,16-10-2024,Completed,TRUE,TRUE,FALSE,,1.02,0.85,-10,0.13
MPLADS-02793,Shri NK Premachandran,Kerala,KOLLAM,"Railways, Roads, Pathways & Bridges",District PWD,538000,527000,0,0,28-05-2023,16-04-2024,,Not Started,TRUE,TRUE,FALSE,,0.98,0,411,-1.4
MPLADS-02794,Shri NK Premachandran,Kerala,KOLLAM,Other Public Facilities,District PWD,563000,566000,522000,2,16-09-2024,15-01-2025,07-01-2025,Completed,TRUE,TRUE,FALSE,,1.01,0.92,-8,-0.53
MPLADS-02795,Shri NK Premachandran,Kerala,KOLLAM,Drinking Water Facility,Zila Parishad,892000,842000,782100,2,20-09-2024,24-12-2024,25-01-2025,Completed,TRUE,TRUE,FALSE,,0.94,0.93,32,-0.13
MPLADS-02796,Shri NK Premachandran,Kerala,KOLLAM,Others,Zila Parishad,771000,785000,190300,1,12-09-2023,07-04-2024,,Stalled,TRUE,TRUE,FALSE,,1.02,0.24,420,0.69
MPLADS-02797,Shri NK Premachandran,Kerala,KOLLAM,Other Public Facilities,District PWD,567000,590000,399200,1,31-01-2023,06-06-2023,,In Progress,TRUE,TRUE,FALSE,,1.04,0.68,726,-0.48
MPLADS-02798,Shri NK Premachandran,Kerala,KOLLAM,Other Public Facilities,Gram Panchayat,789000,825000,220700,1,07-04-2023,25-08-2023,,Stalled,TRUE,TRUE,FALSE,,1.05,0.27,646,0.02
MPLADS-02799,Shri NK Premachandran,Kerala,KOLLAM,Other Public Facilities,Zila Parishad,792000,890000,762700,4,22-02-2024,10-01-2025,09-03-2025,Completed,TRUE,TRUE,FALSE,,1.12,0.86,58,0.15
MPLADS-02800,Shri NK Premachandran,Kerala,KOLLAM,Other Public Facilities,Municipal Corporation,937000,1046000,960200,2,09-04-2023,24-01-2024,11-01-2024,Completed,TRUE,TRUE,FALSE,,1.12,0.92,-13,0.48
MPLADS-02801,Shri NK Premachandran,Kerala,KOLLAM,Education,Municipal Corporation,814000,919000,779100,3,26-05-2024,17-09-2024,04-11-2024,Completed,TRUE,TRUE,FALSE,,1.13,0.85,48,0.69
MPLADS-02802,Shri PP Chaudhary,Rajasthan,PALI,Drinking Water Facility,State Rural Dev Agency,453000,430000,313300,1,24-10-2024,11-09-2025,,In Progress,TRUE,TRUE,FALSE,,0.95,0.73,0,-0.67
MPLADS-02803,Shri PP Chaudhary,Rajasthan,PALI,Other Public Facilities,District PWD,772000,796000,717400,3,21-09-2023,26-08-2024,12-10-2024,Completed,TRUE,TRUE,FALSE,,1.03,0.9,47,1.32
MPLADS-02804,Shri PP Chaudhary,Rajasthan,PALI,Other Public Facilities,State Rural Dev Agency,457000,442000,344200,2,30-11-2024,18-03-2025,27-02-2025,Completed,TRUE,TRUE,FALSE,,0.97,0.78,-19,-1.39
MPLADS-02805,Shri Rajmohan Unnithan,Kerala,KASARAGOD,Other Public Facilities,State Rural Dev Agency,788000,752000,659100,3,13-01-2023,07-11-2023,25-10-2023,Completed,TRUE,FALSE,FALSE,,0.95,0.88,-13,-0.14
MPLADS-02806,Shri Rajmohan Unnithan,Kerala,KASARAGOD,"Railways, Roads, Pathways & Bridges",Cooperative Society,942000,1025000,895500,1,30-07-2024,10-12-2024,17-12-2024,Completed,TRUE,TRUE,FALSE,,1.09,0.87,7,1.79
MPLADS-02807,Shri Rajmohan Unnithan,Kerala,KASARAGOD,Other Public Facilities,District PWD,930000,994000,560200,1,27-09-2024,22-02-2025,,In Progress,TRUE,TRUE,FALSE,,1.07,0.56,99,0.37
MPLADS-02808,Shri Rajmohan Unnithan,Kerala,KASARAGOD,Drinking Water Facility,Gram Panchayat,768000,820000,332900,0,30-11-2024,30-07-2025,,Stalled,TRUE,TRUE,FALSE,,1.07,0.41,0,-0.33
MPLADS-02809,Shri Rajmohan Unnithan,Kerala,KASARAGOD,Drinking Water Facility,Gram Panchayat,850000,778000,0,0,24-12-2024,03-10-2025,,Not Started,TRUE,FALSE,TRUE,no_mp_recommendation,0.92,0,0,-0.72
MPLADS-02810,Shri Rajmohan Unnithan,Kerala,KASARAGOD,Other Public Facilities,District PWD,485000,458000,278900,1,01-02-2023,04-08-2023,,In Progress,TRUE,TRUE,FALSE,,0.94,0.61,667,-0.75
MPLADS-02811,Shri Sarbananda Sonowal (18LS),Assam,DIBRUGARH,Others,State Rural Dev Agency,408000,455000,149500,1,16-11-2023,28-02-2024,,Stalled,TRUE,TRUE,FALSE,,1.12,0.33,459,-0.89
MPLADS-02812,Shri Sarbananda Sonowal (18LS),Assam,DIBRUGARH,Others,Zila Parishad,396000,402000,329200,2,14-06-2024,07-05-2025,18-06-2025,Completed,TRUE,TRUE,FALSE,,1.02,0.82,42,-1.59
MPLADS-02813,Shri Sarbananda Sonowal (18LS),Assam,DIBRUGARH,Other Public Facilities,State Rural Dev Agency,317000,347000,68600,0,19-09-2024,12-02-2025,,Stalled,TRUE,TRUE,FALSE,,1.09,0.2,109,-1.26
MPLADS-02814,Shri Sarbananda Sonowal (18LS),Assam,DIBRUGARH,Sanitation & Public Health,District PWD,468000,460000,0,0,03-02-2024,20-06-2024,,Not Started,TRUE,TRUE,FALSE,,0.98,0,346,0.4
MPLADS-02815,Shri Sarbananda Sonowal (18LS),Assam,DIBRUGARH,Education,Gram Panchayat,456000,484000,366800,1,13-12-2023,17-11-2024,23-12-2024,Completed,TRUE,TRUE,FALSE,,1.06,0.76,36,-0.28
MPLADS-02816,Shri Sarbananda Sonowal (18LS),Assam,DIBRUGARH,Other Public Facilities,Gram Panchayat,602000,613000,0,0,12-07-2023,02-07-2024,,Not Started,FALSE,TRUE,FALSE,,1.02,0,334,1.21
MPLADS-02817,Shri Sarbananda Sonowal (18LS),Assam,DIBRUGARH,Drinking Water Facility,State Rural Dev Agency,403000,429000,124000,1,06-11-2024,08-04-2025,,In Progress,TRUE,TRUE,FALSE,,1.06,0.29,54,-0.37
MPLADS-02818,Shri Sarbananda Sonowal (18LS),Assam,DIBRUGARH,"Railways, Roads, Pathways & Bridges",State Rural Dev Agency,601000,585000,100800,0,04-04-2023,01-11-2023,,In Progress,TRUE,TRUE,FALSE,,0.97,0.17,578,0.42
MPLADS-02819,Shri Sarbananda Sonowal (18LS),Assam,DIBRUGARH,"Railways, Roads, Pathways & Bridges",Zila Parishad,317000,330000,109100,0,20-12-2024,12-10-2025,,In Progress,TRUE,TRUE,FALSE,,1.04,0.33,0,-0.89
MPLADS-02820,Shri Satish Kumar Gautam,Uttar Pradesh,ALIGARH,Other Public Facilities,Cooperative Society,457000,525000,415400,2,17-10-2023,15-08-2024,27-08-2024,Completed,TRUE,TRUE,FALSE,,1.15,0.79,12,0.8
MPLADS-02821,Shri Satish Kumar Gautam,Uttar Pradesh,ALIGARH,Education,Gram Panchayat,459000,494000,428700,3,12-03-2024,11-10-2024,22-09-2024,Completed,TRUE,TRUE,FALSE,,1.08,0.87,-19,0.49
MPLADS-02822,Shri Satish Kumar Gautam,Uttar Pradesh,ALIGARH,"Railways, Roads, Pathways & Bridges",Gram Panchayat,236000,233000,198200,4,17-04-2023,24-03-2024,22-05-2024,Completed,TRUE,TRUE,FALSE,,0.99,0.85,59,-1.03
MPLADS-02823,Shri Satish Kumar Gautam,Uttar Pradesh,ALIGARH,Other Public Facilities,District PWD,360000,377000,0,0,22-10-2023,16-06-2024,,Not Started,TRUE,TRUE,FALSE,,1.05,0,350,-0.05
MPLADS-02824,Shri Satish Kumar Gautam,Uttar Pradesh,ALIGARH,Education,State Rural Dev Agency,386000,359000,86300,1,12-07-2023,22-12-2023,,Stalled,TRUE,TRUE,FALSE,,0.93,0.24,527,-0.17
MPLADS-02825,Shri Satish Kumar Gautam,Uttar Pradesh,ALIGARH,Other Public Facilities,District PWD,327000,343000,292300,3,09-07-2024,02-02-2025,19-02-2025,Completed,TRUE,TRUE,FALSE,,1.05,0.85,17,-0.25
MPLADS-02826,Shri Satish Kumar Gautam,Uttar Pradesh,ALIGARH,"Railways, Roads, Pathways & Bridges",State Rural Dev Agency,255000,230000,57400,0,18-02-2023,13-08-2023,,Stalled,TRUE,TRUE,FALSE,,0.9,0.25,658,-1.06
MPLADS-02827,Shri Shantanu Thakur,West Bengal,BANGAON(SC),Other Public Facilities,State Rural Dev Agency,680000,628000,0,0,23-02-2023,03-11-2023,,Not Started,TRUE,TRUE,FALSE,,0.92,0,576,-0.13
MPLADS-02828,Shri Shantanu Thakur,West Bengal,BANGAON(SC),Others,District PWD,435000,478000,0,0,20-06-2024,24-12-2024,,Not Started,TRUE,TRUE,FALSE,,1.1,0,159,-1.37
MPLADS-02829,Shri Sudheer Gupta,Madhya Pradesh,MANDSOUR,"Railways, Roads, Pathways & Bridges",Cooperative Society,291000,335000,276300,3,08-08-2023,06-06-2024,02-08-2024,Completed,TRUE,TRUE,FALSE,,1.15,0.82,57,0
MPLADS-02830,Shri Sudheer Gupta,Madhya Pradesh,MANDSOUR,Education,Cooperative Society,297000,304000,230300,3,24-11-2023,15-06-2024,31-07-2024,Completed,TRUE,TRUE,FALSE,,1.02,0.76,46,-0.46
MPLADS-02831,Shri Sudheer Gupta,Madhya Pradesh,MANDSOUR,Other Public Facilities,Cooperative Society,304000,324000,270300,1,19-09-2024,03-01-2025,25-01-2025,Completed,TRUE,TRUE,FALSE,,1.07,0.83,22,-0.19
MPLADS-02832,Shri Sudheer Gupta,Madhya Pradesh,MANDSOUR,"Railways, Roads, Pathways & Bridges",Municipal Corporation,345000,337000,90700,0,30-04-2023,18-02-2024,,Stalled,FALSE,TRUE,FALSE,,0.98,0.27,469,0.03
MPLADS-02833,Shri Sudheer Gupta,Madhya Pradesh,MANDSOUR,Other Public Facilities,Gram Panchayat,344000,354000,154300,1,01-07-2023,09-06-2024,,Stalled,TRUE,TRUE,FALSE,,1.03,0.44,357,0.03
MPLADS-02834,Shri Sudheer Gupta,Madhya Pradesh,MANDSOUR,Others,Municipal Corporation,323000,300000,279500,3,15-02-2023,22-09-2023,17-09-2023,Completed,TRUE,TRUE,FALSE,,0.93,0.93,-5,-0.31
MPLADS-02835,Shri Suresh Kodikunnil,Kerala,MAVELIKKARA(SC),Others,Municipal Corporation,550000,568000,441600,3,08-03-2024,09-11-2024,,In Progress,TRUE,TRUE,FALSE,,1.03,0.78,204,-0.78
MPLADS-02836,Shri Suresh Kodikunnil,Kerala,MAVELIKKARA(SC),Other Public Facilities,Gram Panchayat,548000,553000,222700,1,29-07-2023,24-04-2024,,Stalled,TRUE,TRUE,FALSE,,1.01,0.4,403,-0.55
MPLADS-02837,Shri Suresh Kodikunnil,Kerala,MAVELIKKARA(SC),Others,Zila Parishad,507000,581000,506000,3,07-12-2024,28-10-2025,29-11-2025,Completed,TRUE,TRUE,FALSE,,1.15,0.87,32,-0.69
MPLADS-02838,Shri Suresh Kodikunnil,Kerala,MAVELIKKARA(SC),"Railways, Roads, Pathways & Bridges",District PWD,499000,462000,403300,2,14-05-2024,05-09-2024,28-09-2024,Completed,FALSE,TRUE,FALSE,,0.93,0.87,23,-1.82
MPLADS-02839,Shri Tapir Gao,Arunachal Pradesh,ARUNACHAL EAST,Other Public Facilities,District PWD,412000,443000,0,0,13-12-2024,11-07-2025,,Not Started,TRUE,TRUE,FALSE,,1.08,0,0,-1.06
MPLADS-02840,Shri Tapir Gao,Arunachal Pradesh,ARUNACHAL EAST,Others,District PWD,684000,691000,574800,2,14-10-2024,22-02-2025,07-04-2025,Completed,TRUE,TRUE,FALSE,,1.01,0.83,44,0.71
MPLADS-02841,Shri Tapir Gao,Arunachal Pradesh,ARUNACHAL EAST,"Railways, Roads, Pathways & Bridges",Cooperative Society,672000,654000,437600,1,07-07-2023,18-10-2023,,In Progress,TRUE,TRUE,FALSE,,0.97,0.67,592,-0.71
MPLADS-02842,Shri Tapir Gao,Arunachal Pradesh,ARUNACHAL EAST,Other Public Facilities,State Rural Dev Agency,737000,663000,594300,2,12-12-2024,17-09-2025,28-10-2025,Completed,TRUE,TRUE,FALSE,,0.9,0.9,41,1.28
MPLADS-02843,Shri Tapir Gao,Arunachal Pradesh,ARUNACHAL EAST,Drinking Water Facility,Zila Parishad,426000,463000,406400,2,25-09-2023,13-08-2024,02-08-2024,Completed,TRUE,TRUE,FALSE,,1.09,0.88,-11,0
MPLADS-02844,Shri Tapir Gao,Arunachal Pradesh,ARUNACHAL EAST,Other Public Facilities,District PWD,391000,443000,342000,2,30-03-2023,26-11-2023,,In Progress,TRUE,TRUE,FALSE,,1.13,0.77,553,-1.06
MPLADS-02845,Shri Tapir Gao,Arunachal Pradesh,ARUNACHAL EAST,Other Public Facilities,Gram Panchayat,610000,680000,476300,1,25-04-2024,07-01-2025,,In Progress,TRUE,TRUE,FALSE,,1.11,0.7,145,1.46
MPLADS-02846,Shri vijayakumar Vasanth,Tamil Nadu,KANNIYAKUMARI,Other Public Facilities,Gram Panchayat,1190000,1206000,1075800,3,08-07-2023,09-05-2024,01-07-2024,Completed,TRUE,TRUE,FALSE,,1.01,0.89,53,0.43
MPLADS-02847,Shri vijayakumar Vasanth,Tamil Nadu,KANNIYAKUMARI,"Railways, Roads, Pathways & Bridges",District PWD,973000,1112000,935300,2,22-09-2024,18-09-2025,19-10-2025,Completed,TRUE,TRUE,FALSE,,1.14,0.84,31,0.35
MPLADS-02848,Shri vijayakumar Vasanth,Tamil Nadu,KANNIYAKUMARI,Others,Zila Parishad,687000,651000,206800,1,09-11-2024,02-06-2025,,Stalled,TRUE,TRUE,FALSE,,0.95,0.32,0,-1.18
MPLADS-02849,Shri vijayakumar Vasanth,Tamil Nadu,KANNIYAKUMARI,Other Public Facilities,Municipal Corporation,782000,884000,829100,3,22-11-2023,28-10-2024,08-11-2024,Completed,FALSE,TRUE,FALSE,,1.13,0.94,11,-0.3
MPLADS-02850,Shri vijayakumar Vasanth,Tamil Nadu,KANNIYAKUMARI,Education,Gram Panchayat,856000,845000,773000,3,29-06-2023,30-11-2023,16-12-2023,Not Started,TRUE,TRUE,TRUE,ghost_project,0.99,0.91,16,-0.39
MPLADS-02851,Shri vijayakumar Vasanth,Tamil Nadu,KANNIYAKUMARI,Other Public Facilities,Zila Parishad,1077000,1070000,987000,3,25-01-2024,20-11-2024,01-11-2024,Completed,TRUE,TRUE,FALSE,,0.99,0.92,-19,0.12
MPLADS-02852,Shri vijayakumar Vasanth,Tamil Nadu,KANNIYAKUMARI,Drinking Water Facility,Gram Panchayat,996000,1122000,947400,4,04-10-2024,06-06-2025,19-07-2025,Completed,TRUE,TRUE,FALSE,,1.13,0.84,43,0.77
MPLADS-02853,Shrikant Eknath Shinde,Maharashtra,KALYAN,Others,Zila Parishad,485000,527000,0,0,13-03-2023,04-10-2023,,Not Started,TRUE,TRUE,FALSE,,1.09,0,606,-0.36
MPLADS-02854,Shrikant Eknath Shinde,Maharashtra,KALYAN,Other Public Facilities,District PWD,495000,457000,328800,3,27-05-2023,15-01-2024,,In Progress,TRUE,TRUE,FALSE,,0.92,0.72,503,-0.64
MPLADS-02855,Shrikant Eknath Shinde,Maharashtra,KALYAN,"Railways, Roads, Pathways & Bridges",Cooperative Society,607000,650000,341800,2,24-02-2024,19-02-2025,,In Progress,FALSE,TRUE,FALSE,,1.07,0.53,102,0.36
MPLADS-02856,Shrikant Eknath Shinde,Maharashtra,KALYAN,Other Public Facilities,Zila Parishad,581000,546000,486700,3,26-11-2023,08-06-2024,04-07-2024,Completed,TRUE,TRUE,FALSE,,0.94,0.89,26,-0.27
MPLADS-02857,Shrikant Eknath Shinde,Maharashtra,KALYAN,Education,State Rural Dev Agency,659000,617000,566900,4,07-01-2023,21-05-2023,15-05-2023,Completed,TRUE,TRUE,FALSE,,0.94,0.92,-6,-0.16
MPLADS-02858,Shrikant Eknath Shinde,Maharashtra,KALYAN,"Railways, Roads, Pathways & Bridges",State Rural Dev Agency,688000,659000,0,0,03-05-2023,07-12-2023,,Not Started,TRUE,TRUE,FALSE,,0.96,0,542,0.43
MPLADS-02859,SHRIMANT CHH UDAYANRAJE PRATAPSINHAMAHARAJ BHONSLE,Maharashtra,SATARA,"Railways, Roads, Pathways & Bridges",State Rural Dev Agency,644000,695000,573500,3,17-03-2023,29-08-2023,11-10-2023,Completed,TRUE,TRUE,FALSE,,1.08,0.83,43,0.7
MPLADS-02860,SHRIMANT CHH UDAYANRAJE PRATAPSINHAMAHARAJ BHONSLE,Maharashtra,SATARA,"Railways, Roads, Pathways & Bridges",Cooperative Society,383000,428000,345500,2,22-10-2024,19-04-2025,02-05-2025,Completed,TRUE,TRUE,FALSE,,1.12,0.81,13,-1.32
MPLADS-02861,SHRIMANT CHH UDAYANRAJE PRATAPSINHAMAHARAJ BHONSLE,Maharashtra,SATARA,Other Public Facilities,Cooperative Society,511000,574000,116300,0,01-09-2023,17-05-2024,,In Progress,TRUE,TRUE,FALSE,,1.12,0.2,380,-0.15
MPLADS-02862,SHRIMANT CHH UDAYANRAJE PRATAPSINHAMAHARAJ BHONSLE,Maharashtra,SATARA,Other Public Facilities,Municipal Corporation,552000,622000,343500,1,10-04-2024,21-11-2024,,In Progress,TRUE,TRUE,FALSE,,1.13,0.55,192,0.05
MPLADS-02863,SHRIMANT CHH UDAYANRAJE PRATAPSINHAMAHARAJ BHONSLE,Maharashtra,SATARA,Education,Gram Panchayat,683000,687000,638200,3,18-08-2023,29-01-2024,17-03-2024,Completed,TRUE,TRUE,FALSE,,1.01,0.93,48,0.05
MPLADS-02864,SHRIMANT CHH UDAYANRAJE PRATAPSINHAMAHARAJ BHONSLE,Maharashtra,SATARA,Other Public Facilities,Municipal Corporation,501000,455000,0,0,21-09-2023,29-07-2024,,Not Started,TRUE,FALSE,FALSE,,0.91,0,307,-0.65
MPLADS-02865,SHRIMANT CHH UDAYANRAJE PRATAPSINHAMAHARAJ BHONSLE,Maharashtra,SATARA,Other Public Facilities,Zila Parishad,413000,410000,382800,3,28-05-2023,12-09-2023,03-10-2023,Completed,TRUE,TRUE,FALSE,,0.99,0.93,21,-0.84
MPLADS-02866,Shripad Yesso Naik,Goa,NORTH GOA,Others,Gram Panchayat,2069000,2259000,1920200,2,16-02-2024,07-06-2024,06-06-2024,Completed,TRUE,TRUE,FALSE,,1.09,0.85,-1,1.13
MPLADS-02867,Shripad Yesso Naik,Goa,NORTH GOA,Other Public Facilities,Gram Panchayat,1265000,1270000,0,0,07-03-2024,16-09-2024,,Not Started,TRUE,TRUE,FALSE,,1,0,258,-0.83
MPLADS-02868,Shripad Yesso Naik,Goa,NORTH GOA,"Railways, Roads, Pathways & Bridges",Cooperative Society,1408000,1328000,1166000,3,19-04-2024,10-01-2025,04-03-2025,Completed,TRUE,TRUE,FALSE,,0.94,0.88,53,-1.07
MPLADS-02869,Shripad Yesso Naik,Goa,NORTH GOA,"Railways, Roads, Pathways & Bridges",Zila Parishad,1349000,1494000,1327000,3,26-06-2024,18-06-2025,25-06-2025,Completed,TRUE,TRUE,FALSE,,1.11,0.89,7,-0.47
MPLADS-02870,Shripad Yesso Naik,Goa,NORTH GOA,Drinking Water Facility,Gram Panchayat,1897000,2047000,0,0,06-11-2024,26-10-2025,,Not Started,TRUE,TRUE,FALSE,,1.08,0,0,0.71
MPLADS-02871,Shripad Yesso Naik,Goa,NORTH GOA,Others,District PWD,1620000,1751000,589700,1,19-01-2024,22-09-2024,,In Progress,TRUE,TRUE,FALSE,,1.08,0.34,252,-0.34
MPLADS-02872,Shripad Yesso Naik,Goa,NORTH GOA,Other Public Facilities,State Rural Dev Agency,1624000,1513000,542300,1,09-07-2024,18-02-2025,,In Progress,TRUE,TRUE,FALSE,,0.93,0.36,103,-0.08
MPLADS-02873,Shripad Yesso Naik,Goa,NORTH GOA,"Railways, Roads, Pathways & Bridges",Zila Parishad,1640000,1540000,1317100,2,27-02-2024,21-10-2024,25-10-2024,Completed,TRUE,TRUE,FALSE,,0.94,0.86,4,-0.31
MPLADS-02874,Shripad Yesso Naik,Goa,NORTH GOA,"Railways, Roads, Pathways & Bridges",Gram Panchayat,1226000,1342000,999100,3,06-11-2024,30-07-2025,06-08-2025,Completed,TRUE,TRUE,FALSE,,1.09,0.74,7,-1.02
MPLADS-02875,Shripad Yesso Naik,Goa,NORTH GOA,Others,Municipal Corporation,1595000,1598000,847800,2,25-01-2023,22-08-2023,,In Progress,TRUE,TRUE,FALSE,,1,0.53,649,-0.78
MPLADS-02876,Shripad Yesso Naik,Goa,NORTH GOA,Other Public Facilities,Zila Parishad,1452000,1374000,608700,1,27-11-2024,29-04-2025,,In Progress,TRUE,TRUE,FALSE,,0.95,0.44,33,-0.51
MPLADS-02877,Shripad Yesso Naik,Goa,NORTH GOA,"Railways, Roads, Pathways & Bridges",Zila Parishad,1614000,1705000,1384500,1,04-06-2023,20-11-2023,06-11-2023,Completed,TRUE,TRUE,FALSE,,1.06,0.81,-14,0.28
MPLADS-02878,Shrirang Appa Barne,Maharashtra,MAVAL,"Railways, Roads, Pathways & Bridges",Cooperative Society,602000,620000,539800,4,13-05-2024,21-12-2024,26-12-2024,Completed,TRUE,TRUE,FALSE,,1.03,0.87,5,0.13
MPLADS-02879,Shrirang Appa Barne,Maharashtra,MAVAL,Others,District PWD,404000,438000,0,0,05-10-2024,21-07-2025,,Not Started,TRUE,TRUE,FALSE,,1.08,0,0,-0.86
MPLADS-02880,Shrirang Appa Barne,Maharashtra,MAVAL,"Railways, Roads, Pathways & Bridges",District PWD,665000,608000,498100,3,22-01-2023,12-10-2023,20-10-2023,Completed,TRUE,TRUE,FALSE,,0.91,0.82,8,0.04
MPLADS-02881,Shrirang Appa Barne,Maharashtra,MAVAL,Other Public Facilities,Zila Parishad,521000,537000,37700,0,17-11-2023,18-03-2024,,Stalled,TRUE,TRUE,FALSE,,1.03,0.07,440,-0.31
MPLADS-02882,Shyamkumar,Maharashtra,RAMTEK(SC),Others,State Rural Dev Agency,652000,715000,0,0,11-11-2023,03-03-2024,,Not Started,TRUE,TRUE,FALSE,,1.1,0,455,0.69
MPLADS-02883,Shyamkumar,Maharashtra,RAMTEK(SC),Other Public Facilities,District PWD,710000,644000,220100,0,02-04-2024,16-03-2025,,In Progress,TRUE,TRUE,FALSE,,0.91,0.34,77,0.14
MPLADS-02884,Shyamkumar,Maharashtra,RAMTEK(SC),Other Public Facilities,District PWD,646000,599000,483500,3,29-07-2024,09-11-2024,21-12-2024,Completed,TRUE,TRUE,FALSE,,0.93,0.81,42,-0.05
MPLADS-02885,Shyamkumar,Maharashtra,RAMTEK(SC),Other Public Facilities,Cooperative Society,606000,570000,129600,0,29-06-2024,01-10-2024,,Stalled,TRUE,TRUE,FALSE,,0.94,0.23,243,-0.17
MPLADS-02886,Shyamkumar,Maharashtra,RAMTEK(SC),Sanitation & Public Health,Zila Parishad,630000,695000,580200,4,25-04-2024,20-11-2024,,In Progress,TRUE,TRUE,FALSE,,1.1,0.83,193,0.63
MPLADS-02887,Shyamkumar,Maharashtra,RAMTEK(SC),Others,District PWD,600000,585000,371200,2,27-04-2023,25-04-2024,,In Progress,TRUE,TRUE,FALSE,,0.98,0.63,402,-0.04
MPLADS-02888,Shyamkumar,Maharashtra,RAMTEK(SC),Education,District PWD,595000,597000,0,0,19-05-2023,17-04-2024,,Not Started,TRUE,TRUE,FALSE,,1,0,410,-0.21
MPLADS-02889,Shyamkumar,Maharashtra,RAMTEK(SC),Other Public Facilities,State Rural Dev Agency,702000,776000,353600,1,23-08-2024,07-06-2025,,In Progress,TRUE,TRUE,FALSE,,1.11,0.46,0,0.7
MPLADS-02890,Sivanath Kesineni,Andhra Pradesh,VIJAYAWADA,Other Public Facilities,Cooperative Society,492000,468000,422000,3,08-08-2024,26-06-2025,28-06-2025,Completed,TRUE,TRUE,FALSE,,0.95,0.9,2,0.36
MPLADS-02891,Sivanath Kesineni,Andhra Pradesh,VIJAYAWADA,Drinking Water Facility,Municipal Corporation,498000,496000,399800,3,03-08-2024,04-02-2025,23-03-2025,Completed,TRUE,TRUE,FALSE,,1,0.81,47,0.34
MPLADS-02892,Sivanath Kesineni,Andhra Pradesh,VIJAYAWADA,"Railways, Roads, Pathways & Bridges",Zila Parishad,436000,500000,473200,3,12-03-2023,13-08-2023,19-09-2023,Completed,TRUE,TRUE,FALSE,,1.15,0.95,37,0.36
MPLADS-02893,Sivanath Kesineni,Andhra Pradesh,VIJAYAWADA,Other Public Facilities,Cooperative Society,347000,353000,94600,0,24-04-2023,17-04-2024,,Stalled,TRUE,TRUE,FALSE,,1.02,0.27,410,-0.91
MPLADS-02894,SK NURUL ISLAM,West Bengal,BASIRHAT,"Railways, Roads, Pathways & Bridges",Municipal Corporation,613000,670000,215500,3,25-11-2023,15-10-2023,13-01-2025,Stalled,TRUE,TRUE,TRUE,delayed_stalled,1.09,0.32,456,-0.05
MPLADS-02895,SK NURUL ISLAM,West Bengal,BASIRHAT,"Railways, Roads, Pathways & Bridges",State Rural Dev Agency,830000,929000,199100,0,09-09-2024,21-03-2025,,Stalled,TRUE,TRUE,FALSE,,1.12,0.21,72,0.92
MPLADS-02896,SK NURUL ISLAM,West Bengal,BASIRHAT,"Railways, Roads, Pathways & Bridges",State Rural Dev Agency,444000,415000,30300,0,03-03-2024,30-09-2024,,Stalled,TRUE,TRUE,FALSE,,0.93,0.07,244,-1.01
MPLADS-02897,SK NURUL ISLAM,West Bengal,BASIRHAT,Other Public Facilities,Municipal Corporation,480000,542000,175900,0,14-10-2023,14-09-2024,,Stalled,TRUE,FALSE,FALSE,,1.13,0.32,260,-0.47
MPLADS-02898,SK NURUL ISLAM,West Bengal,BASIRHAT,Education,Gram Panchayat,491000,812000,489800,3,20-06-2023,18-12-2023,13-01-2024,Completed,FALSE,TRUE,TRUE,no_tender_high_value,1.65,0.6,26,0.93
MPLADS-02899,SMITA UDAY WAGH,Maharashtra,JALGAON,Others,Cooperative Society,568000,1453000,1193200,1,19-03-2024,07-02-2025,24-03-2025,Completed,TRUE,TRUE,TRUE,cost_overrun,2.56,0.82,45,4.81
MPLADS-02900,SMITA UDAY WAGH,Maharashtra,JALGAON,Others,State Rural Dev Agency,463000,439000,117100,0,14-04-2024,10-01-2025,,In Progress,TRUE,TRUE,FALSE,,0.95,0.27,142,-0.85
MPLADS-02901,SMITA UDAY WAGH,Maharashtra,JALGAON,Others,Gram Panchayat,386000,348000,110200,1,11-01-2023,27-08-2023,,In Progress,FALSE,TRUE,FALSE,,0.9,0.32,644,-1.36
MPLADS-02902,SMITA UDAY WAGH,Maharashtra,JALGAON,Education,Gram Panchayat,721000,651000,551900,2,25-01-2024,17-01-2025,15-02-2025,Completed,TRUE,TRUE,FALSE,,0.9,0.85,29,-0.05
MPLADS-02903,SMITA UDAY WAGH,Maharashtra,JALGAON,"Railways, Roads, Pathways & Bridges",Gram Panchayat,587000,563000,498800,1,10-12-2023,30-05-2024,30-05-2024,Completed,TRUE,TRUE,FALSE,,0.96,0.89,0,-0.3
MPLADS-02904,SMITA UDAY WAGH,Maharashtra,JALGAON,Sanitation & Public Health,Municipal Corporation,684000,629000,507700,3,21-02-2024,20-01-2025,,In Progress,TRUE,TRUE,FALSE,,0.92,0.81,132,0.2
MPLADS-02905,SMITA UDAY WAGH,Maharashtra,JALGAON,Others,Gram Panchayat,438000,503000,416500,3,19-07-2024,12-04-2025,07-05-2025,Completed,TRUE,TRUE,TRUE,duplicate_work,1.15,0.83,25,-0.49
MPLADS-02906,SMITA UDAY WAGH,Maharashtra,JALGAON,Other Public Facilities,State Rural Dev Agency,417000,377000,320700,3,18-11-2024,01-03-2025,29-03-2025,Completed,TRUE,TRUE,FALSE,,0.9,0.85,28,-0.98
MPLADS-02907,Smt Anupriya Patel,Uttar Pradesh,MIRZAPUR,"Railways, Roads, Pathways & Bridges",Zila Parishad,243000,273000,241700,3,27-04-2023,10-02-2024,09-04-2024,Completed,TRUE,TRUE,FALSE,,1.12,0.89,59,-0.72
MPLADS-02908,Smt Anupriya Patel,Uttar Pradesh,MIRZAPUR,Drinking Water Facility,Zila Parishad,283000,307000,255300,2,18-03-2023,19-02-2024,18-02-2024,Completed,TRUE,TRUE,FALSE,,1.08,0.83,-1,-0.41
MPLADS-02909,Smt Anupriya Patel,Uttar Pradesh,MIRZAPUR,Other Public Facilities,Municipal Corporation,457000,497000,0,0,31-03-2023,15-09-2023,,Not Started,FALSE,FALSE,FALSE,,1.09,0,625,0.64
MPLADS-02910,Smt Anupriya Patel,Uttar Pradesh,MIRZAPUR,Education,Gram Panchayat,428000,468000,402000,4,24-09-2024,02-06-2025,03-06-2025,Completed,TRUE,TRUE,FALSE,,1.09,0.86,1,0.36
MPLADS-02911,Smt Aparajita Sarangi,Odisha,BHUBANESWAR,Others,District PWD,220000,234000,0,0,08-10-2024,09-06-2025,,Not Started,TRUE,TRUE,FALSE,,1.06,0,0,-0.58
MPLADS-02912,Smt Aparajita Sarangi,Odisha,BHUBANESWAR,Other Public Facilities,District PWD,264000,291000,138300,1,27-02-2023,21-08-2023,,In Progress,TRUE,TRUE,FALSE,,1.1,0.48,650,0.84
MPLADS-02913,Smt Aparajita Sarangi,Odisha,BHUBANESWAR,Education,Cooperative Society,276000,261000,237400,4,10-07-2023,12-04-2024,23-04-2024,Completed,TRUE,FALSE,FALSE,,0.95,0.91,11,-0.1
MPLADS-02914,Smt Aparajita Sarangi,Odisha,BHUBANESWAR,Other Public Facilities,Cooperative Society,296000,333000,305300,4,27-08-2023,28-05-2024,31-05-2024,Completed,TRUE,TRUE,FALSE,,1.12,0.92,3,1.72
MPLADS-02915,Smt Aparajita Sarangi,Odisha,BHUBANESWAR,Other Public Facilities,Gram Panchayat,235000,253000,213500,2,26-06-2024,20-05-2025,17-07-2025,Completed,TRUE,TRUE,FALSE,,1.08,0.84,58,0.04
MPLADS-02916,Smt Aparajita Sarangi,Odisha,BHUBANESWAR,"Railways, Roads, Pathways & Bridges",State Rural Dev Agency,205000,230000,102800,1,11-09-2024,19-03-2025,,In Progress,TRUE,TRUE,FALSE,,1.12,0.45,74,-0.34
MPLADS-02917,Smt Dimple Yadav,Uttar Pradesh,MAINPURI,Others,Zila Parishad,311000,341000,273400,2,04-03-2023,02-08-2023,12-09-2023,Completed,TRUE,TRUE,FALSE,,1.1,0.8,41,-0.22
MPLADS-02918,Smt Dimple Yadav,Uttar Pradesh,MAINPURI,Education,Cooperative Society,404000,371000,313400,3,27-09-2023,24-06-2024,31-07-2024,Completed,TRUE,TRUE,FALSE,,0.92,0.84,37,-0.12
MPLADS-02919,Smt Dimple Yadav,Uttar Pradesh,MAINPURI,Other Public Facilities,Municipal Corporation,272000,285000,230500,3,07-05-2023,19-04-2024,,In Progress,TRUE,TRUE,FALSE,,1.05,0.81,408,-0.58
MPLADS-02920,Smt Dimple Yadav,Uttar Pradesh,MAINPURI,Education,State Rural Dev Agency,393000,444000,411100,2,22-08-2023,22-11-2023,10-01-2024,Completed,TRUE,TRUE,FALSE,,1.13,0.93,49,0.24
MPLADS-02921,Smt Dimple Yadav,Uttar Pradesh,MAINPURI,Drinking Water Facility,Municipal Corporation,428000,1106000,964800,2,27-02-2024,27-01-2025,,In Progress,TRUE,TRUE,TRUE,cost_overrun,2.58,0.87,125,4.37
MPLADS-02922,Smt Dimple Yadav,Uttar Pradesh,MAINPURI,Education,Municipal Corporation,312000,314000,214500,2,04-09-2023,24-06-2024,,In Progress,TRUE,TRUE,FALSE,,1.01,0.68,342,-0.4
MPLADS-02923,Smt Dimple Yadav,Uttar Pradesh,MAINPURI,Other Public Facilities,Municipal Corporation,403000,365000,0,0,16-10-2023,05-07-2024,,Not Started,TRUE,TRUE,FALSE,,0.91,0,331,-0.12
MPLADS-02924,Smt Dimple Yadav,Uttar Pradesh,MAINPURI,Drinking Water Facility,Cooperative Society,420000,435000,280900,2,03-03-2023,30-01-2024,,In Progress,TRUE,TRUE,FALSE,,1.04,0.65,488,0.35
MPLADS-02925,Smt Harsimrat Kaur Badal,Punjab,BHATINDA,"Railways, Roads, Pathways & Bridges",State Rural Dev Agency,204000,196000,183900,3,01-04-2024,27-03-2025,19-04-2025,Completed,TRUE,TRUE,FALSE,,0.96,0.94,23,-0.4
MPLADS-02926,Smt Hema Malini,Uttar Pradesh,MATHURA,"Railways, Roads, Pathways & Bridges",State Rural Dev Agency,411000,428000,190300,1,06-01-2024,06-10-2024,,In Progress,TRUE,TRUE,FALSE,,1.04,0.44,238,0.51
MPLADS-02927,Smt Hema Malini,Uttar Pradesh,MATHURA,Others,Gram Panchayat,346000,398000,128200,0,26-09-2023,07-05-2024,,In Progress,TRUE,TRUE,FALSE,,1.15,0.32,390,0.51
MPLADS-02928,Smt Hema Malini,Uttar Pradesh,MATHURA,Drinking Water Facility,Cooperative Society,240000,270000,186000,2,15-01-2024,25-11-2024,,In Progress,TRUE,TRUE,FALSE,,1.12,0.69,188,-0.63
MPLADS-02929,Smt Hema Malini,Uttar Pradesh,MATHURA,Others,Gram Panchayat,295000,323000,298700,4,14-07-2023,19-03-2024,16-05-2024,Completed,TRUE,TRUE,FALSE,,1.09,0.92,58,-0.45
MPLADS-02930,Smt Hema Malini,Uttar Pradesh,MATHURA,Others,Gram Panchayat,367000,349000,0,0,21-04-2024,05-12-2024,,Not Started,TRUE,TRUE,FALSE,,0.95,0,178,-0.12
MPLADS-02931,Smt Hema Malini,Uttar Pradesh,MATHURA,Other Public Facilities,Cooperative Society,231000,237000,0,0,19-04-2024,20-09-2024,,Not Started,TRUE,TRUE,FALSE,,1.03,0,254,-0.86
MPLADS-02932,Smt Hema Malini,Uttar Pradesh,MATHURA,"Railways, Roads, Pathways & Bridges",Municipal Corporation,385000,372000,310000,1,30-01-2024,05-08-2024,29-09-2024,Completed,FALSE,TRUE,FALSE,,0.97,0.83,55,0.07
MPLADS-02933,Smt Himadri Singh,Madhya Pradesh,SHAHDOL (ST),Education,District PWD,373000,348000,82200,0,26-01-2024,20-07-2024,,Stalled,TRUE,TRUE,FALSE,,0.93,0.24,316,0.13
MPLADS-02934,Smt Himadri Singh,Madhya Pradesh,SHAHDOL (ST),Drinking Water Facility,State Rural Dev Agency,332000,316000,0,0,20-03-2024,25-06-2024,,Not Started,TRUE,TRUE,FALSE,,0.95,0,341,-0.25
MPLADS-02935,Smt Himadri Singh,Madhya Pradesh,SHAHDOL (ST),"Railways, Roads, Pathways & Bridges",Municipal Corporation,422000,403000,341700,3,08-07-2023,05-04-2024,19-04-2024,Completed,FALSE,TRUE,FALSE,,0.95,0.85,14,0.99
MPLADS-02936,Smt Himadri Singh,Madhya Pradesh,SHAHDOL (ST),Other Public Facilities,State Rural Dev Agency,371000,341000,277800,1,12-12-2023,07-05-2024,11-05-2024,Completed,TRUE,TRUE,FALSE,,0.92,0.81,4,-0.06
MPLADS-02937,Smt Himadri Singh,Madhya Pradesh,SHAHDOL (ST),Drinking Water Facility,Gram Panchayat,424000,436000,361800,3,12-10-2023,01-08-2024,04-09-2024,Completed,TRUE,TRUE,FALSE,,1.03,0.83,34,1.34
MPLADS-02938,Smt Himadri Singh,Madhya Pradesh,SHAHDOL (ST),Others,District PWD,251000,248000,76200,1,21-03-2024,12-03-2025,,Stalled,TRUE,TRUE,FALSE,,0.99,0.31,81,-0.58
MPLADS-02939,Smt Himadri Singh,Madhya Pradesh,SHAHDOL (ST),"Railways, Roads, Pathways & Bridges",Gram Panchayat,335000,335000,41500,0,28-12-2023,08-08-2024,,Stalled,TRUE,TRUE,FALSE,,1,0.12,297,0
MPLADS-02940,Smt Himadri Singh,Madhya Pradesh,SHAHDOL (ST),Other Public Facilities,Zila Parishad,401000,376000,303100,2,14-09-2024,27-07-2025,27-07-2025,Completed,TRUE,TRUE,FALSE,,0.94,0.81,0,0.2
MPLADS-02941,Smt Himadri Singh,Madhya Pradesh,SHAHDOL (ST),Others,Municipal Corporation,311000,295000,222300,3,02-03-2024,13-07-2024,,In Progress,TRUE,TRUE,FALSE,,0.95,0.75,323,-0.33
MPLADS-02942,Smt Poonamben Hematbhai Maadam,Gujarat,JAMNAGAR,Other Public Facilities,State Rural Dev Agency,324000,372000,313200,3,07-10-2024,04-08-2025,14-08-2025,Completed,TRUE,TRUE,FALSE,,1.15,0.84,10,1.64
MPLADS-02943,Smt Poonamben Hematbhai Maadam,Gujarat,JAMNAGAR,Education,Cooperative Society,223000,215000,156400,3,13-05-2023,11-10-2023,,In Progress,TRUE,TRUE,FALSE,,0.96,0.73,599,-0.9
MPLADS-02944,Smt Poonamben Hematbhai Maadam,Gujarat,JAMNAGAR,"Railways, Roads, Pathways & Bridges",Gram Panchayat,201000,193000,165100,2,12-05-2023,19-10-2023,07-10-2023,Completed,TRUE,TRUE,FALSE,,0.96,0.86,-12,-0.9
MPLADS-02945,Smt Poonamben Hematbhai Maadam,Gujarat,JAMNAGAR,Other Public Facilities,Zila Parishad,294000,305000,251800,1,14-01-2024,15-07-2024,20-08-2024,Completed,TRUE,TRUE,FALSE,,1.04,0.83,36,0.45
MPLADS-02946,Smt Poonamben Hematbhai Maadam,Gujarat,JAMNAGAR,"Railways, Roads, Pathways & Bridges",Municipal Corporation,212000,216000,161800,2,17-11-2023,28-03-2024,,In Progress,TRUE,TRUE,FALSE,,1.02,0.75,430,-0.72
MPLADS-02947,Smt Poonamben Hematbhai Maadam,Gujarat,JAMNAGAR,"Railways, Roads, Pathways & Bridges",Zila Parishad,324000,294000,239900,3,22-07-2024,21-03-2025,15-03-2025,Completed,TRUE,TRUE,FALSE,,0.91,0.82,-6,-0.13
MPLADS-02948,Smt Poonamben Hematbhai Maadam,Gujarat,JAMNAGAR,Other Public Facilities,Cooperative Society,275000,276000,0,0,26-11-2023,24-10-2024,,Not Started,TRUE,TRUE,FALSE,,1,0,220,-0.06
MPLADS-02949,Smt Poonamben Hematbhai Maadam,Gujarat,JAMNAGAR,Education,State Rural Dev Agency,248000,271000,172800,2,30-08-2024,07-08-2025,,In Progress,TRUE,TRUE,FALSE,,1.09,0.64,0,0.05
MPLADS-02950,Smt Raksha Nikhil Khadse,Maharashtra,RAVER,Other Public Facilities,Gram Panchayat,732000,821000,0,0,26-04-2024,13-03-2025,,Not Started,TRUE,TRUE,FALSE,,1.12,0,80,0.89
MPLADS-02951,Smt Raksha Nikhil Khadse,Maharashtra,RAVER,Sanitation & Public Health,State Rural Dev Agency,384000,347000,90700,0,01-06-2023,26-01-2024,,In Progress,TRUE,TRUE,FALSE,,0.9,0.26,492,-1.67
MPLADS-02952,Smt Raksha Nikhil Khadse,Maharashtra,RAVER,Others,Municipal Corporation,519000,578000,429000,2,30-09-2023,02-09-2024,21-09-2024,Completed,TRUE,TRUE,FALSE,,1.11,0.74,19,-0.08
MPLADS-02953,Smt Raksha Nikhil Khadse,Maharashtra,RAVER,Other Public Facilities,Zila Parishad,652000,640000,531200,2,29-12-2024,26-04-2025,27-04-2025,Completed,TRUE,TRUE,FALSE,,0.98,0.83,1,0.13
MPLADS-02954,Smt Raksha Nikhil Khadse,Maharashtra,RAVER,Other Public Facilities,Gram Panchayat,746000,799000,317400,1,17-08-2023,26-07-2024,,In Progress,TRUE,TRUE,FALSE,,1.07,0.4,310,0.8
MPLADS-02955,Smt Raksha Nikhil Khadse,Maharashtra,RAVER,Other Public Facilities,Municipal Corporation,540000,530000,118700,3,29-07-2024,12-05-2024,07-08-2025,Stalled,TRUE,TRUE,TRUE,delayed_stalled,0.98,0.22,452,-0.34
MPLADS-02956,Smt S Jothimani,Tamil Nadu,KARUR,Sanitation & Public Health,Zila Parishad,1020000,1151000,0,0,11-09-2024,07-05-2025,,Not Started,TRUE,TRUE,FALSE,,1.13,0,25,0.48
MPLADS-02957,Smt S Jothimani,Tamil Nadu,KARUR,"Railways, Roads, Pathways & Bridges",Zila Parishad,790000,868000,508300,1,03-09-2024,04-04-2025,,In Progress,TRUE,TRUE,FALSE,,1.1,0.59,58,-0.37
MPLADS-02958,Smt Sajda Ahmed,West Bengal,ULUBERIA,Drinking Water Facility,Gram Panchayat,827000,777000,0,0,20-06-2024,26-03-2025,,Not Started,TRUE,TRUE,FALSE,,0.94,0,67,0.27
MPLADS-02959,Smt Sajda Ahmed,West Bengal,ULUBERIA,Other Public Facilities,Zila Parishad,499000,567000,0,0,18-12-2024,04-09-2025,,Not Started,FALSE,TRUE,FALSE,,1.14,0,0,-0.37
MPLADS-02960,Smt Sajda Ahmed,West Bengal,ULUBERIA,"Railways, Roads, Pathways & Bridges",District PWD,754000,826000,673600,3,31-10-2023,17-05-2024,27-05-2024,Completed,TRUE,TRUE,FALSE,,1.1,0.82,10,0.53
MPLADS-02961,Smt Sajda Ahmed,West Bengal,ULUBERIA,"Railways, Roads, Pathways & Bridges",Cooperative Society,516000,550000,353200,3,13-01-2024,09-05-2024,,In Progress,TRUE,TRUE,FALSE,,1.07,0.64,388,-0.51
MPLADS-02962,Smt Sajda Ahmed,West Bengal,ULUBERIA,Other Public Facilities,District PWD,705000,779000,547000,1,27-01-2024,26-12-2024,,In Progress,TRUE,TRUE,FALSE,,1.1,0.7,157,0.46
MPLADS-02963,Smt Sandhya Ray,Madhya Pradesh,BHIND(SC),Other Public Facilities,Municipal Corporation,290000,317000,141400,1,08-10-2023,03-07-2024,,In Progress,TRUE,TRUE,FALSE,,1.09,0.45,333,-0.24
MPLADS-02964,Smt Sandhya Ray,Madhya Pradesh,BHIND(SC),"Railways, Roads, Pathways & Bridges",District PWD,348000,352000,117700,0,16-06-2023,30-10-2023,,In Progress,TRUE,FALSE,TRUE,duplicate_work,1.01,0.33,580,0.25
MPLADS-02965,Smt Sandhya Ray,Madhya Pradesh,BHIND(SC),Sanitation & Public Health,Cooperative Society,377000,394000,140200,0,01-12-2023,13-10-2024,,In Progress,TRUE,TRUE,FALSE,,1.05,0.36,231,0.75
MPLADS-02966,Smt Sandhya Ray,Madhya Pradesh,BHIND(SC),Education,Gram Panchayat,344000,368000,236700,1,20-01-2024,27-10-2024,,In Progress,TRUE,TRUE,FALSE,,1.07,0.64,217,0.4
MPLADS-02967,Smt Sangeeta Kumari Singh Deo,Odisha,BOLANGIR,Other Public Facilities,Municipal Corporation,185000,197000,180200,2,02-07-2023,20-12-2023,29-01-2024,Completed,TRUE,TRUE,FALSE,,1.06,0.91,40,-1.14
MPLADS-02968,Smt Sangeeta Kumari Singh Deo,Odisha,BOLANGIR,Other Public Facilities,District PWD,213000,192000,85700,2,28-11-2023,18-08-2024,,In Progress,TRUE,TRUE,FALSE,,0.9,0.45,287,-1.24
MPLADS-02969,Smt Sangeeta Kumari Singh Deo,Odisha,BOLANGIR,Others,Zila Parishad,203000,224000,181600,3,31-12-2024,06-07-2025,27-08-2025,Completed,TRUE,TRUE,FALSE,,1.1,0.81,52,-0.68
MPLADS-02970,Smt Sangeeta Kumari Singh Deo,Odisha,BOLANGIR,"Railways, Roads, Pathways & Bridges",Municipal Corporation,232000,228000,148800,2,15-04-2023,14-02-2024,,In Progress,TRUE,TRUE,FALSE,,0.98,0.65,473,-0.36
MPLADS-02971,Smt Sangeeta Kumari Singh Deo,Odisha,BOLANGIR,Others,Gram Panchayat,319000,321000,259600,3,01-01-2024,15-10-2024,30-11-2024,Completed,TRUE,TRUE,FALSE,,1.01,0.81,46,0.3
MPLADS-02972,Smt Sangeeta Kumari Singh Deo,Odisha,BOLANGIR,"Railways, Roads, Pathways & Bridges",Gram Panchayat,214000,210000,83100,1,15-02-2024,11-09-2024,,In Progress,TRUE,FALSE,TRUE,no_mp_recommendation,0.98,0.4,263,-0.5
MPLADS-02973,Smt Sangeeta Kumari Singh Deo,Odisha,BOLANGIR,Drinking Water Facility,Gram Panchayat,274000,251000,197200,3,12-12-2024,07-11-2025,01-01-2026,Completed,TRUE,TRUE,FALSE,,0.92,0.79,55,-0.08
MPLADS-02974,Smt Sangeeta Kumari Singh Deo,Odisha,BOLANGIR,Others,Zila Parishad,186000,562000,506500,2,12-06-2023,12-10-2023,24-10-2023,Completed,TRUE,TRUE,TRUE,cost_overrun,3.02,0.9,12,2.74
MPLADS-02975,Smt Sangeeta Kumari Singh Deo,Odisha,BOLANGIR,Other Public Facilities,Cooperative Society,225000,251000,34300,0,27-02-2023,18-11-2023,,In Progress,TRUE,TRUE,FALSE,,1.12,0.14,561,0
MPLADS-02976,Smt Sangeeta Kumari Singh Deo,Odisha,BOLANGIR,Education,Zila Parishad,304000,303000,60600,0,19-08-2023,12-04-2024,,In Progress,FALSE,TRUE,FALSE,,1,0.2,415,0.28
MPLADS-02977,Smt Sangeeta Kumari Singh Deo,Odisha,BOLANGIR,Drinking Water Facility,Cooperative Society,200000,194000,114800,1,21-05-2023,05-09-2023,,In Progress,TRUE,TRUE,FALSE,,0.97,0.59,635,-1.19
MPLADS-02978,Smt Sangeeta Kumari Singh Deo,Odisha,BOLANGIR,Education,Cooperative Society,323000,338000,267300,2,10-02-2024,12-12-2024,26-11-2024,Completed,TRUE,TRUE,FALSE,,1.05,0.79,-16,0.6
MPLADS-02979,Smt Satabdi Roy (Banerjee),West Bengal,BIRBHUM,Other Public Facilities,District PWD,750000,829000,724300,2,14-12-2024,17-11-2025,05-11-2025,Completed,TRUE,TRUE,FALSE,,1.11,0.87,-12,0.65
MPLADS-02980,Smt Satabdi Roy (Banerjee),West Bengal,BIRBHUM,Other Public Facilities,District PWD,543000,497000,431600,1,02-08-2023,18-02-2024,03-04-2024,Completed,TRUE,TRUE,FALSE,,0.92,0.87,45,-0.64
MPLADS-02981,Smt Satabdi Roy (Banerjee),West Bengal,BIRBHUM,"Railways, Roads, Pathways & Bridges",Gram Panchayat,586000,540000,0,0,18-08-2024,06-07-2025,,Not Started,TRUE,TRUE,FALSE,,0.92,0,0,-0.54
MPLADS-02982,Smt Satabdi Roy (Banerjee),West Bengal,BIRBHUM,Other Public Facilities,State Rural Dev Agency,539000,556000,450200,2,06-08-2023,24-12-2023,26-12-2023,Completed,FALSE,TRUE,FALSE,,1.03,0.81,2,-0.41
MPLADS-02983,Smt Satabdi Roy (Banerjee),West Bengal,BIRBHUM,Other Public Facilities,Zila Parishad,475000,463000,351200,3,16-10-2023,24-09-2024,08-10-2024,Completed,TRUE,TRUE,FALSE,,0.97,0.76,14,-0.77
MPLADS-02984,Smt Satabdi Roy (Banerjee),West Bengal,BIRBHUM,"Railways, Roads, Pathways & Bridges",Gram Panchayat,543000,595000,512600,3,14-09-2024,11-04-2025,08-04-2025,Completed,TRUE,TRUE,FALSE,,1.1,0.86,-3,-0.34
MPLADS-02985,Smt Satabdi Roy (Banerjee),West Bengal,BIRBHUM,Other Public Facilities,Cooperative Society,488000,473000,380200,3,03-05-2023,30-09-2023,,In Progress,TRUE,TRUE,FALSE,,0.97,0.8,610,-0.73
MPLADS-02986,Smt Satabdi Roy (Banerjee),West Bengal,BIRBHUM,Other Public Facilities,District PWD,436000,408000,208100,1,18-11-2024,18-04-2025,,In Progress,TRUE,TRUE,FALSE,,0.94,0.51,44,-0.99
MPLADS-02987,Smt Supriya Sadanand Sule,Maharashtra,BARAMATI,"Railways, Roads, Pathways & Bridges",Zila Parishad,721000,823000,0,0,01-02-2024,25-06-2024,,Not Started,TRUE,TRUE,FALSE,,1.14,0,341,1.67
MPLADS-02988,Smt Supriya Sadanand Sule,Maharashtra,BARAMATI,Other Public Facilities,Zila Parishad,588000,577000,73500,0,06-08-2024,15-03-2025,,In Progress,TRUE,TRUE,FALSE,,0.98,0.13,78,-0.14
MPLADS-02989,Smt Supriya Sadanand Sule,Maharashtra,BARAMATI,Other Public Facilities,Cooperative Society,474000,496000,0,0,30-08-2024,05-06-2025,,Not Started,TRUE,TRUE,FALSE,,1.05,0,0,-0.48
MPLADS-02990,Smt Supriya Sadanand Sule,Maharashtra,BARAMATI,Education,State Rural Dev Agency,727000,757000,417600,1,24-08-2023,20-01-2024,,In Progress,TRUE,TRUE,FALSE,,1.04,0.55,498,0.26
MPLADS-02991,Smt Supriya Sadanand Sule,Maharashtra,BARAMATI,Sanitation & Public Health,Municipal Corporation,591000,581000,498200,1,25-01-2023,15-10-2023,01-10-2023,Completed,TRUE,TRUE,FALSE,,0.98,0.86,-14,-0.12
MPLADS-02992,Smt Veena Devi,Bihar,VAISHALI,Other Public Facilities,Gram Panchayat,734000,772000,308000,1,31-07-2023,15-04-2024,,In Progress,TRUE,TRUE,FALSE,,1.05,0.4,412,0.51
MPLADS-02993,Smt Veena Devi,Bihar,VAISHALI,Others,State Rural Dev Agency,574000,599000,242400,1,05-02-2024,28-05-2024,,In Progress,TRUE,TRUE,FALSE,,1.04,0.4,369,-0.06
MPLADS-02994,Smt Veena Devi,Bihar,VAISHALI,Sanitation & Public Health,Zila Parishad,721000,652000,496100,2,03-09-2024,08-04-2025,30-05-2025,Completed,TRUE,TRUE,FALSE,,0.9,0.76,52,0.01
MPLADS-02995,Smt Veena Devi,Bihar,VAISHALI,"Railways, Roads, Pathways & Bridges",State Rural Dev Agency,597000,642000,558900,2,21-03-2023,21-10-2023,,In Progress,TRUE,TRUE,FALSE,,1.08,0.87,589,-0.1
MPLADS-02996,Smt Veena Devi,Bihar,VAISHALI,Other Public Facilities,Municipal Corporation,481000,480000,0,0,21-02-2023,18-11-2023,,Not Started,TRUE,TRUE,FALSE,,1,0,561,-0.91
MPLADS-02997,Smt Veena Devi,Bihar,VAISHALI,Other Public Facilities,District PWD,718000,711000,587600,3,31-03-2024,01-08-2024,30-07-2024,Completed,TRUE,TRUE,FALSE,,0.99,0.83,-2,0.21
MPLADS-02998,Smt Veena Devi,Bihar,VAISHALI,Other Public Facilities,Municipal Corporation,813000,747000,669500,3,12-01-2024,05-09-2024,06-10-2024,Completed,TRUE,TRUE,FALSE,,0.92,0.9,31,0.39
MPLADS-02999,Smt Veena Devi,Bihar,VAISHALI,Education,District PWD,492000,468000,429500,2,19-03-2023,20-06-2023,28-06-2023,Completed,TRUE,TRUE,FALSE,,0.95,0.92,8,-1.33
MPLADS-03000,Sribharat MathuKumli,Andhra Pradesh,VISAKHAPATNAM,Others,Zila Parishad,446000,422000,352900,2,03-05-2023,19-03-2024,30-03-2024,Completed,TRUE,TRUE,FALSE,,0.95,0.84,11,-0.39
MPLADS-03001,Sribharat MathuKumli,Andhra Pradesh,VISAKHAPATNAM,Drinking Water Facility,District PWD,544000,608000,159200,0,04-05-2023,06-01-2024,,Stalled,TRUE,TRUE,FALSE,,1.12,0.26,512,1.49
MPLADS-03002,Sribharat MathuKumli,Andhra Pradesh,VISAKHAPATNAM,Education,Gram Panchayat,568000,598000,434000,2,02-05-2024,02-03-2025,17-03-2025,Completed,TRUE,TRUE,FALSE,,1.05,0.73,15,0.59
MPLADS-03003,Sribharat MathuKumli,Andhra Pradesh,VISAKHAPATNAM,Other Public Facilities,State Rural Dev Agency,434000,443000,265800,1,16-08-2024,15-02-2025,,In Progress,TRUE,FALSE,FALSE,,1.02,0.6,106,0.09
MPLADS-03004,Sribharat MathuKumli,Andhra Pradesh,VISAKHAPATNAM,Others,Gram Panchayat,379000,703000,358000,4,06-05-2024,16-02-2025,31-03-2025,Completed,FALSE,TRUE,TRUE,no_tender_high_value,1.85,0.51,43,2.22
MPLADS-03005,Sribharat MathuKumli,Andhra Pradesh,VISAKHAPATNAM,"Railways, Roads, Pathways & Bridges",Gram Panchayat,468000,512000,450500,3,25-11-2024,08-05-2025,16-06-2025,Completed,FALSE,TRUE,FALSE,,1.09,0.88,39,0.46
MPLADS-03006,SUDAMA PRASAD,Bihar,ARRAH,"Railways, Roads, Pathways & Bridges",Cooperative Society,449000,473000,400300,3,27-02-2024,15-01-2025,28-12-2024,Completed,FALSE,TRUE,FALSE,,1.05,0.85,-18,-0.66
MPLADS-03007,SUDAMA PRASAD,Bihar,ARRAH,"Railways, Roads, Pathways & Bridges",Cooperative Society,530000,508000,107600,0,06-03-2023,21-09-2023,,Stalled,TRUE,TRUE,FALSE,,0.96,0.21,619,-0.54
MPLADS-03008,SUDAMA PRASAD,Bihar,ARRAH,Education,Zila Parishad,720000,758000,672500,2,05-05-2024,25-08-2024,25-09-2024,Completed,TRUE,TRUE,FALSE,,1.05,0.89,31,0.84
MPLADS-03009,SUDAMA PRASAD,Bihar,ARRAH,Other Public Facilities,District PWD,721000,689000,389400,1,29-08-2023,01-08-2024,,In Progress,TRUE,TRUE,FALSE,,0.96,0.57,304,0.11
MPLADS-03010,SUDAMA PRASAD,Bihar,ARRAH,Other Public Facilities,Gram Panchayat,478000,1432000,1194800,0,30-07-2024,07-04-2025,,Not Started,TRUE,TRUE,TRUE,cost_overrun,3,0.83,55,3.72
MPLADS-03011,SUDAMA PRASAD,Bihar,ARRAH,Drinking Water Facility,District PWD,573000,607000,179800,0,26-08-2023,05-04-2024,,In Progress,TRUE,FALSE,TRUE,no_mp_recommendation,1.06,0.3,422,-0.23
MPLADS-03012,SUDAMA PRASAD,Bihar,ARRAH,"Railways, Roads, Pathways & Bridges",Municipal Corporation,510000,578000,465300,1,04-09-2024,31-03-2025,15-03-2025,Completed,TRUE,TRUE,FALSE,,1.13,0.81,-16,-0.31
MPLADS-03013,SUDAMA PRASAD,Bihar,ARRAH,"Railways, Roads, Pathways & Bridges",Municipal Corporation,662000,1677000,1427300,1,05-11-2024,20-06-2025,,Stalled,TRUE,TRUE,TRUE,cost_overrun,2.53,0.85,0,3.32
MPLADS-03014,SUDHA R,Tamil Nadu,MAYILADUTHURAI,Drinking Water Facility,Gram Panchayat,1155000,1133000,934400,3,16-10-2024,07-10-2025,25-09-2025,Completed,TRUE,TRUE,FALSE,,0.98,0.82,-12,0.82
MPLADS-03015,SUDHA R,Tamil Nadu,MAYILADUTHURAI,Education,Gram Panchayat,650000,728000,0,0,22-12-2023,29-05-2024,,Not Started,TRUE,TRUE,FALSE,,1.12,0,368,-0.65
MPLADS-03016,SUDHA R,Tamil Nadu,MAYILADUTHURAI,"Railways, Roads, Pathways & Bridges",State Rural Dev Agency,1004000,1149000,449400,1,22-11-2024,22-03-2025,,In Progress,TRUE,TRUE,FALSE,,1.14,0.39,71,0.46
MPLADS-03017,SUDHA R,Tamil Nadu,MAYILADUTHURAI,"Railways, Roads, Pathways & Bridges",Gram Panchayat,751000,713000,0,0,17-09-2023,15-05-2024,,Not Started,TRUE,TRUE,FALSE,,0.95,0,382,-0.83
MPLADS-03018,SUDHA R,Tamil Nadu,MAYILADUTHURAI,Drinking Water Facility,District PWD,641000,667000,0,0,06-04-2024,09-02-2025,,Not Started,TRUE,TRUE,FALSE,,1.04,0,112,-1.5
MPLADS-03019,SUDHA R,Tamil Nadu,MAYILADUTHURAI,"Railways, Roads, Pathways & Bridges",State Rural Dev Agency,719000,781000,441600,2,18-12-2023,26-08-2024,,In Progress,TRUE,TRUE,FALSE,,1.09,0.57,279,-0.63
MPLADS-03020,SUDHA R,Tamil Nadu,MAYILADUTHURAI,"Railways, Roads, Pathways & Bridges",State Rural Dev Agency,806000,920000,566100,1,16-12-2023,20-05-2024,,In Progress,TRUE,TRUE,FALSE,,1.14,0.62,377,-0.22
MPLADS-03021,SUDHA R,Tamil Nadu,MAYILADUTHURAI,Drinking Water Facility,Gram Panchayat,1180000,1185000,452700,1,23-05-2023,14-04-2024,,Stalled,TRUE,TRUE,FALSE,,1,0.38,413,1.08
MPLADS-03022,SUDHA R,Tamil Nadu,MAYILADUTHURAI,Other Public Facilities,State Rural Dev Agency,1116000,1261000,0,0,25-03-2023,03-11-2023,,Not Started,TRUE,TRUE,FALSE,,1.13,0,576,0.55
MPLADS-03023,SUDHA R,Tamil Nadu,MAYILADUTHURAI,"Railways, Roads, Pathways & Bridges",State Rural Dev Agency,759000,736000,328800,2,12-02-2023,07-06-2023,,In Progress,TRUE,TRUE,FALSE,,0.97,0.45,725,-0.76
MPLADS-03024,SUDHAKAR SINGH,Bihar,BUXAR,Other Public Facilities,Municipal Corporation,458000,428000,72200,0,11-11-2024,24-03-2025,,Stalled,TRUE,TRUE,FALSE,,0.93,0.17,69,-1.16
MPLADS-03025,SUDHAKAR SINGH,Bihar,BUXAR,Other Public Facilities,State Rural Dev Agency,690000,717000,570600,3,15-05-2024,01-11-2024,30-11-2024,Completed,TRUE,TRUE,FALSE,,1.04,0.8,29,0.24
MPLADS-03026,SUDHAKAR SINGH,Bihar,BUXAR,"Railways, Roads, Pathways & Bridges",Municipal Corporation,496000,548000,290300,2,09-02-2024,06-11-2024,,In Progress,TRUE,TRUE,FALSE,,1.1,0.53,207,-0.41
MPLADS-03027,SUDHAKAR SINGH,Bihar,BUXAR,Education,Cooperative Society,582000,624000,403400,3,22-02-2024,11-12-2024,,In Progress,TRUE,TRUE,FALSE,,1.07,0.65,172,-0.16
MPLADS-03028,SUDHAKAR SINGH,Bihar,BUXAR,Education,Cooperative Society,759000,786000,668500,3,09-04-2024,25-11-2024,10-11-2024,Completed,TRUE,TRUE,FALSE,,1.04,0.85,-15,1.05
MPLADS-03029,SUDHAKAR SINGH,Bihar,BUXAR,Others,Gram Panchayat,742000,814000,0,0,01-01-2023,14-05-2023,,Not Started,TRUE,TRUE,FALSE,,1.1,0,749,1.78
MPLADS-03030,Sudip Bandyopadhyay,West Bengal,KOLKATA UTTAR,"Railways, Roads, Pathways & Bridges",Gram Panchayat,820000,740000,244000,0,28-05-2023,26-08-2023,,Stalled,TRUE,TRUE,FALSE,,0.9,0.33,645,0.21
MPLADS-03031,Sudip Bandyopadhyay,West Bengal,KOLKATA UTTAR,"Railways, Roads, Pathways & Bridges",Zila Parishad,443000,466000,447300,3,07-11-2023,11-02-2024,,Not Started,TRUE,TRUE,TRUE,ghost_project,1.05,0.96,476,-0.82
MPLADS-03032,Sudip Bandyopadhyay,West Bengal,KOLKATA UTTAR,"Railways, Roads, Pathways & Bridges",Cooperative Society,742000,697000,638600,3,25-01-2023,20-09-2023,07-09-2023,Completed,TRUE,TRUE,FALSE,,0.94,0.92,-13,0.05
MPLADS-03033,Sudip Bandyopadhyay,West Bengal,KOLKATA UTTAR,Other Public Facilities,Municipal Corporation,471000,524000,445200,2,15-03-2023,10-11-2023,02-01-2024,Completed,TRUE,TRUE,FALSE,,1.11,0.85,53,-0.54
MPLADS-03034,Sudip Bandyopadhyay,West Bengal,KOLKATA UTTAR,Other Public Facilities,Gram Panchayat,548000,593000,513300,2,08-11-2024,24-09-2025,05-11-2025,Completed,TRUE,TRUE,FALSE,,1.08,0.87,42,-0.27
MPLADS-03035,Sudip Bandyopadhyay,West Bengal,KOLKATA UTTAR,Education,Gram Panchayat,613000,627000,627000,4,19-01-2024,03-06-2024,19-06-2024,Completed,TRUE,TRUE,FALSE,,1.02,1,16,-0.33
MPLADS-03036,SUKANTA KUMAR PANIGRAHI,Odisha,KANDHAMAL,Education,District PWD,314000,354000,197100,2,12-10-2024,17-06-2025,,In Progress,FALSE,TRUE,FALSE,,1.13,0.56,0,0.74
MPLADS-03037,SUKANTA KUMAR PANIGRAHI,Odisha,KANDHAMAL,Other Public Facilities,Gram Panchayat,322000,329000,277500,3,26-05-2024,25-01-2025,07-02-2025,Completed,FALSE,TRUE,FALSE,,1.02,0.84,13,1.64
MPLADS-03038,SUKANTA KUMAR PANIGRAHI,Odisha,KANDHAMAL,Other Public Facilities,Municipal Corporation,312000,285000,0,0,05-07-2024,24-02-2025,,Not Started,TRUE,TRUE,FALSE,,0.91,0,97,0.71
MPLADS-03039,SUKANTA KUMAR PANIGRAHI,Odisha,KANDHAMAL,"Railways, Roads, Pathways & Bridges",Gram Panchayat,313000,321000,92400,0,02-12-2024,26-09-2025,,In Progress,FALSE,TRUE,FALSE,,1.03,0.29,0,0.37
MPLADS-03040,SUKANTA KUMAR PANIGRAHI,Odisha,KANDHAMAL,Education,Cooperative Society,276000,258000,109900,2,30-03-2023,25-09-2023,,In Progress,TRUE,TRUE,FALSE,,0.93,0.43,615,-0.13
MPLADS-03041,SUKANTA KUMAR PANIGRAHI,Odisha,KANDHAMAL,Other Public Facilities,Zila Parishad,325000,361000,52400,0,08-10-2024,29-08-2025,,Stalled,TRUE,TRUE,FALSE,,1.11,0.15,0,2.31
MPLADS-03042,SUKHDEO BHAGAT,Jharkhand,LOHARDAGA(ST),Others,Cooperative Society,277000,412000,103200,1,10-09-2024,27-06-2025,,Stalled,FALSE,TRUE,TRUE,no_tender_high_value,1.49,0.25,0,0.09
MPLADS-03043,SUKHDEO BHAGAT,Jharkhand,LOHARDAGA(ST),"Railways, Roads, Pathways & Bridges",Zila Parishad,489000,538000,429000,2,07-04-2024,12-09-2024,27-08-2024,Completed,TRUE,FALSE,FALSE,,1.1,0.8,-16,1.3
MPLADS-03044,SUKHDEO BHAGAT,Jharkhand,LOHARDAGA(ST),"Railways, Roads, Pathways & Bridges",Gram Panchayat,294000,318000,0,0,30-08-2024,12-03-2025,,Not Started,TRUE,TRUE,FALSE,,1.08,0,81,-1.01
MPLADS-03045,SUKHDEO BHAGAT,Jharkhand,LOHARDAGA(ST),"Railways, Roads, Pathways & Bridges",Gram Panchayat,401000,425000,42500,0,12-03-2023,06-02-2024,,In Progress,TRUE,TRUE,FALSE,,1.06,0.1,481,0.11
MPLADS-03046,SUKHJINDER SINGH RANDHAWA,Punjab,GURDASPUR,Other Public Facilities,Cooperative Society,227000,257000,140300,1,02-07-2024,17-12-2024,,In Progress,FALSE,TRUE,FALSE,,1.13,0.55,166,0.6
MPLADS-03047,SUKHJINDER SINGH RANDHAWA,Punjab,GURDASPUR,Education,Zila Parishad,193000,209000,121600,2,13-06-2024,06-03-2025,,In Progress,TRUE,TRUE,FALSE,,1.08,0.58,87,-0.38
MPLADS-03048,SUKHJINDER SINGH RANDHAWA,Punjab,GURDASPUR,Education,Zila Parishad,282000,269000,236100,3,10-02-2023,23-11-2023,15-12-2023,Completed,TRUE,TRUE,FALSE,,0.95,0.88,22,0.79
MPLADS-03049,SUKHJINDER SINGH RANDHAWA,Punjab,GURDASPUR,Drinking Water Facility,Cooperative Society,254000,288000,215800,1,20-03-2023,05-01-2024,16-02-2024,Completed,TRUE,FALSE,FALSE,,1.13,0.75,42,1.52
MPLADS-03050,SUNIL BOSE,Karnataka,CHAMARAJANAGAR(SC),"Railways, Roads, Pathways & Bridges",Zila Parishad,670000,754000,242700,1,31-10-2024,08-06-2025,,Stalled,TRUE,TRUE,FALSE,,1.13,0.32,0,0.65
MPLADS-03051,SUNIL BOSE,Karnataka,CHAMARAJANAGAR(SC),Others,Zila Parishad,461000,426000,323400,2,17-08-2023,24-03-2024,20-04-2024,Completed,TRUE,TRUE,FALSE,,0.92,0.76,27,-1.44
MPLADS-03052,SUNIL BOSE,Karnataka,CHAMARAJANAGAR(SC),"Railways, Roads, Pathways & Bridges",District PWD,830000,795000,644900,2,31-12-2024,08-12-2025,27-11-2025,Completed,TRUE,TRUE,FALSE,,0.96,0.81,-11,0.98
MPLADS-03053,SUNIL BOSE,Karnataka,CHAMARAJANAGAR(SC),"Railways, Roads, Pathways & Bridges",State Rural Dev Agency,842000,759000,602300,3,18-06-2023,09-03-2024,27-04-2024,Completed,TRUE,TRUE,FALSE,,0.9,0.79,49,0.69
MPLADS-03054,SUNIL BOSE,Karnataka,CHAMARAJANAGAR(SC),Others,District PWD,605000,631000,581000,3,25-01-2023,16-01-2024,14-03-2024,Completed,TRUE,TRUE,FALSE,,1.04,0.92,58,0.16
MPLADS-03055,Sunil Dattatray Tatkare,Maharashtra,RAIGAD,Drinking Water Facility,District PWD,470000,470000,290700,1,26-12-2024,06-07-2025,,In Progress,TRUE,TRUE,FALSE,,1,0.62,0,-0.66
MPLADS-03056,Sunil Dattatray Tatkare,Maharashtra,RAIGAD,Other Public Facilities,Gram Panchayat,751000,749000,355200,1,04-03-2024,05-12-2024,,In Progress,TRUE,TRUE,FALSE,,1,0.47,178,0.59
MPLADS-03057,Sunil Dattatray Tatkare,Maharashtra,RAIGAD,"Railways, Roads, Pathways & Bridges",Municipal Corporation,601000,688000,578100,2,10-03-2023,10-10-2023,04-12-2023,Completed,TRUE,TRUE,FALSE,,1.14,0.84,55,0.64
MPLADS-03058,Sunil Dattatray Tatkare,Maharashtra,RAIGAD,Other Public Facilities,Zila Parishad,579000,535000,463600,2,01-05-2024,29-04-2025,08-06-2025,Completed,TRUE,TRUE,FALSE,,0.92,0.87,40,-0.32
MPLADS-03059,Sunil Dattatray Tatkare,Maharashtra,RAIGAD,Other Public Facilities,Zila Parishad,415000,425000,369700,3,04-05-2023,13-04-2024,03-06-2024,Completed,TRUE,TRUE,FALSE,,1.02,0.87,51,-0.78
MPLADS-03060,Sunil Kumar,Bihar,VALMIKI NAGAR,"Railways, Roads, Pathways & Bridges",Gram Panchayat,503000,496000,129600,0,01-04-2024,25-11-2024,,In Progress,TRUE,TRUE,FALSE,,0.99,0.26,188,-0.58
MPLADS-03061,Sunil Kumar,Bihar,VALMIKI NAGAR,"Railways, Roads, Pathways & Bridges",District PWD,779000,729000,217800,1,10-03-2023,22-10-2023,,Stalled,TRUE,TRUE,FALSE,,0.94,0.3,588,0.19
MPLADS-03062,Sunil Kumar,Bihar,VALMIKI NAGAR,Education,Cooperative Society,425000,451000,394200,2,27-07-2024,16-04-2025,05-04-2025,Completed,TRUE,TRUE,FALSE,,1.06,0.87,-11,-1.46
MPLADS-03063,Sunil Kumar,Bihar,VALMIKI NAGAR,Others,District PWD,502000,510000,447200,2,19-12-2024,23-07-2025,05-09-2025,Completed,TRUE,TRUE,FALSE,,1.02,0.88,44,-0.82
MPLADS-03064,SURENDRA PRASAD YADAV,Bihar,JAHANABAD,"Railways, Roads, Pathways & Bridges",Municipal Corporation,609000,798000,424000,2,26-04-2023,11-04-2024,,In Progress,FALSE,TRUE,TRUE,no_tender_high_value,1.31,0.53,416,0.42
MPLADS-03065,SURENDRA PRASAD YADAV,Bihar,JAHANABAD,Others,Zila Parishad,643000,618000,513000,2,21-05-2023,10-10-2023,02-10-2023,Completed,TRUE,FALSE,TRUE,no_mp_recommendation,0.96,0.83,-8,0.1
MPLADS-03066,SURENDRA PRASAD YADAV,Bihar,JAHANABAD,Others,Zila Parishad,696000,759000,428900,1,13-07-2023,12-11-2023,,In Progress,TRUE,TRUE,FALSE,,1.09,0.57,567,1.31
MPLADS-03067,SURENDRA PRASAD YADAV,Bihar,JAHANABAD,"Railways, Roads, Pathways & Bridges",District PWD,789000,746000,472200,2,02-02-2024,05-09-2024,,In Progress,TRUE,TRUE,FALSE,,0.95,0.63,269,0.25
MPLADS-03068,SURENDRA PRASAD YADAV,Bihar,JAHANABAD,"Railways, Roads, Pathways & Bridges",District PWD,574000,1836000,1688900,2,30-05-2023,20-01-2024,,In Progress,TRUE,TRUE,TRUE,cost_overrun,3.2,0.92,498,3.85
MPLADS-03069,SURENDRA PRASAD YADAV,Bihar,JAHANABAD,"Railways, Roads, Pathways & Bridges",Zila Parishad,731000,836000,484200,1,04-05-2024,19-01-2025,,In Progress,TRUE,TRUE,FALSE,,1.14,0.58,133,0.54
MPLADS-03070,SURENDRA PRASAD YADAV,Bihar,JAHANABAD,"Railways, Roads, Pathways & Bridges",Zila Parishad,689000,705000,0,0,03-10-2024,04-08-2025,,Not Started,TRUE,TRUE,FALSE,,1.02,0,0,0.11
MPLADS-03071,SURESH GOPI,Kerala,THRISSUR,Others,Municipal Corporation,954000,1001000,908900,2,26-09-2023,25-03-2024,23-03-2024,Completed,TRUE,TRUE,FALSE,,1.05,0.91,-2,2.16
MPLADS-03072,SURESH GOPI,Kerala,THRISSUR,"Railways, Roads, Pathways & Bridges",Gram Panchayat,706000,646000,555800,4,09-02-2024,22-11-2024,01-12-2024,Completed,TRUE,TRUE,FALSE,,0.92,0.86,9,-0.64
MPLADS-03073,SURESH GOPI,Kerala,THRISSUR,Other Public Facilities,Zila Parishad,714000,781000,347300,2,05-04-2024,22-01-2025,,In Progress,TRUE,TRUE,FALSE,,1.09,0.44,130,-0.08
MPLADS-03074,SURESH GOPI,Kerala,THRISSUR,"Railways, Roads, Pathways & Bridges",Cooperative Society,890000,868000,614800,3,05-05-2024,18-04-2025,,In Progress,TRUE,TRUE,FALSE,,0.98,0.71,44,0.78
MPLADS-03075,SURESH GOPI,Kerala,THRISSUR,"Railways, Roads, Pathways & Bridges",District PWD,945000,871000,732300,4,12-10-2024,11-03-2025,26-03-2025,Completed,TRUE,TRUE,FALSE,,0.92,0.84,15,0.8
MPLADS-03076,SURESH GOPI,Kerala,THRISSUR,Drinking Water Facility,Cooperative Society,742000,797000,440500,1,19-03-2024,10-03-2025,,In Progress,TRUE,TRUE,FALSE,,1.07,0.55,83,-0.55
MPLADS-03077,Suresh Kumar Kashyap,Himachal Pradesh,SHIMLA (SC),Other Public Facilities,Municipal Corporation,392000,360000,0,0,30-05-2023,05-12-2023,,Not Started,FALSE,TRUE,FALSE,,0.92,0,544,-1.05
MPLADS-03078,Suresh Kumar Kashyap,Himachal Pradesh,SHIMLA (SC),Others,State Rural Dev Agency,371000,369000,184500,2,20-04-2024,19-02-2025,,In Progress,TRUE,TRUE,FALSE,,0.99,0.5,102,-0.39
MPLADS-03079,Suresh Kumar Kashyap,Himachal Pradesh,SHIMLA (SC),Other Public Facilities,State Rural Dev Agency,547000,601000,456800,2,11-09-2024,01-04-2025,16-05-2025,Completed,TRUE,TRUE,FALSE,,1.1,0.76,45,1.14
MPLADS-03080,Suresh Kumar Kashyap,Himachal Pradesh,SHIMLA (SC),"Railways, Roads, Pathways & Bridges",Cooperative Society,321000,304000,259500,4,14-05-2024,29-08-2024,19-10-2024,Completed,TRUE,TRUE,FALSE,,0.95,0.85,51,-1.44
MPLADS-03081,Suresh Kumar Kashyap,Himachal Pradesh,SHIMLA (SC),Other Public Facilities,State Rural Dev Agency,516000,488000,59600,0,27-07-2024,29-06-2025,,Stalled,TRUE,TRUE,FALSE,,0.95,0.12,0,0.12
MPLADS-03082,SURESH KUMAR SHETKAR,Telangana,ZAHIRABAD,"Railways, Roads, Pathways & Bridges",Municipal Corporation,280000,322000,65700,1,21-05-2023,17-09-2022,,Stalled,TRUE,TRUE,TRUE,delayed_stalled,1.15,0.2,988,-0.29
MPLADS-03083,SURESH KUMAR SHETKAR,Telangana,ZAHIRABAD,Other Public Facilities,Municipal Corporation,411000,410000,181200,1,29-06-2024,25-05-2025,,In Progress,TRUE,TRUE,FALSE,,1,0.44,7,0.62
MPLADS-03084,SURESH KUMAR SHETKAR,Telangana,ZAHIRABAD,Other Public Facilities,Municipal Corporation,302000,323000,0,0,05-10-2023,08-03-2024,,Not Started,TRUE,TRUE,FALSE,,1.07,0,450,-0.73
MPLADS-03085,Swami Sachchidanandhari Sakshi ji Maharaj,Uttar Pradesh,UNNAO,Others,Municipal Corporation,385000,390000,192600,1,03-09-2023,14-01-2024,,In Progress,TRUE,TRUE,FALSE,,1.01,0.49,504,0.41
MPLADS-03086,Swami Sachchidanandhari Sakshi ji Maharaj,Uttar Pradesh,UNNAO,"Railways, Roads, Pathways & Bridges",Cooperative Society,330000,331000,216400,1,14-06-2024,28-03-2025,,In Progress,TRUE,TRUE,FALSE,,1,0.65,65,-0.26
MPLADS-03087,Swami Sachchidanandhari Sakshi ji Maharaj,Uttar Pradesh,UNNAO,Education,Cooperative Society,410000,433000,357900,2,05-11-2024,28-04-2025,08-05-2025,Completed,TRUE,TRUE,FALSE,,1.06,0.83,10,0.19
MPLADS-03088,Swami Sachchidanandhari Sakshi ji Maharaj,Uttar Pradesh,UNNAO,Other Public Facilities,State Rural Dev Agency,308000,333000,265800,2,30-10-2023,05-07-2024,27-06-2024,Completed,TRUE,TRUE,FALSE,,1.08,0.8,-8,-0.31
MPLADS-03089,Swami Sachchidanandhari Sakshi ji Maharaj,Uttar Pradesh,UNNAO,Sanitation & Public Health,District PWD,348000,379000,308800,2,25-11-2023,15-04-2024,09-06-2024,Completed,TRUE,TRUE,FALSE,,1.09,0.81,55,0.64
MPLADS-03090,Swami Sachchidanandhari Sakshi ji Maharaj,Uttar Pradesh,UNNAO,"Railways, Roads, Pathways & Bridges",Municipal Corporation,389000,428000,280900,2,26-10-2023,07-05-2024,,In Progress,TRUE,TRUE,FALSE,,1.1,0.66,390,0.51
MPLADS-03091,Swami Sachchidanandhari Sakshi ji Maharaj,Uttar Pradesh,UNNAO,"Railways, Roads, Pathways & Bridges",Gram Panchayat,422000,462000,0,0,07-07-2023,06-04-2024,,Not Started,TRUE,TRUE,FALSE,,1.09,0,421,0.78
MPLADS-03092,T Sumathy (A) Thamizhachi Thangapandian,Tamil Nadu,CHENNAI SOUTH,"Railways, Roads, Pathways & Bridges",Municipal Corporation,961000,939000,599200,2,10-05-2024,12-02-2025,,In Progress,TRUE,TRUE,FALSE,,0.98,0.64,109,-0.16
MPLADS-03093,T Sumathy (A) Thamizhachi Thangapandian,Tamil Nadu,CHENNAI SOUTH,Education,Gram Panchayat,1150000,1058000,836800,2,30-05-2023,15-04-2024,31-05-2024,Completed,TRUE,TRUE,FALSE,,0.92,0.79,46,0.09
MPLADS-03094,T Sumathy (A) Thamizhachi Thangapandian,Tamil Nadu,CHENNAI SOUTH,Other Public Facilities,Municipal Corporation,1109000,1090000,207200,0,17-07-2024,26-03-2025,,Stalled,FALSE,TRUE,FALSE,,0.98,0.19,67,0.17
MPLADS-03095,T Sumathy (A) Thamizhachi Thangapandian,Tamil Nadu,CHENNAI SOUTH,Drinking Water Facility,Municipal Corporation,1210000,1137000,581300,1,21-05-2024,06-05-2025,,In Progress,TRUE,TRUE,FALSE,,0.94,0.51,26,0.84
MPLADS-03096,TANGELLA UDAY SRINIVAS,Andhra Pradesh,KAKINADA,"Railways, Roads, Pathways & Bridges",Gram Panchayat,363000,360000,124200,1,07-06-2024,27-04-2025,,In Progress,TRUE,TRUE,FALSE,,0.99,0.34,35,-0.8
MPLADS-03097,TANGELLA UDAY SRINIVAS,Andhra Pradesh,KAKINADA,Education,Gram Panchayat,496000,517000,159600,1,05-10-2024,06-04-2025,,Stalled,TRUE,TRUE,FALSE,,1.04,0.31,56,0.2
MPLADS-03098,TANGELLA UDAY SRINIVAS,Andhra Pradesh,KAKINADA,Other Public Facilities,District PWD,484000,482000,437200,4,17-11-2023,10-10-2024,03-10-2024,Completed,TRUE,TRUE,FALSE,,1,0.91,-7,0.52
MPLADS-03099,TANGELLA UDAY SRINIVAS,Andhra Pradesh,KAKINADA,Education,Municipal Corporation,324000,340000,0,0,12-02-2023,24-08-2023,,Not Started,TRUE,TRUE,FALSE,,1.05,0,647,-0.64
MPLADS-03100,TANGELLA UDAY SRINIVAS,Andhra Pradesh,KAKINADA,Education,Zila Parishad,480000,469000,0,0,11-05-2023,05-10-2023,,Not Started,TRUE,TRUE,FALSE,,0.98,0,605,-0.03
MPLADS-03101,TANGELLA UDAY SRINIVAS,Andhra Pradesh,KAKINADA,Other Public Facilities,Municipal Corporation,477000,498000,0,0,10-02-2023,06-02-2024,,Not Started,TRUE,FALSE,FALSE,,1.04,0,481,0.7
MPLADS-03102,TANUJ PUNIA,Uttar Pradesh,BARABANKI(SC),"Railways, Roads, Pathways & Bridges",Zila Parishad,353000,364000,144500,1,01-10-2024,06-06-2025,,In Progress,TRUE,TRUE,FALSE,,1.03,0.4,0,0
MPLADS-03103,TANUJ PUNIA,Uttar Pradesh,BARABANKI(SC),Sanitation & Public Health,Municipal Corporation,359000,343000,157400,1,25-09-2024,07-07-2025,,In Progress,TRUE,TRUE,FALSE,,0.96,0.46,0,-0.19
MPLADS-03104,TANUJ PUNIA,Uttar Pradesh,BARABANKI(SC),"Railways, Roads, Pathways & Bridges",Zila Parishad,323000,363000,293300,1,31-08-2023,20-04-2024,27-04-2024,Completed,TRUE,TRUE,FALSE,,1.12,0.81,7,0
MPLADS-03105,TARIQ ANWAR,Bihar,KATIHAR,Other Public Facilities,State Rural Dev Agency,433000,423000,0,0,25-06-2023,27-02-2024,,Not Started,TRUE,TRUE,FALSE,,0.98,0,460,-1.19
MPLADS-03106,TARIQ ANWAR,Bihar,KATIHAR,"Railways, Roads, Pathways & Bridges",Municipal Corporation,531000,584000,119500,0,18-01-2023,10-01-2024,,Stalled,TRUE,TRUE,FALSE,,1.1,0.2,508,-0.29
MPLADS-03107,TARIQ ANWAR,Bihar,KATIHAR,"Railways, Roads, Pathways & Bridges",Zila Parishad,432000,471000,413700,4,12-05-2024,08-01-2025,19-02-2025,Completed,TRUE,TRUE,FALSE,,1.09,0.88,42,-0.66
MPLADS-03108,Thalikkottai Rajuthevar Baalu,Tamil Nadu,SRIPERUMBUDUR,Drinking Water Facility,Municipal Corporation,981000,942000,593600,1,15-04-2024,10-11-2024,,In Progress,TRUE,TRUE,FALSE,,0.96,0.63,203,-0.13
MPLADS-03109,Thalikkottai Rajuthevar Baalu,Tamil Nadu,SRIPERUMBUDUR,Others,State Rural Dev Agency,901000,862000,654200,3,20-04-2023,30-07-2023,02-09-2023,Completed,TRUE,TRUE,FALSE,,0.96,0.76,34,0.17
MPLADS-03110,Thalikkottai Rajuthevar Baalu,Tamil Nadu,SRIPERUMBUDUR,"Railways, Roads, Pathways & Bridges",Gram Panchayat,1102000,1077000,931100,3,31-01-2024,26-01-2025,23-02-2025,Completed,TRUE,TRUE,FALSE,,0.98,0.86,28,0.25
MPLADS-03111,Thalikkottai Rajuthevar Baalu,Tamil Nadu,SRIPERUMBUDUR,"Railways, Roads, Pathways & Bridges",State Rural Dev Agency,816000,885000,694100,3,30-12-2024,26-09-2025,22-09-2025,Completed,TRUE,TRUE,FALSE,,1.08,0.78,-4,-0.32
MPLADS-03112,Thalikkottai Rajuthevar Baalu,Tamil Nadu,SRIPERUMBUDUR,Education,Cooperative Society,792000,754000,610800,3,25-01-2024,14-08-2024,10-08-2024,Completed,TRUE,TRUE,FALSE,,0.95,0.81,-4,-0.6
MPLADS-03113,Thalikkottai Rajuthevar Baalu,Tamil Nadu,SRIPERUMBUDUR,"Railways, Roads, Pathways & Bridges",District PWD,1158000,1166000,1074000,3,18-05-2024,27-11-2024,26-11-2024,Completed,TRUE,TRUE,FALSE,,1.01,0.92,-1,0.51
MPLADS-03114,Thalikkottai Rajuthevar Baalu,Tamil Nadu,SRIPERUMBUDUR,"Railways, Roads, Pathways & Bridges",Zila Parishad,1161000,1329000,990300,2,26-05-2024,20-12-2024,,In Progress,TRUE,TRUE,FALSE,,1.14,0.75,163,0.99
MPLADS-03115,THANGA TAMILSELVAN,Tamil Nadu,THENI,Other Public Facilities,Cooperative Society,1139000,1087000,882300,2,17-01-2024,05-06-2024,16-07-2024,Completed,TRUE,TRUE,FALSE,,0.95,0.81,41,0.16
MPLADS-03116,THANGA TAMILSELVAN,Tamil Nadu,THENI,Education,Municipal Corporation,1134000,3260000,3009900,3,22-01-2024,10-08-2024,01-09-2024,Completed,TRUE,TRUE,TRUE,cost_overrun,2.87,0.92,22,5.07
MPLADS-03117,THANGA TAMILSELVAN,Tamil Nadu,THENI,"Railways, Roads, Pathways & Bridges",Gram Panchayat,731000,834000,698700,1,19-02-2024,06-02-2025,01-02-2025,Completed,TRUE,TRUE,FALSE,,1.14,0.84,-5,-0.47
MPLADS-03118,THANGA TAMILSELVAN,Tamil Nadu,THENI,Other Public Facilities,State Rural Dev Agency,652000,596000,0,0,06-09-2024,17-04-2025,,Not Started,TRUE,TRUE,FALSE,,0.91,0,45,-0.95
MPLADS-03119,THANGA TAMILSELVAN,Tamil Nadu,THENI,Education,District PWD,821000,944000,400000,1,07-09-2023,30-04-2024,,In Progress,TRUE,TRUE,FALSE,,1.15,0.42,397,-0.17
MPLADS-03120,THARANIVENTHAN M S,Tamil Nadu,ARANI,Education,Gram Panchayat,913000,835000,499600,1,03-02-2024,14-06-2024,,In Progress,TRUE,FALSE,FALSE,,0.91,0.6,352,-0.41
MPLADS-03121,THARANIVENTHAN M S,Tamil Nadu,ARANI,Other Public Facilities,Zila Parishad,643000,697000,250400,1,01-04-2024,22-01-2025,,Stalled,TRUE,TRUE,FALSE,,1.08,0.36,130,-0.72
MPLADS-03122,THARANIVENTHAN M S,Tamil Nadu,ARANI,Other Public Facilities,Zila Parishad,659000,713000,606200,4,03-10-2023,07-02-2024,14-02-2024,Completed,TRUE,TRUE,FALSE,,1.08,0.85,7,-0.69
MPLADS-03123,THARANIVENTHAN M S,Tamil Nadu,ARANI,"Railways, Roads, Pathways & Bridges",Zila Parishad,894000,819000,0,0,13-08-2023,02-05-2024,,Not Started,TRUE,TRUE,FALSE,,0.92,0,395,-0.52
MPLADS-03124,THARANIVENTHAN M S,Tamil Nadu,ARANI,"Railways, Roads, Pathways & Bridges",District PWD,762000,828000,301600,1,07-02-2023,22-06-2023,,Stalled,TRUE,TRUE,FALSE,,1.09,0.36,710,-0.49
MPLADS-03125,Thiru Dayanidhi Maran,Tamil Nadu,CHENNAI CENTRAL,Others,District PWD,672000,622000,253200,1,25-12-2024,17-10-2025,,Stalled,TRUE,TRUE,FALSE,,0.93,0.41,0,-1.37
MPLADS-03126,Thiru Dayanidhi Maran,Tamil Nadu,CHENNAI CENTRAL,Drinking Water Facility,Municipal Corporation,766000,776000,621800,2,14-09-2023,11-07-2024,20-08-2024,Completed,TRUE,TRUE,FALSE,,1.01,0.8,40,-0.96
MPLADS-03127,Thirumaa Valavan Thol,Tamil Nadu,CHIDAMBARAM(SC),Other Public Facilities,Zila Parishad,832000,904000,272300,0,26-05-2023,27-02-2023,,Stalled,TRUE,TRUE,TRUE,delayed_stalled,1.09,0.3,825,-0.25
MPLADS-03128,Thirumaa Valavan Thol,Tamil Nadu,CHIDAMBARAM(SC),"Railways, Roads, Pathways & Bridges",District PWD,991000,1077000,878800,2,24-02-2024,31-07-2024,17-08-2024,Completed,TRUE,TRUE,FALSE,,1.09,0.82,17,0.25
MPLADS-03129,Thirumaa Valavan Thol,Tamil Nadu,CHIDAMBARAM(SC),Others,Cooperative Society,974000,950000,776500,3,27-09-2024,19-06-2025,18-07-2025,Completed,TRUE,TRUE,FALSE,,0.98,0.82,29,0.74
MPLADS-03130,Thirumaa Valavan Thol,Tamil Nadu,CHIDAMBARAM(SC),"Railways, Roads, Pathways & Bridges",Zila Parishad,989000,996000,819000,2,30-06-2023,03-10-2023,26-10-2023,Completed,TRUE,TRUE,FALSE,,1.01,0.82,23,0.01
MPLADS-03131,Thirumaa Valavan Thol,Tamil Nadu,CHIDAMBARAM(SC),Other Public Facilities,District PWD,964000,1054000,913500,4,30-08-2023,15-05-2024,11-06-2024,Completed,TRUE,TRUE,FALSE,,1.09,0.87,27,0.08
MPLADS-03132,TOKHAN SAHU,Chhattisgarh,BILASPUR,"Railways, Roads, Pathways & Bridges",State Rural Dev Agency,345000,361000,0,0,10-03-2023,13-08-2023,,Not Started,TRUE,TRUE,FALSE,,1.05,0,658,-0.76
MPLADS-03133,TOKHAN SAHU,Chhattisgarh,BILASPUR,Other Public Facilities,Zila Parishad,550000,541000,0,0,08-05-2023,12-01-2024,,Not Started,TRUE,TRUE,FALSE,,0.98,0,506,0.32
MPLADS-03134,TOKHAN SAHU,Chhattisgarh,BILASPUR,Others,Municipal Corporation,418000,480000,232600,2,06-06-2023,30-05-2024,,In Progress,TRUE,TRUE,FALSE,,1.15,0.48,367,-0.57
MPLADS-03135,TOKHAN SAHU,Chhattisgarh,BILASPUR,Other Public Facilities,State Rural Dev Agency,616000,648000,0,0,25-06-2023,13-02-2024,,Not Started,TRUE,FALSE,FALSE,,1.05,0,474,1.39
MPLADS-03136,TOKHAN SAHU,Chhattisgarh,BILASPUR,Education,Zila Parishad,459000,486000,415300,3,28-02-2023,09-02-2024,07-03-2024,Completed,TRUE,TRUE,FALSE,,1.06,0.85,27,0.26
MPLADS-03137,TRIVENDRA SINGH RAWAT,Uttarakhand,HARDWAR,Others,Municipal Corporation,195000,209000,0,0,05-09-2023,22-07-2024,,Not Started,TRUE,TRUE,FALSE,,1.07,0,314,-1.11
MPLADS-03138,TRIVENDRA SINGH RAWAT,Uttarakhand,HARDWAR,Other Public Facilities,Zila Parishad,317000,319000,301100,3,18-04-2024,11-08-2024,06-10-2024,Completed,TRUE,TRUE,FALSE,,1.01,0.94,56,0.17
MPLADS-03139,TRIVENDRA SINGH RAWAT,Uttarakhand,HARDWAR,"Railways, Roads, Pathways & Bridges",Gram Panchayat,363000,399000,378700,4,15-06-2023,24-10-2023,,Not Started,TRUE,TRUE,TRUE,ghost_project,1.1,0.95,586,1.47
MPLADS-03140,TRIVENDRA SINGH RAWAT,Uttarakhand,HARDWAR,Other Public Facilities,Cooperative Society,274000,288000,246000,3,20-05-2023,16-09-2023,10-10-2023,Completed,TRUE,TRUE,FALSE,,1.05,0.85,24,-0.5
MPLADS-03141,TRIVENDRA SINGH RAWAT,Uttarakhand,HARDWAR,Others,Gram Panchayat,321000,309000,69800,0,09-02-2024,08-01-2025,,In Progress,TRUE,TRUE,FALSE,,0.96,0.23,144,0.82
MPLADS-03142,TRIVENDRA SINGH RAWAT,Uttarakhand,HARDWAR,Other Public Facilities,Cooperative Society,217000,242000,60200,0,24-10-2024,05-10-2025,,Stalled,TRUE,TRUE,FALSE,,1.12,0.25,0,-1.5
MPLADS-03143,UJJWAL RAMAN SINGH,Uttar Pradesh,ALLAHABAD,"Railways, Roads, Pathways & Bridges",State Rural Dev Agency,323000,304000,0,0,19-02-2024,11-07-2024,,Not Started,TRUE,TRUE,FALSE,,0.94,0,325,-0.47
MPLADS-03144,UJJWAL RAMAN SINGH,Uttar Pradesh,ALLAHABAD,Others,Municipal Corporation,408000,400000,331500,2,26-05-2024,12-05-2025,12-06-2025,Completed,FALSE,TRUE,FALSE,,0.98,0.83,31,0.53
MPLADS-03145,UJJWAL RAMAN SINGH,Uttar Pradesh,ALLAHABAD,Drinking Water Facility,Municipal Corporation,326000,312000,290000,2,02-11-2023,16-05-2024,07-06-2024,Completed,TRUE,TRUE,FALSE,,0.96,0.93,22,-0.38
MPLADS-03146,UJJWAL RAMAN SINGH,Uttar Pradesh,ALLAHABAD,Other Public Facilities,Zila Parishad,365000,416000,357100,3,18-01-2024,31-07-2024,21-09-2024,Completed,TRUE,TRUE,FALSE,,1.14,0.86,52,0.17
MPLADS-03147,UMMEDA RAM BENIWAL,Rajasthan,BARMER,Education,State Rural Dev Agency,591000,622000,0,0,21-03-2024,23-02-2025,,Not Started,TRUE,TRUE,FALSE,,1.05,0,98,0.32
MPLADS-03148,UMMEDA RAM BENIWAL,Rajasthan,BARMER,Others,District PWD,658000,619000,263700,1,24-05-2023,13-10-2023,,In Progress,TRUE,TRUE,FALSE,,0.94,0.43,597,-0.26
MPLADS-03149,UMMEDA RAM BENIWAL,Rajasthan,BARMER,"Railways, Roads, Pathways & Bridges",Cooperative Society,592000,644000,144000,0,21-08-2023,24-03-2024,,Stalled,TRUE,TRUE,FALSE,,1.09,0.22,434,-0.17
MPLADS-03150,UMMEDA RAM BENIWAL,Rajasthan,BARMER,"Railways, Roads, Pathways & Bridges",District PWD,565000,518000,436600,2,21-04-2024,27-12-2024,24-01-2025,Completed,TRUE,TRUE,FALSE,,0.92,0.84,28,-0.56
MPLADS-03151,UMMEDA RAM BENIWAL,Rajasthan,BARMER,Education,Municipal Corporation,644000,635000,98600,0,09-09-2023,31-03-2024,,Stalled,TRUE,TRUE,FALSE,,0.99,0.16,427,0.42
MPLADS-03152,UTKARSH VERMA MADHUR,Uttar Pradesh,KHERI,Other Public Facilities,Cooperative Society,456000,1755000,1559700,1,19-01-2024,14-12-2024,25-11-2024,Completed,TRUE,TRUE,TRUE,cost_overrun,3.85,0.89,-19,7.87
MPLADS-03153,UTKARSH VERMA MADHUR,Uttar Pradesh,KHERI,Sanitation & Public Health,State Rural Dev Agency,404000,405000,347400,2,19-03-2024,18-12-2024,06-01-2025,Completed,TRUE,TRUE,FALSE,,1,0.86,19,1.24
MPLADS-03154,UTKARSH VERMA MADHUR,Uttar Pradesh,KHERI,"Railways, Roads, Pathways & Bridges",District PWD,320000,316000,272800,3,03-05-2024,25-01-2025,15-01-2025,Completed,TRUE,TRUE,FALSE,,0.99,0.86,-10,-0.38
MPLADS-03155,UTKARSH VERMA MADHUR,Uttar Pradesh,KHERI,Education,District PWD,266000,267000,217900,3,27-12-2023,29-10-2024,19-12-2024,Completed,TRUE,TRUE,FALSE,,1,0.82,51,-0.63
MPLADS-03156,UTKARSH VERMA MADHUR,Uttar Pradesh,KHERI,"Railways, Roads, Pathways & Bridges",District PWD,386000,371000,327400,3,14-04-2023,07-10-2023,03-10-2023,Completed,TRUE,TRUE,FALSE,,0.96,0.88,-4,0.06
MPLADS-03157,UTKARSH VERMA MADHUR,Uttar Pradesh,KHERI,Other Public Facilities,Gram Panchayat,286000,289000,263000,3,05-06-2024,24-02-2025,26-03-2025,Completed,TRUE,FALSE,FALSE,,1.01,0.91,30,-0.56
MPLADS-03158,UTKARSH VERMA MADHUR,Uttar Pradesh,KHERI,"Railways, Roads, Pathways & Bridges",Municipal Corporation,409000,413000,0,0,09-12-2023,08-09-2024,,Not Started,TRUE,TRUE,FALSE,,1.01,0,266,0.39
MPLADS-03159,V S Matheswaran,Tamil Nadu,NAMAKKAL,Other Public Facilities,Gram Panchayat,701000,664000,582500,3,12-01-2024,05-01-2025,11-02-2025,Completed,TRUE,TRUE,FALSE,,0.95,0.88,37,-0.8
MPLADS-03160,V S Matheswaran,Tamil Nadu,NAMAKKAL,Other Public Facilities,State Rural Dev Agency,1047000,1160000,899300,1,14-05-2024,09-10-2024,09-11-2024,Completed,TRUE,TRUE,FALSE,,1.11,0.78,31,0.32
MPLADS-03161,V S Matheswaran,Tamil Nadu,NAMAKKAL,"Railways, Roads, Pathways & Bridges",Gram Panchayat,1037000,940000,500100,1,02-08-2024,08-04-2025,,In Progress,TRUE,TRUE,FALSE,,0.91,0.53,54,-0.16
MPLADS-03162,V S Matheswaran,Tamil Nadu,NAMAKKAL,Other Public Facilities,Municipal Corporation,1168000,3204000,2628800,2,05-12-2023,10-08-2024,,In Progress,TRUE,TRUE,TRUE,cost_overrun,2.74,0.82,295,4.95
MPLADS-03163,V S Matheswaran,Tamil Nadu,NAMAKKAL,"Railways, Roads, Pathways & Bridges",Gram Panchayat,1026000,983000,915500,4,28-05-2023,17-04-2024,04-05-2024,Completed,TRUE,TRUE,TRUE,duplicate_work,0.96,0.93,17,-0.03
MPLADS-03164,V. SOMANNA,Karnataka,TUMKUR,"Railways, Roads, Pathways & Bridges",Zila Parishad,607000,569000,489200,1,10-10-2023,11-09-2024,25-10-2024,Completed,FALSE,TRUE,FALSE,,0.94,0.86,44,-0.84
MPLADS-03165,V. SOMANNA,Karnataka,TUMKUR,"Railways, Roads, Pathways & Bridges",Zila Parishad,767000,844000,714600,2,19-07-2023,02-07-2024,30-08-2024,Completed,TRUE,TRUE,FALSE,,1.1,0.85,59,1.37
MPLADS-03166,V. SOMANNA,Karnataka,TUMKUR,Other Public Facilities,District PWD,548000,2077000,1966600,2,13-03-2024,04-11-2024,,In Progress,TRUE,TRUE,TRUE,cost_overrun,3.79,0.95,209,5.54
MPLADS-03167,V. SOMANNA,Karnataka,TUMKUR,"Railways, Roads, Pathways & Bridges",District PWD,636000,662000,591200,3,09-03-2023,21-02-2024,22-02-2024,Completed,FALSE,TRUE,FALSE,,1.04,0.89,1,-0.09
MPLADS-03168,V. SOMANNA,Karnataka,TUMKUR,"Railways, Roads, Pathways & Bridges",Gram Panchayat,502000,561000,315300,1,13-08-2023,28-05-2024,,In Progress,TRUE,TRUE,FALSE,,1.12,0.56,369,-0.91
MPLADS-03169,V. SOMANNA,Karnataka,TUMKUR,Other Public Facilities,State Rural Dev Agency,611000,574000,485800,3,27-04-2023,19-12-2023,21-12-2023,Completed,TRUE,TRUE,FALSE,,0.94,0.85,2,-0.43
MPLADS-03170,V. SOMANNA,Karnataka,TUMKUR,"Railways, Roads, Pathways & Bridges",State Rural Dev Agency,591000,570000,0,0,17-01-2024,24-04-2024,,Not Started,TRUE,TRUE,FALSE,,0.96,0,403,-0.83
MPLADS-03171,V. SOMANNA,Karnataka,TUMKUR,"Railways, Roads, Pathways & Bridges",Cooperative Society,499000,549000,0,0,15-07-2024,10-02-2025,,Not Started,TRUE,TRUE,FALSE,,1.1,0,111,-1
MPLADS-03172,V. SOMANNA,Karnataka,TUMKUR,"Railways, Roads, Pathways & Bridges",State Rural Dev Agency,548000,603000,193500,0,01-12-2023,08-06-2024,,In Progress,TRUE,TRUE,FALSE,,1.1,0.32,358,-0.57
MPLADS-03173,Vaithilingam Ve,Puducherry,Puducherry,"Railways, Roads, Pathways & Bridges",Zila Parishad,2648000,2855000,1955200,2,16-06-2024,05-03-2025,,In Progress,TRUE,TRUE,FALSE,,1.08,0.68,88,0
MPLADS-03174,Vaithilingam Ve,Puducherry,Puducherry,Other Public Facilities,State Rural Dev Agency,2505000,2306000,0,0,20-08-2023,12-05-2024,,Not Started,TRUE,TRUE,FALSE,,0.92,0,385,0
MPLADS-03175,Vaithilingam Ve,Puducherry,Puducherry,Education,State Rural Dev Agency,2967000,3296000,1028200,1,04-11-2023,21-03-2024,,In Progress,TRUE,TRUE,FALSE,,1.11,0.31,437,0.71
MPLADS-03176,Vaithilingam Ve,Puducherry,Puducherry,Education,State Rural Dev Agency,2727000,3009000,0,0,04-11-2023,19-06-2024,,Not Started,TRUE,TRUE,FALSE,,1.1,0,347,-0.71
MPLADS-03177,VAMSI KRISHNA GADDAM,Telangana,PEDDAPALLE,Others,Gram Panchayat,353000,318000,0,0,17-08-2023,24-11-2023,,Not Started,TRUE,TRUE,FALSE,,0.9,0,555,0.09
MPLADS-03178,VAMSI KRISHNA GADDAM,Telangana,PEDDAPALLE,"Railways, Roads, Pathways & Bridges",Gram Panchayat,391000,374000,166100,1,06-06-2023,27-05-2024,,Stalled,TRUE,TRUE,FALSE,,0.96,0.44,370,0.39
MPLADS-03179,VAMSI KRISHNA GADDAM,Telangana,PEDDAPALLE,Others,Zila Parishad,369000,412000,370800,2,14-02-2024,01-02-2025,23-01-2025,Completed,TRUE,TRUE,FALSE,,1.12,0.9,-9,1.53
MPLADS-03180,VAMSI KRISHNA GADDAM,Telangana,PEDDAPALLE,Other Public Facilities,Municipal Corporation,413000,432000,175800,1,30-09-2024,08-04-2025,,In Progress,TRUE,TRUE,FALSE,,1.05,0.41,54,0.96
MPLADS-03181,VAMSI KRISHNA GADDAM,Telangana,PEDDAPALLE,Drinking Water Facility,Gram Panchayat,269000,275000,248000,4,28-02-2023,16-02-2024,03-04-2024,Completed,TRUE,TRUE,FALSE,,1.02,0.9,47,-0.47
MPLADS-03182,VAMSI KRISHNA GADDAM,Telangana,PEDDAPALLE,Other Public Facilities,Gram Panchayat,300000,331000,264100,1,01-02-2023,10-01-2024,05-03-2024,Completed,TRUE,TRUE,FALSE,,1.1,0.8,55,-0.61
MPLADS-03183,VAMSI KRISHNA GADDAM,Telangana,PEDDAPALLE,"Railways, Roads, Pathways & Bridges",Gram Panchayat,435000,442000,162900,1,18-05-2024,08-04-2025,,Stalled,TRUE,TRUE,FALSE,,1.02,0.37,54,1.29
MPLADS-03184,VAMSI KRISHNA GADDAM,Telangana,PEDDAPALLE,Other Public Facilities,Zila Parishad,227000,218000,190900,2,29-08-2023,25-03-2024,24-04-2024,Completed,TRUE,TRUE,FALSE,,0.96,0.88,30,-2.37
MPLADS-03185,VARUN CHAUDHRY,Haryana,AMBALA (SC),"Railways, Roads, Pathways & Bridges",District PWD,581000,617000,504600,1,04-09-2024,21-02-2025,12-03-2025,Completed,TRUE,TRUE,FALSE,,1.06,0.82,19,0.6
MPLADS-03186,VARUN CHAUDHRY,Haryana,AMBALA (SC),"Railways, Roads, Pathways & Bridges",Gram Panchayat,468000,519000,0,0,26-03-2023,02-11-2023,,Not Started,FALSE,TRUE,FALSE,,1.11,0,577,-0.22
MPLADS-03187,VARUN CHAUDHRY,Haryana,AMBALA (SC),Other Public Facilities,Zila Parishad,430000,462000,90800,0,05-04-2023,25-02-2024,,Stalled,TRUE,TRUE,FALSE,,1.07,0.2,462,-0.25
MPLADS-03188,VARUN CHAUDHRY,Haryana,AMBALA (SC),Others,Municipal Corporation,402000,368000,291500,2,22-02-2023,05-08-2023,16-08-2023,Completed,TRUE,TRUE,FALSE,,0.92,0.79,11,-1.21
MPLADS-03189,VARUN CHAUDHRY,Haryana,AMBALA (SC),Other Public Facilities,State Rural Dev Agency,624000,613000,244000,1,26-11-2024,15-10-2025,,In Progress,TRUE,TRUE,FALSE,,0.98,0.4,0,1.15
MPLADS-03190,VARUN CHAUDHRY,Haryana,AMBALA (SC),Others,District PWD,408000,439000,373300,3,31-03-2023,20-09-2023,04-09-2023,Completed,TRUE,TRUE,FALSE,,1.08,0.85,-16,-0.51
MPLADS-03191,VARUN CHAUDHRY,Haryana,AMBALA (SC),Other Public Facilities,Zila Parishad,463000,488000,429900,3,19-08-2024,22-07-2025,03-09-2025,Completed,FALSE,FALSE,TRUE,no_mp_recommendation,1.05,0.88,43,-0.01
MPLADS-03192,VARUN CHAUDHRY,Haryana,AMBALA (SC),Other Public Facilities,Municipal Corporation,491000,458000,0,0,24-06-2023,25-02-2024,,Not Started,TRUE,TRUE,FALSE,,0.93,0,462,-0.28
MPLADS-03193,Vellalath Kochukrishnan Nair Sreekandan,Kerala,PALAKKAD,Other Public Facilities,State Rural Dev Agency,785000,821000,664500,2,30-08-2024,15-01-2025,29-12-2024,Completed,TRUE,TRUE,FALSE,,1.05,0.81,-17,0.01
MPLADS-03194,Vellalath Kochukrishnan Nair Sreekandan,Kerala,PALAKKAD,Education,Zila Parishad,508000,561000,438300,3,19-10-2023,20-04-2024,12-06-2024,Completed,TRUE,TRUE,FALSE,,1.1,0.78,53,-1.51
MPLADS-03195,Vellalath Kochukrishnan Nair Sreekandan,Kerala,PALAKKAD,"Railways, Roads, Pathways & Bridges",Zila Parishad,676000,765000,0,0,20-10-2024,03-05-2025,,Not Started,TRUE,TRUE,FALSE,,1.13,0,29,0.12
MPLADS-03196,Vellalath Kochukrishnan Nair Sreekandan,Kerala,PALAKKAD,"Railways, Roads, Pathways & Bridges",Zila Parishad,717000,678000,573700,3,06-12-2024,12-07-2025,27-08-2025,Completed,TRUE,TRUE,FALSE,,0.95,0.85,46,-0.43
MPLADS-03197,Vellalath Kochukrishnan Nair Sreekandan,Kerala,PALAKKAD,"Railways, Roads, Pathways & Bridges",Municipal Corporation,556000,539000,434400,3,12-12-2024,22-08-2025,,In Progress,TRUE,TRUE,FALSE,,0.97,0.81,0,-1.33
MPLADS-03198,Vellalath Kochukrishnan Nair Sreekandan,Kerala,PALAKKAD,"Railways, Roads, Pathways & Bridges",Zila Parishad,778000,722000,427900,1,28-10-2023,05-04-2024,,In Progress,TRUE,TRUE,FALSE,,0.93,0.59,422,-0.15
MPLADS-03199,Vellalath Kochukrishnan Nair Sreekandan,Kerala,PALAKKAD,"Railways, Roads, Pathways & Bridges",Cooperative Society,774000,806000,523900,1,13-11-2023,30-03-2024,,In Progress,TRUE,TRUE,FALSE,,1.04,0.65,428,0.39
MPLADS-03200,Vellalath Kochukrishnan Nair Sreekandan,Kerala,PALAKKAD,"Railways, Roads, Pathways & Bridges",Zila Parishad,758000,868000,745100,2,08-06-2023,10-02-2024,05-04-2024,Completed,TRUE,TRUE,FALSE,,1.15,0.86,55,0.78
MPLADS-03201,Vellalath Kochukrishnan Nair Sreekandan,Kerala,PALAKKAD,Education,Municipal Corporation,718000,771000,292200,1,21-04-2023,29-10-2023,,Stalled,TRUE,TRUE,FALSE,,1.07,0.38,581,-0.22
MPLADS-03202,Vellalath Kochukrishnan Nair Sreekandan,Kerala,PALAKKAD,"Railways, Roads, Pathways & Bridges",Gram Panchayat,683000,697000,157700,0,07-12-2023,10-09-2024,,In Progress,TRUE,TRUE,FALSE,,1.02,0.23,264,-0.31
MPLADS-03203,Vijay Baghel,Chhattisgarh,DURG,Other Public Facilities,State Rural Dev Agency,555000,618000,507200,3,24-02-2024,06-08-2024,02-09-2024,Completed,TRUE,TRUE,FALSE,,1.11,0.82,27,1.09
MPLADS-03204,Vijay Baghel,Chhattisgarh,DURG,"Railways, Roads, Pathways & Bridges",Cooperative Society,521000,553000,461100,3,24-08-2024,02-07-2025,24-06-2025,Completed,TRUE,TRUE,FALSE,,1.06,0.83,-8,0.05
MPLADS-03205,Vijay Baghel,Chhattisgarh,DURG,Others,District PWD,578000,629000,563800,3,04-02-2023,03-11-2023,16-11-2023,Completed,TRUE,TRUE,FALSE,,1.09,0.9,13,1.31
MPLADS-03206,Vijay Baghel,Chhattisgarh,DURG,Other Public Facilities,Gram Panchayat,453000,421000,0,0,02-02-2023,03-10-2023,,Not Started,TRUE,TRUE,FALSE,,0.93,0,607,-0.87
MPLADS-03207,Vijay Baghel,Chhattisgarh,DURG,Education,Municipal Corporation,318000,317000,239600,2,19-04-2024,25-02-2025,,In Progress,TRUE,TRUE,FALSE,,1,0.76,96,-1.65
MPLADS-03208,Vijay Baghel,Chhattisgarh,DURG,"Railways, Roads, Pathways & Bridges",Gram Panchayat,459000,447000,399100,4,05-04-2024,12-11-2024,24-11-2024,Completed,TRUE,TRUE,FALSE,,0.97,0.89,12,-0.4
MPLADS-03209,Vijay Baghel,Chhattisgarh,DURG,"Railways, Roads, Pathways & Bridges",Cooperative Society,478000,435000,379500,3,05-11-2024,20-06-2025,11-06-2025,Completed,TRUE,TRUE,FALSE,,0.91,0.87,-9,-0.45
MPLADS-03210,Vijay Kumar Dubey,Uttar Pradesh,KUSHI NAGAR,"Railways, Roads, Pathways & Bridges",Gram Panchayat,406000,436000,385500,4,08-07-2023,21-03-2024,05-03-2024,Completed,TRUE,TRUE,FALSE,,1.07,0.88,-16,0.57
MPLADS-03211,Vijay Kumar Dubey,Uttar Pradesh,KUSHI NAGAR,Other Public Facilities,Zila Parishad,301000,300000,230800,3,06-04-2023,22-08-2023,,In Progress,TRUE,TRUE,FALSE,,1,0.77,649,-0.5
MPLADS-03212,Vijay Kumar Dubey,Uttar Pradesh,KUSHI NAGAR,Other Public Facilities,Zila Parishad,277000,260000,145000,1,03-09-2023,23-12-2023,,In Progress,TRUE,TRUE,FALSE,,0.94,0.56,526,-0.73
MPLADS-03213,Vijay Kumar Dubey,Uttar Pradesh,KUSHI NAGAR,"Railways, Roads, Pathways & Bridges",Cooperative Society,327000,353000,304100,3,04-07-2023,28-05-2024,23-05-2024,Completed,TRUE,TRUE,FALSE,,1.08,0.86,-5,-0.08
MPLADS-03214,Vijay Kumar Dubey,Uttar Pradesh,KUSHI NAGAR,Education,Gram Panchayat,458000,446000,0,0,18-12-2023,18-03-2024,,Not Started,TRUE,FALSE,FALSE,,0.97,0,440,0.25
MPLADS-03215,Vijay Kumar Dubey,Uttar Pradesh,KUSHI NAGAR,"Railways, Roads, Pathways & Bridges",Cooperative Society,241000,259000,225700,3,28-05-2024,15-03-2025,31-03-2025,Completed,TRUE,TRUE,FALSE,,1.07,0.87,16,-0.83
MPLADS-03216,Vijay Kumar Hansdak,Jharkhand,RAJMAHAL(ST),"Railways, Roads, Pathways & Bridges",State Rural Dev Agency,346000,330000,313000,3,01-06-2024,19-03-2025,05-04-2025,Completed,TRUE,TRUE,FALSE,,0.95,0.95,17,-0.89
MPLADS-03217,Vijay Kumar Hansdak,Jharkhand,RAJMAHAL(ST),Education,Cooperative Society,522000,598000,123500,0,19-09-2024,20-06-2025,,Stalled,TRUE,TRUE,FALSE,,1.15,0.21,0,1.75
MPLADS-03218,Vijay Kumar Hansdak,Jharkhand,RAJMAHAL(ST),Other Public Facilities,State Rural Dev Agency,550000,581000,335300,2,10-02-2023,11-12-2023,,In Progress,TRUE,TRUE,FALSE,,1.06,0.58,538,0.1
MPLADS-03219,Vijay Kumar Hansdak,Jharkhand,RAJMAHAL(ST),"Railways, Roads, Pathways & Bridges",Cooperative Society,374000,420000,328100,3,12-04-2024,26-07-2024,22-08-2024,Completed,TRUE,TRUE,FALSE,,1.12,0.78,27,0.06
MPLADS-03220,Vijay Kumar Hansdak,Jharkhand,RAJMAHAL(ST),Other Public Facilities,State Rural Dev Agency,442000,428000,75100,0,06-03-2023,12-10-2023,,In Progress,TRUE,TRUE,FALSE,,0.97,0.18,598,-0.38
MPLADS-03221,Vijay Kumar Hansdak,Jharkhand,RAJMAHAL(ST),Education,Gram Panchayat,305000,403000,257600,1,08-08-2024,28-01-2025,01-03-2025,Completed,FALSE,TRUE,TRUE,no_tender_high_value,1.32,0.64,32,-0.22
MPLADS-03222,Vijay Kumar Hansdak,Jharkhand,RAJMAHAL(ST),Others,Zila Parishad,416000,377000,286100,3,29-09-2023,24-05-2024,12-07-2024,Completed,TRUE,TRUE,FALSE,,0.91,0.76,49,-0.42
MPLADS-03223,VIJAYLAKSHMI DEVI,Bihar,SIWAN,Other Public Facilities,State Rural Dev Agency,677000,610000,335500,1,15-11-2024,21-05-2025,,Stalled,TRUE,TRUE,FALSE,,0.9,0.55,11,-0.28
MPLADS-03224,VIJAYLAKSHMI DEVI,Bihar,SIWAN,"Railways, Roads, Pathways & Bridges",Gram Panchayat,757000,701000,630300,2,23-08-2023,03-04-2024,03-05-2024,Completed,TRUE,TRUE,FALSE,,0.93,0.9,30,0.1
MPLADS-03225,VIJAYLAKSHMI DEVI,Bihar,SIWAN,Sanitation & Public Health,Municipal Corporation,657000,713000,617000,2,03-01-2023,06-06-2023,09-06-2023,Completed,TRUE,TRUE,FALSE,,1.09,0.87,3,0.59
MPLADS-03226,VIJAYLAKSHMI DEVI,Bihar,SIWAN,Others,State Rural Dev Agency,714000,790000,0,0,02-07-2024,24-10-2024,,Not Started,TRUE,TRUE,FALSE,,1.11,0,220,1.58
MPLADS-03227,VIJAYLAKSHMI DEVI,Bihar,SIWAN,"Railways, Roads, Pathways & Bridges",Gram Panchayat,572000,655000,0,0,17-10-2024,12-02-2025,,Not Started,TRUE,TRUE,FALSE,,1.15,0,109,-0.06
MPLADS-03228,VIJAYLAKSHMI DEVI,Bihar,SIWAN,"Railways, Roads, Pathways & Bridges",District PWD,714000,678000,577800,3,17-08-2024,20-12-2024,26-12-2024,Completed,TRUE,TRUE,FALSE,,0.95,0.85,6,0.02
MPLADS-03229,VIJAYLAKSHMI DEVI,Bihar,SIWAN,"Railways, Roads, Pathways & Bridges",Zila Parishad,513000,463000,205700,1,29-08-2023,19-08-2024,,Stalled,TRUE,TRUE,FALSE,,0.9,0.44,286,-0.69
MPLADS-03230,Vinod Chavda,Gujarat,KACHCHH(SC),"Railways, Roads, Pathways & Bridges",Municipal Corporation,193000,212000,147100,1,12-07-2024,27-04-2025,,In Progress,FALSE,TRUE,FALSE,,1.1,0.69,35,-0.75
MPLADS-03231,Vinod Chavda,Gujarat,KACHCHH(SC),"Railways, Roads, Pathways & Bridges",Cooperative Society,353000,386000,297300,2,24-10-2024,22-10-2025,22-10-2025,Completed,TRUE,TRUE,FALSE,,1.09,0.77,0,0.58
MPLADS-03232,Vinod Chavda,Gujarat,KACHCHH(SC),"Railways, Roads, Pathways & Bridges",Zila Parishad,210000,193000,163300,3,22-09-2023,28-06-2024,17-07-2024,Completed,TRUE,TRUE,FALSE,,0.92,0.85,19,-0.9
MPLADS-03233,Vinod Chavda,Gujarat,KACHCHH(SC),Others,Municipal Corporation,325000,330000,281200,2,12-03-2024,07-03-2025,23-03-2025,Completed,TRUE,TRUE,FALSE,,1.02,0.85,16,-0.02
MPLADS-03234,Vinod Chavda,Gujarat,KACHCHH(SC),Drinking Water Facility,District PWD,291000,279000,71600,1,13-11-2023,13-07-2024,,Stalled,TRUE,TRUE,FALSE,,0.96,0.26,323,-0.49
MPLADS-03235,VINOD KUMAR BIND,Uttar Pradesh,BHADOHI,"Railways, Roads, Pathways & Bridges",Zila Parishad,259000,886000,741800,0,09-06-2023,31-01-2024,,Not Started,TRUE,FALSE,TRUE,cost_overrun,3.42,0.84,487,4.13
MPLADS-03236,VINOD KUMAR BIND,Uttar Pradesh,BHADOHI,Education,Zila Parishad,453000,412000,0,0,09-03-2023,16-02-2024,,Not Started,TRUE,TRUE,FALSE,,0.91,0,471,0.09
MPLADS-03237,VINOD KUMAR BIND,Uttar Pradesh,BHADOHI,Others,State Rural Dev Agency,244000,277000,0,0,27-04-2023,19-09-2023,,Not Started,TRUE,TRUE,FALSE,,1.14,0,621,-1.03
MPLADS-03238,VINOD KUMAR BIND,Uttar Pradesh,BHADOHI,Drinking Water Facility,District PWD,319000,340000,274700,1,21-04-2024,14-04-2025,,In Progress,TRUE,TRUE,FALSE,,1.07,0.81,48,-0.21
MPLADS-03239,VINOD KUMAR BIND,Uttar Pradesh,BHADOHI,Other Public Facilities,Zila Parishad,336000,377000,0,0,31-12-2023,14-07-2024,,Not Started,TRUE,TRUE,FALSE,,1.12,0,322,-0.05
MPLADS-03240,VINOD KUMAR BIND,Uttar Pradesh,BHADOHI,"Railways, Roads, Pathways & Bridges",State Rural Dev Agency,291000,289000,104900,1,12-07-2024,01-01-2025,,Stalled,TRUE,TRUE,FALSE,,0.99,0.36,151,-0.59
MPLADS-03241,Virendra Kumar,Madhya Pradesh,TIKAMGARH(SC),"Railways, Roads, Pathways & Bridges",State Rural Dev Agency,228000,237000,125900,1,30-03-2023,13-11-2023,,Stalled,TRUE,TRUE,FALSE,,1.04,0.53,566,-1.42
MPLADS-03242,Virendra Kumar,Madhya Pradesh,TIKAMGARH(SC),Other Public Facilities,Cooperative Society,321000,316000,147500,1,07-12-2024,20-10-2025,,In Progress,TRUE,TRUE,FALSE,,0.98,0.47,0,-0.25
MPLADS-03243,Virendra Kumar,Madhya Pradesh,TIKAMGARH(SC),Education,Gram Panchayat,395000,446000,376200,3,26-12-2023,19-08-2024,17-08-2024,Completed,TRUE,TRUE,FALSE,,1.13,0.84,-2,1.44
MPLADS-03244,VIRENDRA SINGH,Uttar Pradesh,CHANDAULI,Others,Zila Parishad,347000,317000,0,0,17-04-2023,14-09-2023,,Not Started,TRUE,TRUE,FALSE,,0.91,0,626,-0.52
MPLADS-03245,VIRENDRA SINGH,Uttar Pradesh,CHANDAULI,Education,Cooperative Society,241000,271000,143200,2,14-07-2023,01-03-2024,,In Progress,TRUE,TRUE,FALSE,,1.12,0.53,457,-0.61
MPLADS-03246,VIRENDRA SINGH,Uttar Pradesh,CHANDAULI,"Railways, Roads, Pathways & Bridges",Gram Panchayat,244000,255000,253800,2,10-03-2023,07-02-2024,,Not Started,TRUE,TRUE,TRUE,ghost_project,1.05,1,480,-0.86
MPLADS-03247,VIRENDRA SINGH,Uttar Pradesh,CHANDAULI,"Railways, Roads, Pathways & Bridges",Zila Parishad,278000,296000,0,0,24-07-2024,20-02-2025,,Not Started,TRUE,TRUE,FALSE,,1.06,0,101,-0.53
MPLADS-03248,VIRENDRA SINGH,Uttar Pradesh,CHANDAULI,Education,District PWD,334000,377000,321900,3,12-02-2023,10-06-2023,12-06-2023,Completed,TRUE,TRUE,FALSE,,1.13,0.85,2,-0.09
MPLADS-03249,VISHAL,Maharashtra,SANGLI,"Railways, Roads, Pathways & Bridges",District PWD,441000,403000,149700,1,11-11-2024,30-05-2025,,Stalled,TRUE,TRUE,FALSE,,0.91,0.37,2,-1.51
MPLADS-03250,VISHAL,Maharashtra,SANGLI,Other Public Facilities,State Rural Dev Agency,562000,545000,0,0,19-11-2023,05-11-2024,,Not Started,TRUE,TRUE,FALSE,,0.97,0,208,-0.27
MPLADS-03251,VISHAL,Maharashtra,SANGLI,Others,Gram Panchayat,500000,514000,150700,0,17-06-2024,14-10-2024,,In Progress,TRUE,TRUE,FALSE,,1.03,0.29,230,-0.43
MPLADS-03252,VISHAL,Maharashtra,SANGLI,Education,State Rural Dev Agency,665000,643000,113900,0,20-07-2024,21-03-2025,,Stalled,TRUE,TRUE,FALSE,,0.97,0.18,72,-0.08
MPLADS-03253,VISHAL,Maharashtra,SANGLI,Other Public Facilities,State Rural Dev Agency,579000,556000,0,0,03-02-2023,26-06-2023,,Not Started,TRUE,TRUE,FALSE,,0.96,0,706,-0.23
MPLADS-03254,VISHAL,Maharashtra,SANGLI,"Railways, Roads, Pathways & Bridges",Municipal Corporation,690000,685000,531000,2,11-03-2024,07-03-2025,16-03-2025,Completed,TRUE,TRUE,FALSE,,0.99,0.78,9,0.62
MPLADS-03255,VISHAL,Maharashtra,SANGLI,Other Public Facilities,Gram Panchayat,749000,857000,249700,1,11-11-2024,22-08-2025,,Stalled,TRUE,TRUE,FALSE,,1.14,0.29,0,1.04
MPLADS-03256,VISHAL,Maharashtra,SANGLI,Other Public Facilities,State Rural Dev Agency,567000,598000,554900,4,06-06-2023,29-01-2024,22-02-2024,Completed,TRUE,TRUE,FALSE,,1.05,0.93,24,-0.05
MPLADS-03257,VISHAL,Maharashtra,SANGLI,Education,District PWD,461000,467000,402400,3,08-01-2024,03-06-2024,22-06-2024,Completed,TRUE,TRUE,FALSE,,1.01,0.86,19,-0.6
MPLADS-03258,VISHAL,Maharashtra,SANGLI,"Railways, Roads, Pathways & Bridges",Zila Parishad,725000,762000,743300,3,27-01-2023,05-05-2023,,Not Started,TRUE,TRUE,TRUE,ghost_project,1.05,0.98,758,1.2
MPLADS-03259,VISHAL,Maharashtra,SANGLI,Others,District PWD,412000,431000,79600,0,21-06-2024,28-05-2025,,In Progress,TRUE,TRUE,FALSE,,1.05,0.18,4,-0.9
MPLADS-03260,VISHAL,Maharashtra,SANGLI,"Railways, Roads, Pathways & Bridges",State Rural Dev Agency,669000,603000,0,0,28-09-2023,20-03-2024,,Not Started,TRUE,TRUE,FALSE,,0.9,0,438,0
MPLADS-03261,Vishnu Dayal Ram,Jharkhand,PALAMU(SC),Drinking Water Facility,Municipal Corporation,538000,560000,199100,0,06-08-2023,05-05-2024,,In Progress,TRUE,TRUE,FALSE,,1.04,0.36,392,1.13
MPLADS-03262,Vishnu Dayal Ram,Jharkhand,PALAMU(SC),"Railways, Roads, Pathways & Bridges",Cooperative Society,404000,460000,0,0,17-07-2024,22-01-2025,,Not Started,TRUE,TRUE,FALSE,,1.14,0,130,0.48
MPLADS-03263,Vishnu Dayal Ram,Jharkhand,PALAMU(SC),"Railways, Roads, Pathways & Bridges",State Rural Dev Agency,447000,469000,188700,1,16-07-2024,07-06-2025,,Stalled,TRUE,TRUE,FALSE,,1.05,0.4,0,0.58
MPLADS-03264,Vishnu Dayal Ram,Jharkhand,PALAMU(SC),Others,District PWD,425000,481000,466400,4,04-11-2024,20-08-2025,21-08-2025,Completed,TRUE,TRUE,FALSE,,1.13,0.97,1,1.08
MPLADS-03265,Vishnu Dayal Ram,Jharkhand,PALAMU(SC),Other Public Facilities,Municipal Corporation,391000,418000,99500,1,16-11-2023,03-06-2024,,Stalled,TRUE,TRUE,FALSE,,1.07,0.24,363,-0.41
MPLADS-03266,Vishnu Dayal Ram,Jharkhand,PALAMU(SC),Other Public Facilities,District PWD,339000,386000,316500,2,23-02-2023,30-05-2023,05-06-2023,Completed,TRUE,TRUE,FALSE,,1.14,0.82,6,-0.51
MPLADS-03267,Vishnu Dayal Ram,Jharkhand,PALAMU(SC),"Railways, Roads, Pathways & Bridges",Gram Panchayat,388000,410000,0,0,20-04-2023,17-03-2024,,Not Started,FALSE,TRUE,FALSE,,1.06,0,441,-0.05
MPLADS-03268,Vishnu Dayal Ram,Jharkhand,PALAMU(SC),Other Public Facilities,Zila Parishad,406000,439000,371200,2,08-07-2024,25-05-2025,11-06-2025,Completed,TRUE,TRUE,FALSE,,1.08,0.85,17,-0.35
MPLADS-03269,Vishnu Dayal Ram,Jharkhand,PALAMU(SC),Sanitation & Public Health,Cooperative Society,463000,501000,463300,4,25-03-2023,29-09-2023,24-10-2023,Completed,TRUE,TRUE,FALSE,,1.08,0.92,25,1.35
MPLADS-03270,Vishnu Dayal Ram,Jharkhand,PALAMU(SC),Others,Cooperative Society,339000,321000,113500,1,17-04-2023,18-01-2024,,In Progress,FALSE,TRUE,FALSE,,0.95,0.35,500,-1.23
MPLADS-03271,Vishnu Dutt Sharma,Madhya Pradesh,KHAJURAHO,Drinking Water Facility,State Rural Dev Agency,286000,306000,259100,1,10-05-2023,30-01-2024,09-02-2024,Completed,TRUE,TRUE,FALSE,,1.07,0.85,10,-0.38
MPLADS-03272,Vishnu Dutt Sharma,Madhya Pradesh,KHAJURAHO,"Railways, Roads, Pathways & Bridges",Municipal Corporation,349000,320000,122700,1,02-09-2023,30-12-2023,,Stalled,FALSE,TRUE,FALSE,,0.92,0.38,519,-0.21
MPLADS-03273,Vishnu Dutt Sharma,Madhya Pradesh,KHAJURAHO,Drinking Water Facility,State Rural Dev Agency,416000,473000,0,0,13-08-2024,03-02-2025,,Not Started,TRUE,TRUE,FALSE,,1.14,0,118,1.83
MPLADS-03274,Vishnu Dutt Sharma,Madhya Pradesh,KHAJURAHO,Other Public Facilities,Zila Parishad,423000,431000,382000,3,01-09-2023,30-06-2024,10-08-2024,Completed,TRUE,TRUE,FALSE,,1.02,0.89,41,0.6
MPLADS-03275,Vishnu Dutt Sharma,Madhya Pradesh,KHAJURAHO,Other Public Facilities,Gram Panchayat,270000,251000,242000,3,24-06-2024,16-01-2025,12-03-2025,Completed,TRUE,TRUE,FALSE,,0.93,0.96,55,-0.73
MPLADS-03276,Vishnu Dutt Sharma,Madhya Pradesh,KHAJURAHO,"Railways, Roads, Pathways & Bridges",District PWD,297000,320000,272200,2,15-08-2024,07-08-2025,01-08-2025,Completed,TRUE,TRUE,FALSE,,1.08,0.85,-6,-0.21
MPLADS-03277,Vishnu Dutt Sharma,Madhya Pradesh,KHAJURAHO,"Railways, Roads, Pathways & Bridges",District PWD,266000,264000,233800,4,24-12-2024,19-08-2025,18-08-2025,Completed,TRUE,TRUE,FALSE,,0.99,0.89,-1,-1.03
MPLADS-03278,VISHWESHWAR HEGDE KAGERI,Karnataka,UTTARA KANNADA,Other Public Facilities,State Rural Dev Agency,644000,627000,221200,1,20-02-2024,31-07-2024,,In Progress,TRUE,TRUE,FALSE,,0.97,0.35,305,-0.22
MPLADS-03279,VISHWESHWAR HEGDE KAGERI,Karnataka,UTTARA KANNADA,Other Public Facilities,Zila Parishad,436000,454000,0,0,08-07-2023,21-11-2023,,Not Started,TRUE,TRUE,FALSE,,1.04,0,558,-0.9
MPLADS-03280,VISHWESHWAR HEGDE KAGERI,Karnataka,UTTARA KANNADA,Other Public Facilities,District PWD,553000,559000,219800,1,16-05-2023,20-11-2023,,In Progress,TRUE,TRUE,FALSE,,1.01,0.39,559,-0.48
MPLADS-03281,VISHWESHWAR HEGDE KAGERI,Karnataka,UTTARA KANNADA,Education,District PWD,734000,708000,551900,2,15-03-2023,30-10-2023,,In Progress,TRUE,TRUE,FALSE,,0.96,0.78,580,0.18
MPLADS-03282,VISHWESHWAR HEGDE KAGERI,Karnataka,UTTARA KANNADA,Education,Cooperative Society,621000,602000,542100,2,11-08-2024,10-11-2024,08-11-2024,Completed,TRUE,TRUE,FALSE,,0.97,0.9,-2,-0.42
MPLADS-03283,VISHWESHWAR HEGDE KAGERI,Karnataka,UTTARA KANNADA,Education,Zila Parishad,438000,420000,372700,2,15-01-2023,15-11-2023,13-12-2023,Completed,TRUE,TRUE,FALSE,,0.96,0.89,28,-1.45
MPLADS-03284,VIVEK THAKUR,Bihar,NAWADA,"Railways, Roads, Pathways & Bridges",Gram Panchayat,726000,682000,0,0,25-10-2024,11-07-2025,,Not Started,TRUE,TRUE,FALSE,,0.94,0,0,0.03
MPLADS-03285,VIVEK THAKUR,Bihar,NAWADA,Drinking Water Facility,Zila Parishad,719000,795000,509400,2,23-01-2024,29-05-2024,,In Progress,TRUE,TRUE,FALSE,,1.11,0.64,368,0.32
MPLADS-03286,VIVEK THAKUR,Bihar,NAWADA,"Railways, Roads, Pathways & Bridges",Cooperative Society,470000,454000,391100,1,12-10-2024,07-02-2025,28-02-2025,Completed,TRUE,TRUE,FALSE,,0.97,0.86,21,-0.72
MPLADS-03287,VIVEK THAKUR,Bihar,NAWADA,"Railways, Roads, Pathways & Bridges",District PWD,600000,611000,515800,1,09-11-2024,12-07-2025,17-08-2025,Completed,TRUE,TRUE,FALSE,,1.02,0.84,36,-0.2
MPLADS-03288,VIVEK THAKUR,Bihar,NAWADA,Other Public Facilities,District PWD,510000,579000,472800,3,16-09-2023,26-04-2024,11-05-2024,Completed,TRUE,TRUE,FALSE,,1.14,0.82,15,-0.43
MPLADS-03289,VIVEK THAKUR,Bihar,NAWADA,Other Public Facilities,Municipal Corporation,670000,760000,380900,2,14-04-2024,06-11-2024,,In Progress,TRUE,TRUE,FALSE,,1.13,0.5,207,0.45
MPLADS-03290,VIVEK THAKUR,Bihar,NAWADA,"Railways, Roads, Pathways & Bridges",Gram Panchayat,537000,574000,522300,2,25-05-2023,20-10-2023,19-10-2023,Completed,TRUE,TRUE,FALSE,,1.07,0.91,-1,-0.32
MPLADS-03291,Y S Avinash Reddy,Andhra Pradesh,KADAPA,Other Public Facilities,Zila Parishad,382000,365000,332700,3,26-06-2024,30-01-2025,04-03-2025,Completed,TRUE,TRUE,FALSE,,0.96,0.91,33,-0.78
MPLADS-03292,Y S Avinash Reddy,Andhra Pradesh,KADAPA,Other Public Facilities,Gram Panchayat,571000,556000,459600,3,05-04-2024,28-12-2024,14-02-2025,Completed,TRUE,TRUE,FALSE,,0.97,0.83,48,1.34
MPLADS-03293,Y S Avinash Reddy,Andhra Pradesh,KADAPA,Other Public Facilities,District PWD,407000,426000,369500,3,04-10-2023,17-01-2024,15-03-2024,Completed,TRUE,FALSE,TRUE,no_mp_recommendation,1.05,0.87,58,-0.1
MPLADS-03294,Y S Avinash Reddy,Andhra Pradesh,KADAPA,"Railways, Roads, Pathways & Bridges",State Rural Dev Agency,297000,332000,157500,1,29-08-2023,14-03-2024,,In Progress,TRUE,TRUE,FALSE,,1.12,0.47,444,-1.03
MPLADS-03295,Y S Avinash Reddy,Andhra Pradesh,KADAPA,Other Public Facilities,Municipal Corporation,409000,435000,240300,1,05-06-2024,14-01-2025,,In Progress,TRUE,TRUE,FALSE,,1.06,0.55,138,0
MPLADS-03296,Y S Avinash Reddy,Andhra Pradesh,KADAPA,Education,State Rural Dev Agency,413000,1378000,1295800,3,18-06-2024,25-12-2024,04-01-2025,Completed,TRUE,TRUE,TRUE,cost_overrun,3.34,0.94,10,4.33
MPLADS-03297,YADUVEER KRISHNADATTA CHAMARAJA WADIYAR,Karnataka,MYSORE,"Railways, Roads, Pathways & Bridges",District PWD,808000,813000,362300,1,14-11-2023,09-08-2024,,In Progress,FALSE,TRUE,FALSE,,1.01,0.45,296,1.12
MPLADS-03298,YADUVEER KRISHNADATTA CHAMARAJA WADIYAR,Karnataka,MYSORE,Education,Cooperative Society,676000,644000,0,0,05-09-2023,27-03-2024,,Not Started,TRUE,TRUE,FALSE,,0.95,0,431,-0.18
MPLADS-03299,YADUVEER KRISHNADATTA CHAMARAJA WADIYAR,Karnataka,MYSORE,Other Public Facilities,Zila Parishad,802000,903000,0,0,23-07-2024,07-07-2025,,Not Started,TRUE,TRUE,FALSE,,1.13,0,0,0.88
MPLADS-03300,YADUVEER KRISHNADATTA CHAMARAJA WADIYAR,Karnataka,MYSORE,"Railways, Roads, Pathways & Bridges",District PWD,816000,762000,297600,0,04-10-2024,12-01-2025,,In Progress,TRUE,TRUE,FALSE,,0.93,0.39,140,0.71
MPLADS-03301,YADUVEER KRISHNADATTA CHAMARAJA WADIYAR,Karnataka,MYSORE,Education,Municipal Corporation,684000,684000,0,0,02-12-2023,08-03-2024,,Not Started,TRUE,TRUE,FALSE,,1,0,450,0.05
MPLADS-03302,YADUVEER KRISHNADATTA CHAMARAJA WADIYAR,Karnataka,MYSORE,Education,Cooperative Society,741000,719000,236800,1,02-01-2023,31-05-2023,,In Progress,TRUE,TRUE,FALSE,,0.97,0.33,732,0.24
MPLADS-03303,YADUVEER KRISHNADATTA CHAMARAJA WADIYAR,Karnataka,MYSORE,Drinking Water Facility,Cooperative Society,564000,560000,446200,2,11-03-2024,19-09-2024,15-11-2024,Completed,TRUE,TRUE,FALSE,,0.99,0.8,57,-0.66
MPLADS-03304,YADUVEER KRISHNADATTA CHAMARAJA WADIYAR,Karnataka,MYSORE,Other Public Facilities,Municipal Corporation,721000,650000,374600,1,16-02-2024,13-02-2025,,In Progress,TRUE,TRUE,FALSE,,0.9,0.58,108,-0.12
MPLADS-03305,Yogendra Chandoliya,Delhi,NORTH WEST DELHI(SC),Other Public Facilities,Municipal Corporation,2801000,2646000,2395800,3,09-04-2023,01-11-2023,14-11-2023,Completed,TRUE,TRUE,FALSE,,0.94,0.91,13,0.28
MPLADS-03306,Yogendra Chandoliya,Delhi,NORTH WEST DELHI(SC),Other Public Facilities,State Rural Dev Agency,1761000,1833000,0,0,16-02-2023,12-12-2023,,Not Started,TRUE,TRUE,FALSE,,1.04,0,537,-1.51
MPLADS-03307,Yogendra Chandoliya,Delhi,NORTH WEST DELHI(SC),"Railways, Roads, Pathways & Bridges",Cooperative Society,2455000,2736000,2085000,1,08-12-2023,02-06-2024,,In Progress,TRUE,TRUE,FALSE,,1.11,0.76,364,0.81
MPLADS-03308,Yogendra Chandoliya,Delhi,NORTH WEST DELHI(SC),Other Public Facilities,District PWD,2110000,1900000,1584000,1,20-03-2023,21-08-2023,09-08-2023,Completed,TRUE,TRUE,FALSE,,0.9,0.83,-12,-1.36
MPLADS-03309,Yogendra Chandoliya,Delhi,NORTH WEST DELHI(SC),Other Public Facilities,District PWD,1953000,2214000,469600,0,29-07-2023,17-03-2024,,In Progress,TRUE,TRUE,FALSE,,1.13,0.21,441,-0.67
MPLADS-03310,ZIA UR REHMAN,Uttar Pradesh,SAMBHAL,Sanitation & Public Health,Zila Parishad,381000,369000,54600,0,28-11-2024,04-10-2025,,Stalled,TRUE,TRUE,FALSE,,0.97,0.15,0,0.41
MPLADS-03311,ZIA UR REHMAN,Uttar Pradesh,SAMBHAL,Other Public Facilities,State Rural Dev Agency,328000,374000,338300,1,08-08-2023,20-01-2024,15-02-2024,Completed,TRUE,TRUE,FALSE,,1.14,0.9,26,-0.07
MPLADS-03312,ZIA UR REHMAN,Uttar Pradesh,SAMBHAL,"Railways, Roads, Pathways & Bridges",Gram Panchayat,418000,422000,340800,3,23-02-2024,24-08-2024,21-09-2024,Completed,TRUE,TRUE,FALSE,,1.01,0.81,28,0.46
MPLADS-03313,ZIA UR REHMAN,Uttar Pradesh,SAMBHAL,"Railways, Roads, Pathways & Bridges",District PWD,274000,312000,267000,2,03-08-2023,11-04-2024,22-04-2024,Completed,TRUE,TRUE,FALSE,,1.14,0.86,11,-0.41
MPLADS-03314,Mala Rajya Laxmi Shah,Uttarakhand,TEHRI GARHWAL,Other Public Facilities,District PWD,308000,322000,20000,0,03-01-2023,19-05-2023,,Stalled,TRUE,TRUE,TRUE,duplicate_work,1.05,0.06,744,0.24
MPLADS-03315,Shri Bhartruhari Mahtab,Odisha,CUTTACK,Others,State Rural Dev Agency,279000,279000,0,0,06-03-2023,09-02-2024,,Not Started,TRUE,FALSE,TRUE,duplicate_work,1,0,478,-0.12
MPLADS-03316,BAPI HALDAR,West Bengal,MATHURAPUR(SC),Education,Gram Panchayat,632000,650000,561800,3,02-02-2024,06-10-2024,08-11-2024,Completed,TRUE,TRUE,TRUE,duplicate_work,1.03,0.86,33,-0.17
MPLADS-03317,NARAYAN TATU RANE,Maharashtra,RATNAGIRI-SINDHUDURG,Drinking Water Facility,Zila Parishad,752000,744000,155300,0,06-07-2023,24-03-2024,,In Progress,TRUE,TRUE,TRUE,duplicate_work,0.99,0.21,434,0.13
MPLADS-03318,Kangana Ranaut,Himachal Pradesh,MANDI,Other Public Facilities,Municipal Corporation,368000,395000,190300,1,29-03-2024,07-11-2024,,In Progress,FALSE,TRUE,TRUE,duplicate_work,1.07,0.48,206,-0.73
MPLADS-03319,BALABHADRA MAJHI,Odisha,NABARANGPUR(ST),Other Public Facilities,Gram Panchayat,194000,216000,0,0,03-03-2024,03-08-2024,,Not Started,TRUE,TRUE,TRUE,duplicate_work,1.11,0,302,-0.74
MPLADS-03320,DR. KIRSAN NAMDEO,Maharashtra,GADCHIROLI-CHIMUR(ST),Sanitation & Public Health,District PWD,640000,706000,308900,1,21-09-2024,25-01-2025,,In Progress,TRUE,TRUE,TRUE,duplicate_work,1.1,0.44,127,0.71
MPLADS-03321,Shri Jual Oram,Odisha,SUNDARGARH (ST),"Railways, Roads, Pathways & Bridges",District PWD,207000,237000,71600,0,27-12-2023,19-06-2024,,Stalled,TRUE,TRUE,TRUE,duplicate_work,1.14,0.3,347,-0.29
MPLADS-03322,Mukesh Rajput,Uttar Pradesh,FARRUKHABAD,"Railways, Roads, Pathways & Bridges",Municipal Corporation,380000,436000,316200,2,14-01-2023,02-08-2023,19-07-2023,Completed,TRUE,TRUE,TRUE,duplicate_work,1.15,0.73,-14,0.57
MPLADS-03323,S Venkatesan,Tamil Nadu,MADURAI,Others,State Rural Dev Agency,999000,955000,887300,4,13-09-2023,25-08-2024,23-10-2024,Completed,TRUE,TRUE,TRUE,duplicate_work,0.96,0.93,59,0.77
MPLADS-03324,Smt Sandhya Ray,Madhya Pradesh,BHIND(SC),"Railways, Roads, Pathways & Bridges",District PWD,348000,368000,117700,0,16-06-2023,30-10-2023,,In Progress,TRUE,FALSE,TRUE,duplicate_work,1.06,0.32,580,0.48
MPLADS-03325,MANI. A.,Tamil Nadu,DHARAMAPURI,Sanitation & Public Health,State Rural Dev Agency,1181000,1236000,920100,3,13-11-2023,22-09-2024,,In Progress,TRUE,TRUE,TRUE,duplicate_work,1.05,0.74,252,0.91
MPLADS-03326,Rodmal Nagar,Madhya Pradesh,RAJGARH,Education,State Rural Dev Agency,312000,364000,172500,1,11-05-2024,03-11-2024,,In Progress,TRUE,TRUE,TRUE,duplicate_work,1.17,0.47,210,0.35
MPLADS-03327,Rajiv Pratap Rudy,Bihar,SARAN,Drinking Water Facility,Cooperative Society,656000,633000,254200,1,05-04-2024,01-10-2024,,Stalled,TRUE,TRUE,TRUE,duplicate_work,0.96,0.4,243,-0.15
MPLADS-03328,CN Annadurai,Tamil Nadu,TIRUVANNAMALAI,Other Public Facilities,Cooperative Society,954000,979000,782700,2,07-06-2023,14-04-2024,14-04-2024,Completed,FALSE,TRUE,TRUE,duplicate_work,1.03,0.8,0,-0.08
MPLADS-03329,KALI CHARAN SINGH,Jharkhand,CHATRA,Other Public Facilities,Zila Parishad,528000,546000,458700,4,24-10-2023,19-03-2024,19-04-2024,Completed,TRUE,TRUE,TRUE,duplicate_work,1.03,0.84,31,-0.01
MPLADS-03330,JAGADISH SHETTAR,Karnataka,BELGAUM,Others,Municipal Corporation,843000,833000,513100,1,10-08-2024,26-05-2025,,In Progress,TRUE,TRUE,TRUE,duplicate_work,0.99,0.62,6,1.74
MPLADS-03331,Balashowry Vallabbhaneni,Andhra Pradesh,MACHILIPATNAM,Education,Municipal Corporation,575000,569000,201300,1,20-02-2024,16-08-2024,,In Progress,TRUE,TRUE,TRUE,duplicate_work,0.99,0.35,289,0.45
MPLADS-03332,Ashok Kumar Rawat,Uttar Pradesh,MISRIKH(SC),Others,District PWD,236000,245000,174200,1,14-02-2023,20-11-2023,,In Progress,TRUE,TRUE,TRUE,duplicate_work,1.04,0.71,559,-1.44
MPLADS-03333,LAXMIKANT PAPPU NISHAD,Uttar Pradesh,SANT KABIR NAGAR,Education,Municipal Corporation,372000,354000,0,0,20-07-2024,29-06-2025,,Not Started,TRUE,TRUE,TRUE,duplicate_work,0.95,0,0,-0.2
MPLADS-03334,Shankar Lalwani,Madhya Pradesh,INDORE,"Railways, Roads, Pathways & Bridges",Zila Parishad,319000,356000,167100,1,15-01-2023,11-10-2023,,In Progress,TRUE,TRUE,TRUE,duplicate_work,1.12,0.47,599,0.31
MPLADS-03335,Bhupathiraju Srinivasa varma,Andhra Pradesh,NARASAPURAM,"Railways, Roads, Pathways & Bridges",Cooperative Society,542000,561000,471600,2,28-01-2024,11-08-2024,12-09-2024,Completed,TRUE,TRUE,TRUE,duplicate_work,1.04,0.84,32,0.87
MPLADS-03336,MANJU SHARMA,Rajasthan,JAIPUR,"Railways, Roads, Pathways & Bridges",Zila Parishad,583000,628000,531900,3,08-03-2023,06-07-2023,07-07-2023,Completed,TRUE,TRUE,TRUE,duplicate_work,1.08,0.85,1,-0.22
MPLADS-03337,SELVAGANAPATHI T M,Tamil Nadu,SALEM,Other Public Facilities,State Rural Dev Agency,1080000,1112000,909000,2,13-10-2024,08-02-2025,16-03-2025,Completed,TRUE,TRUE,TRUE,duplicate_work,1.03,0.82,36,0.22
MPLADS-03338,DR. MANSUKH MANDAVIYA,Gujarat,PORBANDAR,"Railways, Roads, Pathways & Bridges",Zila Parishad,301000,302000,257500,2,17-06-2024,30-03-2025,24-05-2025,Completed,TRUE,TRUE,TRUE,duplicate_work,1,0.85,55,-0.07
MPLADS-03339,SMITA UDAY WAGH,Maharashtra,JALGAON,Others,Gram Panchayat,438000,491000,416500,3,19-07-2024,12-04-2025,07-05-2025,Completed,TRUE,TRUE,TRUE,duplicate_work,1.12,0.85,25,-0.56
MPLADS-03340,AMAR SHARADRAO KALE,Maharashtra,WARDHA,Other Public Facilities,Cooperative Society,401000,425000,0,0,06-03-2024,15-11-2024,,Not Started,TRUE,TRUE,TRUE,duplicate_work,1.06,0,198,-0.78
MPLADS-03341,ANIL YESHWANT DESAI,Maharashtra,MUMBAI SOUTH CENTRAL,"Railways, Roads, Pathways & Bridges",Cooperative Society,663000,711000,630600,3,20-04-2023,16-09-2023,04-09-2023,Completed,TRUE,TRUE,TRUE,duplicate_work,1.07,0.89,-12,0.82
MPLADS-03342,Shri B Y Raghavendra,Karnataka,SHIMOGA,Education,Gram Panchayat,711000,777000,586100,3,28-09-2024,20-05-2025,10-07-2025,Completed,TRUE,TRUE,TRUE,duplicate_work,1.09,0.75,51,0.57
MPLADS-03343,Dr Shashi Tharoor,Kerala,THIRUVANANTHAPURAM,Others,Zila Parishad,571000,552000,0,0,01-02-2023,02-09-2023,,Not Started,TRUE,TRUE,TRUE,duplicate_work,0.97,0,638,-0.89
MPLADS-03344,RAJA RAM SINGH,Bihar,KARAKAT,Other Public Facilities,Gram Panchayat,549000,594000,0,0,22-11-2023,08-04-2024,,Not Started,TRUE,TRUE,TRUE,duplicate_work,1.08,0,419,-0.35
MPLADS-03345,Asit Kumar Mal,West Bengal,BOLPUR(SC),Other Public Facilities,Municipal Corporation,754000,754000,657500,3,16-01-2024,09-10-2024,20-10-2024,Completed,TRUE,TRUE,TRUE,duplicate_work,1,0.87,11,0.36
MPLADS-03346,AMARSING TISSO,Assam,Diphu (ST),"Railways, Roads, Pathways & Bridges",Municipal Corporation,514000,520000,288800,2,06-07-2023,14-06-2024,,In Progress,TRUE,TRUE,TRUE,duplicate_work,1.01,0.56,352,0.09
MPLADS-03347,M. MALLESH BABU,Karnataka,KOLAR(SC),Other Public Facilities,Cooperative Society,773000,758000,455800,2,28-05-2023,05-02-2024,,In Progress,TRUE,TRUE,TRUE,duplicate_work,0.98,0.6,482,0.3
MPLADS-03348,DHAVAL LAXMANBHAI PATEL,Gujarat,VALSAD(ST),Other Public Facilities,State Rural Dev Agency,333000,314000,291500,3,18-05-2024,22-09-2024,14-09-2024,Completed,TRUE,TRUE,TRUE,duplicate_work,0.94,0.93,-8,0.61
MPLADS-03349,K. C VENUGOPAL,Kerala,ALAPPUZHA,Education,Cooperative Society,686000,803000,633200,2,14-12-2024,07-04-2025,30-05-2025,Completed,TRUE,TRUE,TRUE,duplicate_work,1.17,0.79,53,-0.02
MPLADS-03350,ABHIJIT GANGOPADHYAY,West Bengal,TAMLUK,"Railways, Roads, Pathways & Bridges",District PWD,823000,963000,509300,1,27-09-2023,17-06-2024,,Stalled,TRUE,TRUE,TRUE,duplicate_work,1.17,0.53,349,1.05
MPLADS-03351,Gumma Thanuja Rani,Andhra Pradesh,ARAKU(ST),Education,State Rural Dev Agency,298000,319000,110900,1,20-06-2024,17-02-2025,,In Progress,TRUE,TRUE,TRUE,duplicate_work,1.07,0.35,104,-0.75
MPLADS-03352,Janardan Mishra,Madhya Pradesh,REWA,"Railways, Roads, Pathways & Bridges",District PWD,362000,367000,0,0,09-01-2023,22-07-2023,,Not Started,FALSE,TRUE,TRUE,duplicate_work,1.01,0,680,0.47
MPLADS-03353,DAMODAR AGARWAL,Rajasthan,BHILWARA,Sanitation & Public Health,District PWD,451000,499000,446300,2,08-10-2023,14-06-2024,09-06-2024,Completed,TRUE,TRUE,TRUE,duplicate_work,1.11,0.89,-5,-0.77
MPLADS-03354,BHARTI PARDHI,Madhya Pradesh,BALAGHAT,Education,Gram Panchayat,327000,322000,255200,3,20-05-2023,22-01-2024,06-03-2024,Completed,TRUE,TRUE,TRUE,duplicate_work,0.98,0.79,44,-0.22
MPLADS-03355,V S Matheswaran,Tamil Nadu,NAMAKKAL,"Railways, Roads, Pathways & Bridges",Gram Panchayat,1026000,1006000,915500,4,28-05-2023,17-04-2024,04-05-2024,Completed,TRUE,TRUE,TRUE,duplicate_work,0.98,0.91,17,0.04
MPLADS-03356,DR. HEMANT VISHNU SAVARA,Maharashtra,PALGHAR(ST),Sanitation & Public Health,Gram Panchayat,738000,850000,430900,1,22-11-2024,09-10-2025,,In Progress,TRUE,TRUE,TRUE,duplicate_work,1.15,0.51,0,1.66
MPLADS-03357,JAGADISH CHANDRA BARMA BASUNIA,West Bengal,COOCHBEHAR(SC),Education,Gram Panchayat,634000,710000,485200,3,13-07-2024,08-03-2025,,In Progress,FALSE,TRUE,TRUE,duplicate_work,1.12,0.68,85,0.23
MPLADS-03358,GANAPATHY RAJKUMAR P,Tamil Nadu,COIMBATORE,Other Public Facilities,District PWD,780000,761000,688700,2,09-12-2023,24-09-2024,08-09-2024,Completed,TRUE,TRUE,TRUE,duplicate_work,0.98,0.9,-16,-0.58
MPLADS-03359,Shri Hibi Eden,Kerala,ERNAKULAM,"Railways, Roads, Pathways & Bridges",Gram Panchayat,489000,497000,97200,0,15-09-2023,07-08-2024,,Stalled,TRUE,TRUE,TRUE,duplicate_work,1.02,0.2,298,-1.6
MPLADS-03360,Kalaben Mohanbhai Delkar,The Dadra And Nagar Haveli And Daman And Diu,DADRA & NAGAR HAVELI (ST),Drinking Water Facility,Gram Panchayat,1311000,1310000,0,0,01-04-2024,07-01-2025,,Not Started,TRUE,TRUE,TRUE,duplicate_work,1,0,145,-0.53
MPLADS-03361,ANAND BHADAURIYA,Uttar Pradesh,DHAURAHRA,Other Public Facilities,Municipal Corporation,430000,453000,113200,0,24-08-2024,02-12-2024,,Stalled,TRUE,TRUE,TRUE,duplicate_work,1.05,0.25,181,0.38
MPLADS-03362,RAJEEV BHARDWAJ,Himachal Pradesh,KANGRA,Other Public Facilities,Zila Parishad,527000,617000,257000,1,05-12-2024,03-07-2025,,In Progress,TRUE,TRUE,TRUE,duplicate_work,1.17,0.42,0,1.29
MPLADS-03363,Ramesh Chandappa Jigajinagi,Karnataka,BIJAPUR(SC),"Railways, Roads, Pathways & Bridges",Zila Parishad,548000,572000,396900,1,25-02-2024,13-09-2024,,In Progress,TRUE,TRUE,TRUE,duplicate_work,1.04,0.69,261,-0.82
MPLADS-03364,Andimuthu Raja,Tamil Nadu,NILGIRIS(SC),"Railways, Roads, Pathways & Bridges",Cooperative Society,1123000,1186000,320400,0,17-04-2024,21-09-2024,,Stalled,TRUE,TRUE,TRUE,duplicate_work,1.06,0.27,253,0.57
